User_ID,Platform,Age_Group,Gender,Country,Device_Type,Internet_Type,Subscription_Type,Content_Type_Most_Viewed,Daily_Usage_Hours,Posts_Per_Week,Likes_Per_Day,Comments_Per_Day,Shares_Per_Day,Followers_Count,Following_Count,Engagement_Level,Account_Age_Years
1,TikTok,46-60,Male,Germany,Tablet,Mobile Data,Premium,Text,1.0,34,628,3,11,10258,2918,Low,4.8
2,LinkedIn,26-35,Male,USA,Mobile,Mobile Data,Premium,Video,2.3,35,401,59,114,51828,425,Low,7.4
3,Twitter,13-18,Female,UAE,Mobile,Mobile Data,Premium,Mixed,3.5,28,573,56,62,97694,1099,Low,6.4
4,YouTube,36-45,Female,Japan,Tablet,WiFi,Premium,Image,2.2,32,326,130,49,14794,1962,Medium,5.3
5,Snapchat,46-60,Female,Australia,Mobile,Mobile Data,Free,Text,5.3,17,205,103,88,46753,2072,Low,9.7
6,Reddit,13-18,Male,Canada,Desktop,Mobile Data,Free,Mixed,5.2,35,229,6,53,62442,2266,Medium,2.4
7,TikTok,19-25,Other,Canada,Mobile,WiFi,Free,Video,3.0,0,36,155,101,333,3739,High,6.5
8,TikTok,26-35,Male,Germany,Tablet,Mobile Data,Free,Image,0.9,28,117,131,48,13981,4589,Low,1.5
9,LinkedIn,46-60,Female,India,Desktop,Mobile Data,Premium,Mixed,5.6,28,211,135,95,33477,2642,High,2.5
10,Instagram,26-35,Male,UK,Mobile,Mobile Data,Free,Video,3.7,22,302,18,30,97120,4119,Medium,4.3
11,TikTok,26-35,Other,Canada,Mobile,WiFi,Premium,Video,2.1,0,224,47,137,17709,93,Medium,6.9
12,LinkedIn,36-45,Male,Germany,Tablet,Mobile Data,Premium,Text,0.5,28,580,59,53,74866,1501,High,7.4
13,Instagram,46-60,Female,Germany,Desktop,Mobile Data,Premium,Mixed,1.7,10,642,74,123,11865,1881,Low,9.3
14,LinkedIn,36-45,Other,India,Tablet,Mobile Data,Premium,Mixed,2.9,1,516,117,60,74165,3105,Low,2.2
15,TikTok,13-18,Male,India,Desktop,WiFi,Premium,Text,2.7,40,793,69,142,70457,3609,Low,8.7
16,Reddit,60+,Other,Brazil,Mobile,Mobile Data,Premium,Text,0.8,38,737,109,106,68808,2637,Low,2.6
17,LinkedIn,36-45,Female,UAE,Tablet,Mobile Data,Premium,Video,2.2,10,166,127,16,44667,3461,High,2.0
18,TikTok,13-18,Female,USA,Mobile,WiFi,Free,Text,2.6,40,256,138,144,60661,2948,Medium,7.2
19,Pinterest,46-60,Male,Canada,Tablet,Mobile Data,Premium,Image,0.3,40,222,132,33,47456,1801,High,5.2
20,TikTok,36-45,Other,USA,Tablet,WiFi,Free,Image,1.1,5,259,78,76,45325,676,High,3.7
21,Facebook,19-25,Female,USA,Mobile,Mobile Data,Free,Mixed,1.0,29,702,38,138,46230,3680,Low,5.8
22,Pinterest,19-25,Female,Germany,Mobile,WiFi,Premium,Image,2.7,21,144,192,28,84410,3157,High,0.6
23,YouTube,60+,Other,UK,Mobile,WiFi,Premium,Mixed,3.5,37,563,108,119,40678,1366,Medium,2.5
24,Snapchat,46-60,Female,Brazil,Mobile,Mobile Data,Premium,Video,4.9,3,751,56,63,92398,2697,High,3.1
25,Facebook,19-25,Male,Japan,Mobile,WiFi,Premium,Mixed,5.4,29,646,61,72,58129,2353,High,7.8
26,Snapchat,36-45,Other,Australia,Tablet,WiFi,Free,Text,2.8,24,295,58,106,94699,3211,High,3.0
27,Reddit,13-18,Male,Singapore,Desktop,WiFi,Free,Mixed,1.0,24,97,157,46,13695,4569,High,5.9
28,Snapchat,60+,Male,Japan,Tablet,WiFi,Free,Text,5.8,0,73,16,110,15463,3665,High,1.7
29,Instagram,26-35,Female,Japan,Mobile,Mobile Data,Free,Mixed,1.6,5,793,155,95,96783,2619,High,4.4
30,Instagram,60+,Female,Germany,Tablet,Mobile Data,Free,Text,4.5,25,140,81,58,62109,1189,High,7.6
31,Reddit,13-18,Male,India,Desktop,Mobile Data,Free,Video,1.3,10,445,141,62,87320,4673,High,8.6
32,Instagram,36-45,Other,Canada,Tablet,Mobile Data,Premium,Image,0.3,12,388,99,144,41454,788,Medium,6.3
33,TikTok,46-60,Other,Brazil,Desktop,Mobile Data,Premium,Text,4.6,7,136,147,70,52175,2124,Medium,7.0
34,LinkedIn,26-35,Male,USA,Desktop,Mobile Data,Premium,Mixed,5.9,31,444,117,88,95043,153,Medium,1.2
35,Twitter,19-25,Female,Brazil,Mobile,Mobile Data,Premium,Mixed,1.2,1,10,9,149,96860,4019,High,5.5
36,Pinterest,46-60,Female,UAE,Desktop,WiFi,Free,Image,2.7,37,790,145,98,93832,970,Medium,5.6
37,Twitter,19-25,Male,Singapore,Desktop,Mobile Data,Free,Image,5.3,15,166,119,130,99146,2406,Low,6.3
38,Pinterest,60+,Other,Germany,Desktop,Mobile Data,Free,Video,0.9,33,31,143,70,21326,1491,Medium,8.3
39,Instagram,26-35,Male,India,Tablet,Mobile Data,Free,Image,4.8,18,368,122,42,76587,125,Low,2.5
40,Pinterest,19-25,Male,UK,Mobile,WiFi,Free,Text,0.9,3,57,181,27,29204,1544,Medium,8.1
41,Facebook,46-60,Other,India,Mobile,Mobile Data,Premium,Text,4.8,20,760,115,19,81329,3923,Low,8.6
42,Reddit,36-45,Female,Germany,Tablet,WiFi,Free,Image,5.0,31,699,148,22,9204,3180,Low,6.6
43,Facebook,13-18,Female,Singapore,Mobile,WiFi,Premium,Image,4.4,22,12,153,56,32795,4480,Low,0.6
44,LinkedIn,46-60,Other,UAE,Mobile,Mobile Data,Free,Image,1.6,15,696,139,118,85346,3136,High,0.8
45,Twitter,36-45,Female,Canada,Tablet,Mobile Data,Free,Video,2.7,36,609,81,30,10260,4331,High,4.4
46,TikTok,13-18,Female,Singapore,Mobile,WiFi,Free,Video,4.7,3,587,116,46,23860,3765,High,2.2
47,Snapchat,46-60,Other,UAE,Desktop,WiFi,Free,Mixed,5.0,1,191,177,71,98814,621,High,2.9
48,Pinterest,36-45,Female,Japan,Desktop,WiFi,Premium,Text,1.2,13,574,59,8,32930,1687,High,3.2
49,TikTok,26-35,Other,India,Desktop,WiFi,Free,Image,3.8,4,0,18,105,479,2390,High,8.1
50,Snapchat,36-45,Other,India,Mobile,WiFi,Free,Mixed,5.5,36,470,54,18,73183,707,Medium,7.0
51,LinkedIn,19-25,Other,USA,Mobile,Mobile Data,Free,Image,2.2,10,709,125,110,5097,4438,High,5.0
52,YouTube,19-25,Male,Japan,Desktop,WiFi,Premium,Image,4.6,35,139,37,26,73926,4491,Medium,6.4
53,Snapchat,60+,Female,Australia,Tablet,WiFi,Free,Video,2.4,2,249,195,102,80559,3533,Medium,9.2
54,TikTok,26-35,Female,Canada,Tablet,Mobile Data,Free,Text,1.2,17,704,41,95,18571,1317,High,4.9
55,Reddit,36-45,Female,USA,Tablet,Mobile Data,Premium,Video,4.0,6,587,34,131,85571,1007,Low,5.3
56,YouTube,13-18,Male,Japan,Mobile,Mobile Data,Free,Mixed,5.9,21,777,138,93,49330,1139,Medium,4.9
57,Instagram,13-18,Other,Australia,Mobile,WiFi,Free,Video,3.8,38,543,169,126,20937,4404,Low,4.2
58,Twitter,26-35,Female,Australia,Mobile,WiFi,Free,Mixed,1.5,7,305,138,19,73305,2554,Low,7.3
59,LinkedIn,19-25,Male,Japan,Desktop,WiFi,Free,Video,2.7,20,44,125,107,51222,3311,Low,1.8
60,Pinterest,13-18,Female,Germany,Tablet,WiFi,Free,Video,1.8,9,689,52,140,36822,1478,High,7.8
61,Reddit,60+,Male,Canada,Tablet,Mobile Data,Free,Video,4.2,25,181,95,81,89781,509,Low,8.6
62,Snapchat,13-18,Male,UK,Desktop,Mobile Data,Premium,Mixed,2.3,38,535,130,8,63509,2386,Low,8.8
63,Instagram,13-18,Female,UK,Tablet,Mobile Data,Premium,Video,5.5,39,416,191,65,14434,909,Medium,9.8
64,Twitter,46-60,Female,UK,Desktop,WiFi,Premium,Mixed,4.4,5,94,70,62,31730,762,Medium,5.2
65,Instagram,46-60,Female,Brazil,Desktop,WiFi,Free,Mixed,1.5,18,207,28,42,7188,3694,Low,3.8
66,Facebook,13-18,Other,India,Tablet,Mobile Data,Premium,Mixed,1.9,4,321,36,22,76897,4590,Low,0.8
67,Reddit,13-18,Female,India,Desktop,WiFi,Free,Text,0.7,12,533,38,67,44391,4139,Medium,2.8
68,Instagram,46-60,Female,Brazil,Mobile,Mobile Data,Free,Image,1.1,25,585,160,17,67515,136,Low,3.2
69,Pinterest,26-35,Male,India,Desktop,WiFi,Free,Image,5.9,15,336,134,119,8427,519,Medium,6.5
70,YouTube,36-45,Male,UK,Mobile,WiFi,Premium,Image,1.0,11,559,150,48,41314,2552,High,9.7
71,Pinterest,46-60,Other,UAE,Desktop,WiFi,Free,Video,2.3,37,337,120,16,86357,642,Low,7.6
72,Snapchat,13-18,Male,Japan,Tablet,WiFi,Premium,Image,1.9,10,363,93,132,10857,2530,High,2.0
73,Facebook,19-25,Female,Australia,Mobile,WiFi,Free,Text,4.2,6,740,54,59,99576,402,Medium,2.8
74,Facebook,46-60,Male,India,Tablet,Mobile Data,Premium,Image,4.5,23,598,54,86,21649,521,Medium,5.9
75,TikTok,46-60,Male,Canada,Desktop,Mobile Data,Premium,Image,2.4,37,201,6,1,71561,176,Medium,2.7
76,Pinterest,36-45,Female,Canada,Desktop,WiFi,Free,Text,4.0,39,519,125,40,25350,1893,Low,5.9
77,Twitter,36-45,Female,Canada,Desktop,WiFi,Premium,Image,1.0,1,520,0,63,55244,2755,High,0.8
78,LinkedIn,36-45,Female,Brazil,Desktop,WiFi,Free,Image,5.5,26,427,139,147,5964,681,Medium,3.8
79,Twitter,46-60,Male,Japan,Mobile,WiFi,Free,Video,5.9,4,209,140,138,94114,1384,Low,3.4
80,Reddit,46-60,Female,USA,Mobile,Mobile Data,Premium,Text,4.5,11,421,22,36,23992,2066,High,7.9
81,Pinterest,60+,Female,India,Tablet,Mobile Data,Premium,Text,5.1,2,431,44,71,34081,407,High,8.1
82,Pinterest,36-45,Female,India,Mobile,Mobile Data,Free,Video,1.9,8,560,78,65,64138,1621,Low,7.1
83,Pinterest,19-25,Other,UK,Tablet,WiFi,Premium,Mixed,4.3,9,614,94,47,62869,1691,Low,6.1
84,Twitter,60+,Female,UK,Tablet,Mobile Data,Premium,Video,1.1,19,230,175,94,20584,1493,Medium,4.3
85,Reddit,19-25,Female,Japan,Desktop,Mobile Data,Free,Video,0.7,3,76,89,146,51428,290,Medium,8.0
86,TikTok,36-45,Male,USA,Tablet,Mobile Data,Free,Text,4.6,22,258,83,146,53492,2973,Low,8.7
87,YouTube,19-25,Female,Japan,Mobile,WiFi,Premium,Text,4.7,8,342,18,60,4438,3599,High,4.1
88,YouTube,19-25,Other,Germany,Mobile,WiFi,Premium,Mixed,5.9,20,152,180,45,20070,1443,High,1.9
89,Twitter,46-60,Other,Australia,Mobile,Mobile Data,Free,Mixed,0.4,35,177,50,146,94364,111,High,4.4
90,LinkedIn,36-45,Other,Brazil,Mobile,WiFi,Free,Video,4.1,3,116,22,27,80845,312,Medium,2.9
91,YouTube,26-35,Male,USA,Desktop,WiFi,Premium,Video,3.6,3,268,191,43,69204,1199,High,0.8
92,Instagram,46-60,Female,Australia,Desktop,Mobile Data,Free,Mixed,1.3,25,617,43,33,63034,1829,Low,1.8
93,Reddit,13-18,Female,Australia,Tablet,Mobile Data,Premium,Image,4.7,28,157,71,115,80468,3011,High,2.2
94,Instagram,60+,Female,Japan,Desktop,WiFi,Premium,Text,0.9,24,754,63,118,67177,1964,High,8.5
95,Instagram,26-35,Female,India,Tablet,WiFi,Free,Text,0.3,6,683,119,89,34965,853,High,4.8
96,YouTube,13-18,Male,Brazil,Tablet,Mobile Data,Premium,Text,4.5,28,21,199,116,89520,796,Medium,7.4
97,YouTube,26-35,Male,UK,Tablet,Mobile Data,Free,Mixed,0.4,16,670,24,82,95656,4461,Medium,4.5
98,Facebook,19-25,Other,Germany,Desktop,Mobile Data,Free,Text,4.6,25,662,7,77,94740,1748,Medium,0.6
99,LinkedIn,26-35,Female,USA,Desktop,WiFi,Premium,Text,2.0,35,176,46,60,90418,4013,High,6.0
100,Facebook,26-35,Other,Germany,Mobile,WiFi,Premium,Text,2.6,23,512,187,99,51622,2426,Low,3.3
101,Facebook,19-25,Other,India,Mobile,Mobile Data,Free,Video,0.8,20,144,122,57,80346,3309,High,2.0
102,Pinterest,19-25,Male,Canada,Tablet,Mobile Data,Premium,Image,2.8,39,709,77,129,14648,1886,Medium,7.1
103,Pinterest,26-35,Other,India,Desktop,WiFi,Free,Video,5.2,36,640,61,88,1327,2776,Low,1.6
104,TikTok,26-35,Other,UK,Mobile,WiFi,Free,Image,5.5,28,398,5,127,56029,3195,Medium,5.2
105,TikTok,26-35,Male,UAE,Tablet,WiFi,Premium,Video,5.5,28,88,56,119,67928,4359,High,9.8
106,Reddit,19-25,Male,Brazil,Tablet,Mobile Data,Free,Text,5.3,21,704,104,43,17583,2817,High,2.9
107,Facebook,46-60,Male,USA,Tablet,WiFi,Premium,Text,5.4,14,133,145,54,52289,425,Low,2.2
108,Snapchat,46-60,Male,Singapore,Tablet,Mobile Data,Free,Text,4.4,8,680,25,78,7952,61,Medium,7.4
109,YouTube,26-35,Female,UK,Desktop,Mobile Data,Premium,Text,0.7,13,555,2,5,14379,1701,High,10.0
110,Snapchat,36-45,Female,Germany,Desktop,WiFi,Free,Mixed,0.7,12,212,161,127,54595,2878,Medium,2.3
111,Snapchat,60+,Female,Australia,Desktop,WiFi,Premium,Image,4.5,16,344,121,35,88261,703,High,8.7
112,Pinterest,19-25,Female,UK,Desktop,WiFi,Premium,Mixed,1.1,0,10,24,128,48384,3820,High,6.1
113,TikTok,26-35,Male,Brazil,Desktop,WiFi,Premium,Text,4.9,22,227,171,109,47037,1477,High,3.0
114,Facebook,13-18,Male,India,Tablet,Mobile Data,Free,Image,5.6,3,6,70,111,39459,3715,High,4.4
115,Facebook,13-18,Other,Canada,Mobile,Mobile Data,Free,Mixed,1.0,11,161,2,92,43043,2726,Medium,4.3
116,Pinterest,13-18,Other,Australia,Mobile,WiFi,Premium,Image,2.8,7,64,96,86,82467,2741,Low,8.0
117,Reddit,46-60,Female,UAE,Desktop,Mobile Data,Free,Mixed,4.2,14,674,45,131,11250,1132,High,1.1
118,Snapchat,19-25,Male,Australia,Tablet,Mobile Data,Premium,Mixed,5.2,20,557,139,149,95327,2274,Low,8.6
119,Facebook,36-45,Female,Germany,Desktop,Mobile Data,Premium,Text,4.2,15,241,57,21,6716,1354,Low,7.5
120,Instagram,46-60,Other,Germany,Tablet,WiFi,Premium,Image,5.0,26,410,112,31,96552,4594,Medium,6.0
121,Twitter,19-25,Other,Canada,Tablet,Mobile Data,Free,Mixed,5.4,33,373,142,125,58445,2254,Low,6.8
122,TikTok,13-18,Female,Canada,Desktop,WiFi,Premium,Video,5.4,38,161,20,6,79702,3772,Medium,9.7
123,Instagram,26-35,Male,Japan,Mobile,Mobile Data,Free,Video,0.3,22,3,137,95,99527,3407,Low,5.5
124,Pinterest,26-35,Other,Canada,Desktop,WiFi,Premium,Image,5.5,14,772,6,27,39498,636,Medium,7.3
125,Instagram,13-18,Other,Japan,Tablet,Mobile Data,Free,Mixed,6.0,34,399,29,11,84506,3033,Low,7.0
126,TikTok,19-25,Male,UAE,Desktop,Mobile Data,Free,Video,5.2,26,96,120,131,74622,4409,Low,7.4
127,LinkedIn,46-60,Male,UAE,Tablet,Mobile Data,Premium,Mixed,5.7,21,87,18,70,2174,938,Low,3.1
128,Instagram,36-45,Male,Singapore,Tablet,WiFi,Premium,Video,5.2,15,209,149,103,35480,4962,Low,1.1
129,Reddit,46-60,Male,India,Desktop,Mobile Data,Premium,Image,4.7,21,432,40,84,23502,1721,Medium,5.9
130,LinkedIn,13-18,Female,Canada,Desktop,WiFi,Premium,Mixed,2.7,27,685,177,133,53988,3605,High,6.0
131,Reddit,36-45,Other,Brazil,Mobile,WiFi,Premium,Image,5.4,13,506,24,106,56679,444,Medium,7.5
132,Snapchat,46-60,Female,UK,Mobile,Mobile Data,Free,Text,4.1,16,217,25,137,91796,2330,Medium,3.5
133,Reddit,19-25,Male,Germany,Mobile,WiFi,Premium,Video,4.4,35,372,194,46,6415,1805,Low,8.4
134,TikTok,19-25,Other,Australia,Desktop,Mobile Data,Free,Text,2.8,39,732,111,78,18846,4809,Low,8.3
135,TikTok,13-18,Other,Australia,Mobile,WiFi,Free,Image,1.6,8,615,106,110,31664,2087,Low,8.4
136,Snapchat,26-35,Female,Canada,Desktop,Mobile Data,Free,Mixed,1.5,35,189,67,103,38212,3583,Medium,7.6
137,Pinterest,19-25,Female,Australia,Mobile,Mobile Data,Free,Text,1.9,1,461,94,112,40536,2135,Medium,8.5
138,Snapchat,19-25,Other,UAE,Mobile,Mobile Data,Free,Mixed,5.0,8,633,156,109,53530,3489,Medium,3.2
139,Twitter,46-60,Other,UAE,Desktop,Mobile Data,Premium,Text,0.3,0,609,51,145,27616,3021,High,0.5
140,Instagram,13-18,Other,Japan,Tablet,WiFi,Free,Mixed,2.6,12,330,156,131,63546,1414,Medium,2.7
141,Twitter,13-18,Other,Australia,Tablet,Mobile Data,Free,Mixed,1.0,19,5,133,102,44791,4649,Low,6.5
142,Facebook,13-18,Other,UAE,Mobile,WiFi,Premium,Mixed,5.4,12,16,139,123,83231,2419,Medium,6.7
143,LinkedIn,36-45,Female,Canada,Tablet,WiFi,Free,Text,1.6,29,424,18,30,3303,827,Medium,10.0
144,Snapchat,19-25,Female,USA,Desktop,WiFi,Free,Video,0.4,28,524,198,64,11739,4671,High,8.6
145,LinkedIn,13-18,Male,Canada,Tablet,WiFi,Free,Image,3.4,7,554,179,90,99424,4318,High,6.5
146,YouTube,13-18,Male,Japan,Desktop,Mobile Data,Premium,Text,0.3,3,619,119,103,95687,3579,High,0.9
147,YouTube,13-18,Male,Singapore,Desktop,Mobile Data,Free,Text,3.6,31,199,112,52,86475,2096,Low,3.9
148,Facebook,19-25,Other,USA,Mobile,Mobile Data,Premium,Image,3.5,16,383,170,97,84524,473,Low,9.8
149,Pinterest,60+,Male,Germany,Mobile,WiFi,Premium,Text,1.4,36,709,160,4,46830,3667,High,0.6
150,Pinterest,46-60,Male,Singapore,Mobile,WiFi,Free,Mixed,5.6,27,214,140,40,29142,1613,High,6.0
151,Facebook,26-35,Female,Germany,Mobile,Mobile Data,Free,Text,5.1,29,781,178,22,54681,480,Medium,4.3
152,Pinterest,13-18,Female,Canada,Mobile,WiFi,Free,Mixed,3.1,35,367,146,48,44016,979,Low,6.2
153,Twitter,13-18,Male,Germany,Tablet,Mobile Data,Premium,Mixed,2.5,10,515,181,141,69071,1449,High,10.0
154,Pinterest,46-60,Other,Singapore,Desktop,WiFi,Premium,Image,4.6,23,750,163,91,79386,1762,Medium,2.5
155,Pinterest,26-35,Other,UK,Desktop,Mobile Data,Premium,Mixed,4.2,40,460,183,117,79549,1802,Medium,0.7
156,Snapchat,36-45,Female,Japan,Tablet,Mobile Data,Premium,Text,4.5,27,259,103,30,8345,3699,High,5.5
157,Twitter,46-60,Other,Japan,Desktop,Mobile Data,Premium,Image,0.5,2,140,176,74,91348,2587,Medium,5.0
158,Twitter,46-60,Female,UK,Tablet,WiFi,Free,Mixed,4.2,21,109,45,107,91341,4346,High,5.2
159,Pinterest,60+,Male,Germany,Tablet,Mobile Data,Free,Video,5.9,0,370,148,149,19008,2211,Medium,6.8
160,Pinterest,60+,Male,Singapore,Mobile,Mobile Data,Free,Text,3.1,29,302,133,31,61232,965,Low,4.1
161,Instagram,36-45,Other,India,Desktop,WiFi,Premium,Mixed,1.2,20,751,23,129,11645,4754,Low,6.0
162,Instagram,19-25,Female,Singapore,Tablet,Mobile Data,Free,Mixed,0.4,38,800,146,17,4501,4544,High,1.1
163,Pinterest,60+,Female,Japan,Mobile,WiFi,Premium,Text,0.2,35,690,188,109,56394,2013,Medium,2.5
164,YouTube,13-18,Other,Brazil,Mobile,WiFi,Free,Video,3.6,30,578,188,39,22403,1857,Medium,0.6
165,Pinterest,19-25,Other,Brazil,Mobile,Mobile Data,Free,Video,0.6,4,284,76,137,7576,3376,Low,0.9
166,TikTok,13-18,Other,India,Desktop,Mobile Data,Free,Video,0.6,15,563,188,103,62028,121,Low,5.4
167,Snapchat,60+,Male,Brazil,Tablet,WiFi,Premium,Video,2.1,4,92,83,44,69447,2436,High,7.3
168,YouTube,36-45,Male,Singapore,Tablet,WiFi,Free,Video,1.1,31,42,122,127,5816,858,High,4.4
169,Snapchat,36-45,Male,Germany,Tablet,Mobile Data,Premium,Video,4.4,23,389,189,38,26162,1521,High,2.3
170,LinkedIn,36-45,Female,India,Mobile,Mobile Data,Free,Video,0.8,18,45,167,26,29440,70,Medium,9.5
171,TikTok,19-25,Female,USA,Desktop,Mobile Data,Free,Video,3.9,7,162,71,70,55197,2873,Low,5.4
172,YouTube,13-18,Other,Germany,Desktop,Mobile Data,Premium,Video,1.4,0,412,89,50,93859,4913,Medium,9.9
173,YouTube,60+,Other,USA,Tablet,Mobile Data,Premium,Video,2.4,0,613,18,45,21661,400,High,2.6
174,Facebook,13-18,Male,Brazil,Mobile,WiFi,Free,Image,5.7,39,53,124,62,71190,454,Medium,1.8
175,LinkedIn,19-25,Female,Canada,Mobile,Mobile Data,Premium,Text,3.4,8,463,168,83,34061,587,Medium,3.6
176,Twitter,13-18,Male,UK,Tablet,WiFi,Free,Text,4.2,3,189,110,94,72628,2613,Medium,4.1
177,Facebook,19-25,Male,UAE,Mobile,Mobile Data,Free,Mixed,4.9,13,558,109,93,28674,573,High,9.4
178,YouTube,60+,Male,Brazil,Tablet,WiFi,Free,Video,5.6,29,312,101,77,20102,4120,Low,9.1
179,YouTube,60+,Male,Canada,Mobile,WiFi,Free,Mixed,3.0,37,460,183,9,62884,3849,Low,7.6
180,Facebook,13-18,Other,UAE,Desktop,Mobile Data,Premium,Video,0.7,39,581,24,28,66613,1337,Low,6.8
181,Snapchat,36-45,Other,Canada,Mobile,Mobile Data,Free,Text,0.8,26,602,42,32,60036,1810,Medium,9.5
182,Twitter,26-35,Other,Brazil,Tablet,WiFi,Free,Text,0.6,17,600,65,102,31180,260,High,9.1
183,LinkedIn,26-35,Male,UAE,Mobile,Mobile Data,Premium,Video,0.8,9,121,192,82,58433,2108,Low,8.4
184,Twitter,36-45,Female,USA,Tablet,WiFi,Premium,Text,3.1,1,763,1,116,38680,3487,High,9.4
185,Twitter,60+,Female,UK,Tablet,WiFi,Premium,Text,0.2,7,500,112,69,47784,528,Medium,1.0
186,Instagram,36-45,Female,UAE,Mobile,WiFi,Premium,Image,2.4,35,262,32,123,74164,2228,Medium,9.2
187,Instagram,60+,Other,UAE,Tablet,Mobile Data,Free,Video,4.6,37,5,11,103,26664,4153,High,3.7
188,Twitter,13-18,Female,USA,Mobile,WiFi,Premium,Text,2.9,1,335,11,128,53378,3797,High,3.3
189,Pinterest,46-60,Female,Germany,Tablet,Mobile Data,Premium,Video,0.7,6,87,24,43,87907,1698,Medium,2.0
190,Facebook,60+,Other,Brazil,Mobile,WiFi,Premium,Mixed,0.8,1,545,82,142,64767,2533,High,8.5
191,Reddit,60+,Other,Australia,Tablet,Mobile Data,Free,Text,3.0,18,661,188,41,59720,3513,Medium,9.8
192,YouTube,26-35,Other,India,Tablet,Mobile Data,Premium,Image,1.3,39,761,110,84,44810,2208,Low,6.5
193,TikTok,26-35,Other,Brazil,Desktop,WiFi,Premium,Mixed,1.4,4,123,18,47,42084,1473,Medium,5.4
194,Snapchat,19-25,Other,Singapore,Tablet,WiFi,Free,Video,3.1,2,749,69,11,37270,2071,Medium,8.8
195,Facebook,60+,Male,Australia,Desktop,WiFi,Free,Image,4.4,35,701,102,4,89496,3333,Medium,8.3
196,Facebook,19-25,Female,Germany,Desktop,WiFi,Free,Video,5.2,37,228,33,146,40022,1527,Medium,8.7
197,Instagram,26-35,Female,Brazil,Mobile,WiFi,Premium,Video,4.0,3,526,128,28,17324,3751,Low,1.9
198,Twitter,19-25,Male,UAE,Tablet,WiFi,Premium,Mixed,4.0,7,772,63,38,49276,3230,High,2.6
199,LinkedIn,19-25,Female,India,Mobile,Mobile Data,Premium,Text,2.4,39,575,38,142,58439,614,Medium,4.3
200,LinkedIn,46-60,Female,India,Desktop,WiFi,Premium,Text,0.4,37,576,184,36,27670,497,High,3.0
201,Snapchat,13-18,Male,India,Mobile,Mobile Data,Premium,Text,1.1,18,585,38,19,57742,4144,Medium,9.3
202,Facebook,26-35,Female,Germany,Tablet,Mobile Data,Free,Video,0.7,13,482,13,23,97861,2464,Medium,7.0
203,Facebook,46-60,Other,Germany,Desktop,Mobile Data,Premium,Text,3.4,37,262,117,6,66265,2596,Medium,6.6
204,Facebook,46-60,Male,USA,Mobile,Mobile Data,Free,Text,2.8,31,231,95,92,53055,2236,High,9.3
205,Snapchat,46-60,Other,India,Desktop,WiFi,Premium,Video,5.9,27,211,78,7,87927,4577,High,1.9
206,Reddit,13-18,Other,Canada,Mobile,WiFi,Free,Mixed,5.8,5,728,179,90,81076,1348,Medium,1.6
207,Reddit,46-60,Male,USA,Desktop,WiFi,Free,Mixed,0.4,20,483,25,106,19002,1147,Medium,1.9
208,Pinterest,46-60,Other,Canada,Tablet,Mobile Data,Free,Video,4.2,6,792,7,113,26475,4981,Low,5.7
209,YouTube,26-35,Other,Singapore,Mobile,WiFi,Premium,Image,2.3,15,153,21,4,5024,3571,Medium,1.9
210,Twitter,13-18,Other,UAE,Tablet,WiFi,Free,Mixed,0.7,22,560,50,9,57959,3269,Low,8.2
211,YouTube,13-18,Other,Australia,Mobile,Mobile Data,Free,Image,1.0,26,728,142,6,37778,1658,Low,7.7
212,Snapchat,60+,Male,Singapore,Mobile,Mobile Data,Premium,Mixed,5.2,20,674,153,35,84784,4257,Medium,0.6
213,LinkedIn,36-45,Female,UK,Tablet,Mobile Data,Premium,Mixed,4.0,25,681,191,23,78416,4199,High,8.3
214,Snapchat,19-25,Male,Australia,Desktop,Mobile Data,Free,Mixed,0.5,1,95,160,10,61971,1822,Low,7.1
215,Twitter,60+,Female,Japan,Mobile,Mobile Data,Free,Image,5.6,31,531,148,59,15621,2478,Low,8.8
216,Pinterest,26-35,Female,Canada,Tablet,Mobile Data,Premium,Mixed,4.5,15,221,185,28,7072,4066,High,6.1
217,Twitter,26-35,Other,Japan,Desktop,WiFi,Free,Image,2.0,29,420,190,143,23726,687,High,1.2
218,Facebook,19-25,Male,Canada,Mobile,Mobile Data,Free,Image,3.8,0,169,186,129,10923,85,High,5.1
219,Pinterest,26-35,Other,India,Mobile,Mobile Data,Premium,Image,5.7,33,489,44,71,10551,1589,High,6.5
220,Reddit,26-35,Female,Canada,Mobile,Mobile Data,Free,Image,0.8,0,794,70,28,52924,1189,High,0.7
221,Facebook,26-35,Female,Brazil,Mobile,WiFi,Premium,Image,1.8,21,660,82,45,25967,1884,High,1.5
222,YouTube,26-35,Male,USA,Tablet,Mobile Data,Premium,Text,5.6,7,566,42,21,23784,1629,Medium,2.5
223,LinkedIn,13-18,Male,Germany,Mobile,Mobile Data,Premium,Image,4.6,22,560,65,54,14048,1866,Medium,7.5
224,Twitter,36-45,Female,UK,Desktop,Mobile Data,Free,Text,5.6,0,453,102,131,79556,89,Low,3.3
225,TikTok,36-45,Male,Brazil,Desktop,WiFi,Free,Image,1.7,25,280,14,104,42401,2173,High,1.8
226,Twitter,26-35,Male,UK,Desktop,Mobile Data,Free,Mixed,0.4,29,260,57,127,15569,2747,High,1.6
227,Facebook,60+,Female,India,Tablet,Mobile Data,Free,Text,0.6,36,417,164,22,69471,108,Low,9.0
228,TikTok,13-18,Other,Germany,Tablet,Mobile Data,Premium,Mixed,4.9,36,668,101,14,84341,1346,High,0.9
229,Pinterest,13-18,Female,UAE,Tablet,WiFi,Premium,Image,4.4,10,3,87,64,64014,3711,Low,8.3
230,Reddit,46-60,Other,Germany,Mobile,Mobile Data,Free,Mixed,0.6,22,402,152,45,58499,167,Medium,8.6
231,Twitter,26-35,Female,Japan,Tablet,WiFi,Free,Mixed,6.0,27,118,31,45,78009,2047,High,4.0
232,Snapchat,26-35,Male,Japan,Tablet,WiFi,Premium,Mixed,0.5,20,289,69,47,79749,3374,High,8.6
233,LinkedIn,46-60,Other,USA,Mobile,Mobile Data,Free,Image,3.9,8,283,175,137,7969,4529,Medium,3.0
234,LinkedIn,19-25,Male,UAE,Desktop,Mobile Data,Premium,Text,1.7,12,443,42,129,56713,964,Medium,2.0
235,TikTok,26-35,Other,USA,Mobile,WiFi,Free,Text,3.4,35,83,12,14,83888,632,Low,3.9
236,Snapchat,36-45,Other,Singapore,Desktop,Mobile Data,Free,Image,4.2,31,684,93,71,93003,2501,Medium,6.9
237,LinkedIn,46-60,Other,Australia,Mobile,Mobile Data,Free,Text,5.8,20,479,66,22,83256,152,Low,6.6
238,Pinterest,26-35,Male,Canada,Desktop,Mobile Data,Free,Video,4.3,30,703,104,82,64896,4649,Medium,6.8
239,Instagram,60+,Female,Brazil,Tablet,WiFi,Premium,Mixed,3.6,21,426,33,18,53084,2385,High,9.0
240,Twitter,36-45,Other,Singapore,Desktop,Mobile Data,Premium,Text,5.4,30,493,31,55,8859,4420,Low,7.1
241,Instagram,13-18,Other,UK,Mobile,Mobile Data,Free,Text,1.4,12,563,114,87,97506,1235,Low,4.4
242,Snapchat,36-45,Other,UAE,Tablet,Mobile Data,Free,Image,5.2,27,443,101,27,11903,2850,Medium,9.2
243,Pinterest,19-25,Female,Japan,Tablet,Mobile Data,Free,Text,1.5,7,640,1,0,75979,1961,Medium,1.3
244,TikTok,19-25,Other,Japan,Desktop,WiFi,Free,Text,1.4,12,761,177,22,63411,4477,High,7.1
245,Reddit,19-25,Other,Canada,Desktop,WiFi,Premium,Text,1.1,35,95,31,143,46335,4299,Medium,2.9
246,Snapchat,19-25,Male,UAE,Tablet,WiFi,Free,Video,2.6,19,438,127,29,43474,312,High,0.6
247,Instagram,26-35,Female,Singapore,Desktop,WiFi,Premium,Image,5.6,33,77,169,6,8161,1302,Low,3.3
248,LinkedIn,13-18,Female,Brazil,Desktop,WiFi,Free,Text,4.6,11,304,67,90,31970,1931,Medium,2.6
249,Instagram,19-25,Female,Australia,Mobile,Mobile Data,Premium,Image,4.0,8,705,149,68,39294,4877,Medium,5.5
250,Instagram,26-35,Other,Singapore,Mobile,WiFi,Free,Video,2.7,10,121,77,126,33996,1390,Medium,7.5
251,Facebook,26-35,Male,Brazil,Tablet,WiFi,Free,Mixed,3.0,36,187,49,131,52016,1066,High,6.5
252,Reddit,46-60,Male,India,Desktop,Mobile Data,Free,Mixed,5.0,23,785,50,93,27574,589,Medium,9.3
253,LinkedIn,46-60,Other,Germany,Desktop,WiFi,Premium,Mixed,0.6,33,304,18,97,1306,1458,Low,6.7
254,Twitter,36-45,Male,UAE,Mobile,Mobile Data,Premium,Mixed,5.7,6,733,44,138,28509,306,High,7.5
255,TikTok,19-25,Other,Singapore,Desktop,Mobile Data,Premium,Mixed,5.3,25,314,168,69,10477,3452,Low,1.1
256,Pinterest,60+,Other,India,Desktop,Mobile Data,Premium,Text,2.1,3,586,125,129,46040,889,Medium,9.8
257,Facebook,60+,Female,UK,Desktop,WiFi,Free,Image,2.3,11,204,62,78,34950,3767,Medium,9.1
258,TikTok,26-35,Female,Germany,Mobile,Mobile Data,Free,Mixed,2.9,6,366,1,18,47713,1849,Low,1.5
259,Snapchat,26-35,Male,Singapore,Desktop,Mobile Data,Free,Text,1.0,25,378,154,71,18521,3910,Low,2.0
260,Twitter,46-60,Other,Singapore,Desktop,Mobile Data,Premium,Text,1.8,7,675,12,4,40164,4709,High,2.5
261,TikTok,26-35,Male,UK,Tablet,Mobile Data,Premium,Image,5.2,10,347,101,131,20813,854,Low,4.0
262,Reddit,19-25,Other,Japan,Desktop,WiFi,Premium,Video,2.4,9,515,101,58,39834,4060,High,6.6
263,TikTok,26-35,Male,UK,Mobile,WiFi,Free,Video,1.4,23,406,22,38,33842,4576,High,5.8
264,Twitter,19-25,Female,Germany,Tablet,WiFi,Free,Image,5.9,20,517,61,28,93626,4712,High,7.8
265,Reddit,19-25,Other,UAE,Desktop,WiFi,Free,Video,2.3,15,508,187,7,13955,4436,Medium,7.5
266,YouTube,19-25,Male,UAE,Mobile,WiFi,Free,Text,4.6,16,336,192,77,85702,953,High,2.0
267,TikTok,36-45,Female,UK,Tablet,Mobile Data,Free,Mixed,5.2,36,764,142,32,31161,622,Low,7.2
268,Reddit,26-35,Female,Brazil,Desktop,WiFi,Premium,Text,1.2,28,728,112,128,23735,1223,Medium,3.2
269,LinkedIn,26-35,Other,UK,Desktop,WiFi,Premium,Image,0.9,2,378,77,86,95689,1688,High,1.1
270,Instagram,26-35,Male,Germany,Desktop,Mobile Data,Free,Mixed,5.5,36,681,132,90,3361,3435,High,4.5
271,Pinterest,46-60,Female,Germany,Mobile,Mobile Data,Premium,Image,1.5,3,454,18,14,49937,1832,Medium,1.9
272,TikTok,60+,Other,Australia,Mobile,WiFi,Premium,Video,1.3,29,232,194,136,63363,2015,Medium,3.6
273,Snapchat,26-35,Male,UAE,Mobile,WiFi,Free,Video,5.5,31,498,1,53,11710,217,Medium,6.3
274,TikTok,46-60,Female,Singapore,Mobile,WiFi,Premium,Mixed,5.9,31,193,105,76,75782,2993,Low,5.9
275,Instagram,46-60,Female,Germany,Mobile,Mobile Data,Free,Text,4.4,28,44,162,42,21986,3928,Low,5.9
276,Twitter,60+,Female,Australia,Tablet,WiFi,Free,Mixed,3.6,16,225,174,143,13154,977,Medium,0.8
277,TikTok,26-35,Other,Brazil,Mobile,Mobile Data,Free,Text,5.5,4,404,76,125,43406,1833,Medium,2.1
278,TikTok,13-18,Male,Japan,Desktop,WiFi,Free,Video,3.1,22,766,156,53,44477,4616,Low,1.4
279,Twitter,46-60,Female,Singapore,Desktop,Mobile Data,Free,Text,3.5,24,708,50,83,23524,641,Medium,4.2
280,Pinterest,46-60,Male,Australia,Desktop,WiFi,Free,Mixed,2.7,39,739,134,73,27614,3313,Medium,2.2
281,Twitter,46-60,Male,Germany,Tablet,Mobile Data,Free,Mixed,2.6,1,254,84,37,11542,1997,High,0.8
282,Instagram,36-45,Female,Canada,Desktop,WiFi,Premium,Video,0.4,39,600,171,44,98063,2801,Low,4.7
283,Facebook,60+,Male,UAE,Desktop,Mobile Data,Free,Image,1.3,35,612,175,123,77655,2505,Low,2.2
284,Twitter,36-45,Female,USA,Desktop,Mobile Data,Free,Image,0.6,16,260,194,103,10598,4200,High,8.2
285,Reddit,46-60,Male,Brazil,Tablet,Mobile Data,Free,Video,1.3,3,777,146,106,364,4278,Medium,9.6
286,Twitter,60+,Other,Singapore,Mobile,WiFi,Free,Text,2.0,36,217,83,84,94913,4151,Medium,8.1
287,TikTok,26-35,Other,Canada,Desktop,Mobile Data,Premium,Text,3.1,20,180,148,75,73344,849,High,5.1
288,Snapchat,26-35,Female,USA,Desktop,Mobile Data,Premium,Mixed,0.3,39,742,56,130,1990,1425,Medium,3.3
289,Reddit,19-25,Other,Australia,Mobile,Mobile Data,Free,Video,4.9,5,576,198,145,7376,1602,High,5.2
290,Facebook,36-45,Male,UAE,Tablet,WiFi,Free,Image,1.7,35,65,128,109,35457,4397,High,9.1
291,LinkedIn,19-25,Other,UK,Tablet,WiFi,Free,Image,3.1,36,193,148,148,55455,1996,High,10.0
292,Facebook,26-35,Male,UK,Mobile,WiFi,Premium,Text,4.7,40,587,125,75,64570,1356,Medium,8.1
293,Twitter,19-25,Male,Brazil,Desktop,WiFi,Free,Text,0.6,18,321,177,77,15697,3034,High,8.7
294,Pinterest,60+,Female,Brazil,Mobile,WiFi,Free,Image,4.0,31,496,132,116,4974,4176,Low,9.5
295,Twitter,13-18,Female,Brazil,Desktop,WiFi,Premium,Text,3.9,29,165,66,107,48135,3959,Low,1.7
296,Snapchat,26-35,Male,UK,Tablet,Mobile Data,Premium,Text,1.2,1,734,174,35,50160,918,High,8.9
297,Reddit,46-60,Male,India,Mobile,Mobile Data,Free,Mixed,2.5,4,83,73,27,61355,1631,Low,7.2
298,Snapchat,19-25,Other,Australia,Mobile,WiFi,Free,Text,5.1,28,387,182,90,56812,1205,Medium,6.0
299,YouTube,46-60,Female,UAE,Mobile,Mobile Data,Free,Image,1.3,3,544,87,100,2495,2723,Low,3.4
300,YouTube,46-60,Male,Germany,Desktop,Mobile Data,Free,Mixed,5.5,39,571,40,122,78697,4811,Medium,0.8
301,Snapchat,13-18,Male,Canada,Mobile,WiFi,Free,Text,0.4,12,116,86,19,17910,2815,High,6.7
302,Instagram,36-45,Female,Brazil,Mobile,Mobile Data,Free,Text,5.9,1,195,66,21,2891,4821,High,4.1
303,Pinterest,60+,Other,Brazil,Mobile,WiFi,Premium,Text,4.6,29,614,48,119,22877,4798,High,1.7
304,LinkedIn,19-25,Other,Canada,Mobile,WiFi,Premium,Video,1.8,30,675,63,84,66936,2482,Medium,3.6
305,TikTok,19-25,Other,Brazil,Mobile,WiFi,Free,Image,3.2,15,98,167,6,33446,3038,Low,7.7
306,Twitter,26-35,Female,Singapore,Tablet,WiFi,Free,Image,1.4,4,262,150,113,27306,3907,High,7.7
307,Snapchat,19-25,Male,Australia,Mobile,Mobile Data,Free,Video,5.5,0,562,87,89,25685,2910,Low,3.9
308,Twitter,19-25,Other,Singapore,Desktop,WiFi,Free,Video,0.5,14,323,195,111,78044,674,Low,3.7
309,Instagram,26-35,Male,Australia,Desktop,WiFi,Premium,Text,4.4,30,578,166,88,47682,4520,Medium,6.4
310,Snapchat,19-25,Female,UAE,Tablet,Mobile Data,Premium,Text,6.0,33,681,133,127,31728,4842,High,4.2
311,YouTube,26-35,Female,Canada,Mobile,Mobile Data,Premium,Image,3.0,17,431,169,98,42384,609,Low,8.5
312,TikTok,46-60,Male,UAE,Mobile,WiFi,Premium,Image,1.8,5,581,78,70,7184,1061,Low,6.0
313,Facebook,19-25,Female,UAE,Desktop,WiFi,Premium,Image,0.3,28,782,152,77,44714,2685,Medium,5.3
314,Reddit,19-25,Other,Singapore,Mobile,WiFi,Premium,Video,0.3,31,381,118,99,83675,4758,Low,2.4
315,Instagram,19-25,Male,Singapore,Mobile,Mobile Data,Premium,Video,2.6,14,403,200,106,65168,845,Medium,7.1
316,Facebook,36-45,Female,Brazil,Tablet,WiFi,Free,Video,4.3,8,127,49,124,8968,3746,Low,9.0
317,Twitter,26-35,Other,India,Tablet,Mobile Data,Premium,Image,1.2,34,204,74,41,94523,1167,Low,3.0
318,LinkedIn,13-18,Other,Japan,Tablet,WiFi,Premium,Video,1.8,24,481,0,100,17077,3523,Medium,8.5
319,Snapchat,60+,Other,USA,Desktop,Mobile Data,Premium,Mixed,0.3,21,450,80,31,29783,90,High,7.9
320,Snapchat,26-35,Male,Japan,Mobile,Mobile Data,Free,Video,0.3,1,611,10,88,53339,3677,Medium,6.8
321,Snapchat,26-35,Female,Germany,Mobile,Mobile Data,Free,Mixed,4.1,18,73,84,71,44263,4332,High,8.3
322,Facebook,19-25,Other,Canada,Mobile,WiFi,Free,Mixed,3.5,27,728,89,83,82523,685,Low,0.9
323,Pinterest,13-18,Female,UK,Tablet,WiFi,Free,Mixed,4.5,23,502,100,115,36858,1446,Low,5.9
324,Instagram,36-45,Female,Germany,Mobile,Mobile Data,Premium,Image,4.5,24,257,72,139,85511,2367,High,7.1
325,Instagram,36-45,Male,Brazil,Tablet,Mobile Data,Free,Video,3.2,20,511,90,30,29852,3698,High,3.2
326,Instagram,26-35,Male,UAE,Desktop,Mobile Data,Premium,Video,5.3,22,784,189,75,83550,4859,High,2.6
327,Instagram,13-18,Male,UK,Tablet,Mobile Data,Premium,Mixed,3.3,1,278,59,39,95992,4734,Low,9.3
328,Instagram,36-45,Male,Singapore,Mobile,Mobile Data,Free,Text,4.0,16,563,168,48,17230,1897,High,9.2
329,TikTok,60+,Male,UK,Tablet,Mobile Data,Free,Text,5.5,26,39,193,96,89004,3816,High,4.4
330,TikTok,60+,Male,Canada,Desktop,Mobile Data,Premium,Mixed,1.6,33,621,31,56,44583,4344,Medium,3.6
331,Facebook,26-35,Male,UAE,Tablet,WiFi,Free,Text,2.9,15,653,117,45,38230,982,Medium,9.0
332,LinkedIn,13-18,Other,Singapore,Tablet,Mobile Data,Free,Text,0.5,38,135,20,86,62587,4513,Low,2.4
333,Reddit,13-18,Other,India,Tablet,Mobile Data,Free,Mixed,3.2,1,28,29,137,22959,1867,Low,4.1
334,Instagram,46-60,Female,UAE,Tablet,Mobile Data,Premium,Text,3.6,23,460,163,51,89585,2195,Low,9.7
335,LinkedIn,60+,Male,UAE,Desktop,Mobile Data,Premium,Video,5.2,4,281,58,110,81349,3374,Low,0.8
336,TikTok,60+,Male,UAE,Desktop,Mobile Data,Free,Text,1.5,14,649,106,128,56290,365,Low,6.9
337,Twitter,36-45,Other,Germany,Mobile,WiFi,Free,Text,0.3,30,21,47,41,25928,729,Low,6.2
338,Twitter,13-18,Other,India,Mobile,WiFi,Premium,Video,4.6,28,620,127,100,18543,3168,High,3.4
339,YouTube,46-60,Female,Germany,Tablet,Mobile Data,Free,Image,5.6,34,77,184,40,6311,3063,High,9.2
340,LinkedIn,13-18,Female,UK,Tablet,WiFi,Free,Video,3.7,6,501,50,116,6505,2189,High,9.7
341,LinkedIn,19-25,Female,UK,Tablet,Mobile Data,Premium,Image,0.6,10,729,47,48,11722,308,Low,5.4
342,LinkedIn,19-25,Male,USA,Mobile,WiFi,Free,Text,5.3,28,743,38,63,20661,636,Medium,6.8
343,Pinterest,26-35,Female,Singapore,Tablet,Mobile Data,Free,Video,2.8,33,18,124,146,83721,3113,Medium,8.9
344,Facebook,36-45,Male,Brazil,Mobile,WiFi,Premium,Text,1.1,8,745,185,119,23579,3622,Low,2.1
345,Reddit,46-60,Male,India,Mobile,Mobile Data,Premium,Video,2.2,4,178,122,38,48939,3729,Low,5.2
346,Instagram,19-25,Male,Japan,Mobile,Mobile Data,Free,Video,4.9,34,293,59,56,77604,3823,High,1.1
347,TikTok,13-18,Female,Germany,Mobile,WiFi,Free,Mixed,2.2,6,243,3,122,25908,3860,Medium,9.7
348,LinkedIn,60+,Other,Germany,Desktop,WiFi,Premium,Video,2.2,20,766,4,23,51238,4368,Low,6.1
349,Facebook,46-60,Male,Canada,Desktop,WiFi,Premium,Image,0.8,0,215,163,68,26739,4562,Medium,1.3
350,Reddit,46-60,Male,Japan,Mobile,WiFi,Premium,Text,4.2,17,633,84,30,49334,1739,Medium,5.7
351,Reddit,46-60,Male,UK,Desktop,WiFi,Premium,Text,2.6,33,767,54,106,84082,2175,Low,1.6
352,TikTok,13-18,Female,Singapore,Desktop,Mobile Data,Premium,Video,3.1,10,518,129,9,69060,4890,Low,0.6
353,Pinterest,36-45,Male,Singapore,Tablet,WiFi,Premium,Text,3.7,29,623,200,47,13897,796,Medium,9.0
354,Facebook,60+,Male,Japan,Mobile,Mobile Data,Free,Image,1.4,36,393,117,32,48373,1619,High,7.6
355,Twitter,36-45,Female,Japan,Mobile,Mobile Data,Free,Text,2.0,12,251,185,45,24916,341,Low,3.2
356,Instagram,13-18,Other,Japan,Tablet,Mobile Data,Premium,Video,2.6,33,461,195,138,89663,1207,Low,2.9
357,Pinterest,60+,Female,Brazil,Mobile,WiFi,Free,Video,1.5,17,790,141,29,13219,3018,High,4.1
358,Facebook,19-25,Female,Australia,Tablet,Mobile Data,Free,Video,4.0,33,355,131,10,69445,3523,Medium,1.0
359,Snapchat,13-18,Other,Brazil,Mobile,WiFi,Premium,Video,1.3,22,252,25,58,49639,2852,Medium,4.5
360,Pinterest,26-35,Male,Germany,Tablet,WiFi,Free,Image,1.7,27,211,14,126,79068,455,High,5.7
361,YouTube,36-45,Female,Brazil,Mobile,Mobile Data,Premium,Text,2.0,29,18,167,76,56632,2618,High,8.6
362,TikTok,19-25,Other,India,Desktop,WiFi,Premium,Image,4.4,7,409,101,40,93963,327,Low,0.6
363,Twitter,13-18,Other,Germany,Desktop,WiFi,Free,Text,0.4,4,684,164,72,29435,1192,Medium,2.9
364,Snapchat,19-25,Male,Brazil,Mobile,WiFi,Free,Text,1.5,28,148,199,44,43195,2779,Low,3.0
365,Facebook,13-18,Female,Australia,Desktop,WiFi,Free,Mixed,3.0,20,376,100,135,84309,2171,Low,4.2
366,Twitter,26-35,Female,Canada,Mobile,WiFi,Free,Text,5.2,9,450,110,64,38338,4750,Low,9.7
367,Instagram,36-45,Female,UK,Desktop,WiFi,Premium,Image,1.7,39,219,58,29,22781,2776,Medium,6.2
368,Snapchat,19-25,Male,USA,Mobile,Mobile Data,Premium,Image,4.3,38,597,176,25,29960,1596,High,4.3
369,Instagram,60+,Male,Australia,Tablet,Mobile Data,Premium,Text,0.7,25,472,111,150,91877,4735,High,2.6
370,Pinterest,60+,Female,Japan,Mobile,Mobile Data,Free,Mixed,4.2,30,540,171,128,35138,4470,Medium,8.4
371,LinkedIn,60+,Female,Japan,Desktop,WiFi,Premium,Image,0.4,39,17,121,126,98902,1242,Medium,2.1
372,TikTok,60+,Male,Brazil,Mobile,WiFi,Free,Mixed,0.8,2,75,47,141,73906,3627,Low,7.0
373,LinkedIn,19-25,Female,Brazil,Tablet,Mobile Data,Premium,Image,4.9,19,331,38,96,62567,2196,Low,2.4
374,Reddit,36-45,Other,Japan,Tablet,Mobile Data,Premium,Text,1.8,15,438,105,47,31336,4812,Medium,6.6
375,Reddit,60+,Female,USA,Desktop,Mobile Data,Premium,Video,2.6,18,254,47,123,77845,3158,Medium,1.7
376,Twitter,26-35,Female,Canada,Mobile,Mobile Data,Free,Text,0.7,17,592,13,119,84734,622,High,3.0
377,Facebook,36-45,Female,Germany,Mobile,WiFi,Free,Mixed,0.5,10,750,163,15,52749,1896,High,9.9
378,Facebook,13-18,Other,Canada,Tablet,Mobile Data,Free,Mixed,1.4,34,694,199,143,45725,511,Medium,2.6
379,LinkedIn,13-18,Other,Australia,Tablet,WiFi,Free,Video,1.5,14,495,15,52,69500,1372,Low,6.4
380,Reddit,46-60,Male,UAE,Mobile,Mobile Data,Premium,Image,2.2,0,727,32,3,40571,1297,Medium,2.3
381,Instagram,60+,Female,Germany,Tablet,WiFi,Premium,Image,0.5,25,39,31,13,35156,2148,Low,1.9
382,Snapchat,46-60,Male,Japan,Tablet,Mobile Data,Free,Video,0.4,34,504,102,148,57538,4340,Medium,6.2
383,Reddit,36-45,Other,UAE,Tablet,WiFi,Free,Text,4.0,3,41,94,39,93259,1815,High,1.7
384,Twitter,26-35,Male,India,Tablet,WiFi,Premium,Video,5.7,10,561,149,29,37073,4953,Medium,4.6
385,LinkedIn,19-25,Male,Japan,Mobile,Mobile Data,Premium,Image,3.1,28,216,183,22,8769,2317,High,7.5
386,Reddit,19-25,Other,Japan,Tablet,WiFi,Premium,Video,1.4,19,162,63,100,77142,2044,Medium,6.4
387,Pinterest,46-60,Female,UAE,Mobile,WiFi,Free,Mixed,5.3,21,118,74,124,95289,2897,Medium,8.8
388,Reddit,36-45,Female,Germany,Mobile,WiFi,Premium,Mixed,1.4,14,753,179,71,85827,2260,High,6.5
389,TikTok,19-25,Female,Singapore,Mobile,WiFi,Premium,Mixed,3.4,40,126,10,108,20265,4563,Medium,9.6
390,Reddit,46-60,Other,Australia,Tablet,WiFi,Free,Text,2.2,12,744,166,107,22514,4224,High,7.2
391,Pinterest,36-45,Male,UAE,Mobile,Mobile Data,Premium,Text,1.1,38,775,127,101,44297,3735,High,6.0
392,Facebook,13-18,Female,Germany,Mobile,WiFi,Premium,Video,2.9,7,296,55,116,10016,4002,Low,5.3
393,TikTok,13-18,Female,Singapore,Tablet,Mobile Data,Free,Text,5.6,19,643,60,102,84520,1990,High,9.3
394,Facebook,60+,Male,Singapore,Desktop,WiFi,Free,Video,4.2,7,157,134,53,27974,1388,Medium,5.1
395,TikTok,26-35,Other,India,Mobile,WiFi,Free,Text,2.9,18,249,70,139,79575,507,Low,9.9
396,Reddit,13-18,Female,UK,Mobile,WiFi,Premium,Mixed,4.1,36,443,112,31,34846,2601,High,8.2
397,Snapchat,13-18,Female,India,Mobile,Mobile Data,Free,Mixed,2.8,1,762,115,76,51614,395,Low,1.2
398,Reddit,36-45,Female,USA,Tablet,WiFi,Free,Text,3.6,6,307,180,144,63086,2497,Low,5.5
399,TikTok,19-25,Male,USA,Mobile,Mobile Data,Premium,Video,4.9,35,1,122,10,14090,4241,High,3.3
400,Snapchat,36-45,Male,Canada,Desktop,Mobile Data,Free,Video,5.3,10,63,148,54,62180,2240,Medium,9.7
401,Facebook,13-18,Female,Brazil,Mobile,Mobile Data,Free,Video,3.0,11,36,35,106,92616,1922,Low,7.1
402,Snapchat,26-35,Other,UAE,Tablet,WiFi,Free,Mixed,3.5,1,656,90,67,50491,1809,High,8.1
403,LinkedIn,26-35,Male,UAE,Tablet,WiFi,Free,Mixed,2.8,39,278,195,39,82519,2867,Low,1.3
404,Instagram,13-18,Other,Germany,Mobile,WiFi,Free,Text,0.3,26,161,169,64,52075,2654,High,5.1
405,YouTube,46-60,Female,Canada,Desktop,Mobile Data,Free,Video,2.7,18,165,143,67,74030,2074,Medium,7.0
406,Pinterest,36-45,Male,Singapore,Mobile,WiFi,Free,Video,3.7,31,193,102,52,57211,4706,Low,8.2
407,Reddit,19-25,Other,India,Tablet,Mobile Data,Free,Image,2.4,10,683,3,142,72115,790,Medium,7.0
408,TikTok,36-45,Male,Canada,Tablet,Mobile Data,Free,Mixed,4.4,6,423,145,19,93080,2408,Medium,4.7
409,Facebook,26-35,Male,UAE,Tablet,WiFi,Free,Text,1.2,20,290,84,125,70843,1206,Medium,1.1
410,TikTok,46-60,Other,Brazil,Mobile,WiFi,Premium,Image,5.2,35,415,189,69,26118,4032,Low,1.8
411,TikTok,46-60,Female,Japan,Desktop,WiFi,Free,Video,5.8,19,250,85,28,5164,1793,Medium,7.6
412,TikTok,26-35,Other,Singapore,Mobile,Mobile Data,Premium,Mixed,3.6,31,580,37,12,90427,1202,Low,6.0
413,TikTok,60+,Female,Germany,Tablet,Mobile Data,Premium,Video,4.6,10,650,190,129,83091,2519,Medium,2.4
414,TikTok,36-45,Other,Singapore,Tablet,WiFi,Premium,Text,4.3,25,285,153,97,88812,1168,High,8.4
415,Pinterest,60+,Female,Brazil,Tablet,Mobile Data,Premium,Video,5.5,39,219,60,127,83198,1700,Low,2.8
416,LinkedIn,13-18,Male,Australia,Tablet,Mobile Data,Premium,Video,3.5,15,281,181,121,23910,2520,Medium,2.6
417,Reddit,46-60,Other,USA,Mobile,Mobile Data,Free,Mixed,5.8,17,339,131,88,73638,2708,High,5.9
418,Twitter,36-45,Other,Australia,Mobile,Mobile Data,Free,Text,5.0,14,219,22,40,32133,2060,Low,8.3
419,Twitter,26-35,Other,Germany,Tablet,Mobile Data,Free,Image,4.5,30,62,146,148,79826,3981,Medium,0.9
420,Instagram,19-25,Male,UAE,Desktop,WiFi,Premium,Video,1.2,30,488,66,52,27102,4686,Low,3.1
421,Instagram,46-60,Male,Canada,Desktop,Mobile Data,Free,Text,1.4,17,393,3,129,87333,3483,High,9.7
422,LinkedIn,19-25,Other,India,Tablet,Mobile Data,Free,Image,5.5,37,493,80,45,23947,3017,Medium,8.9
423,Pinterest,36-45,Other,Canada,Desktop,WiFi,Free,Mixed,2.9,20,739,136,143,86387,318,Low,7.4
424,Twitter,13-18,Male,Canada,Mobile,WiFi,Premium,Mixed,2.0,30,389,61,138,58605,4055,High,6.4
425,Twitter,13-18,Female,Japan,Mobile,Mobile Data,Premium,Image,2.9,30,333,53,78,41589,869,Medium,7.9
426,Snapchat,46-60,Female,Singapore,Tablet,WiFi,Free,Video,4.3,13,340,98,13,87763,359,Medium,4.2
427,TikTok,36-45,Female,UAE,Mobile,WiFi,Free,Text,3.0,22,271,120,51,39735,708,High,0.7
428,Instagram,36-45,Male,UAE,Tablet,WiFi,Free,Mixed,2.9,19,241,85,60,52233,1913,High,1.9
429,YouTube,19-25,Other,UK,Tablet,WiFi,Premium,Mixed,3.1,25,634,14,44,23731,1230,Medium,6.8
430,Pinterest,60+,Male,Japan,Mobile,Mobile Data,Free,Video,4.5,16,52,184,146,87123,1710,Low,6.2
431,YouTube,60+,Female,Canada,Desktop,Mobile Data,Free,Video,4.3,0,766,189,109,4605,2360,Medium,4.0
432,Reddit,46-60,Male,Germany,Mobile,WiFi,Free,Mixed,2.7,31,537,168,10,62996,162,High,6.2
433,Instagram,36-45,Female,Japan,Desktop,Mobile Data,Premium,Mixed,4.4,15,466,140,115,52239,934,Medium,8.0
434,YouTube,26-35,Female,Canada,Desktop,Mobile Data,Premium,Image,5.0,12,675,72,132,28902,2842,High,7.9
435,TikTok,36-45,Other,Singapore,Mobile,WiFi,Premium,Video,0.3,5,604,4,125,89759,1051,Medium,1.2
436,Reddit,13-18,Male,Australia,Tablet,Mobile Data,Free,Mixed,4.4,39,12,90,76,32635,2682,Medium,9.6
437,Facebook,19-25,Female,USA,Desktop,WiFi,Premium,Image,0.6,33,316,195,146,21565,4169,High,0.9
438,TikTok,26-35,Female,Singapore,Tablet,WiFi,Premium,Video,0.3,26,166,9,146,34585,178,High,5.5
439,YouTube,60+,Female,Canada,Tablet,Mobile Data,Free,Image,5.0,5,664,94,88,60599,2188,Low,5.9
440,Pinterest,19-25,Other,USA,Desktop,Mobile Data,Free,Text,3.1,16,323,150,4,10842,3847,Medium,5.5
441,Twitter,26-35,Male,Germany,Mobile,WiFi,Premium,Video,5.3,37,782,89,14,1372,985,Medium,1.8
442,Snapchat,13-18,Female,UK,Mobile,Mobile Data,Premium,Image,5.5,2,104,154,130,54390,2739,Low,5.0
443,Snapchat,26-35,Female,India,Mobile,WiFi,Premium,Image,1.5,6,326,14,113,45710,4277,Medium,6.4
444,Pinterest,60+,Other,Japan,Mobile,WiFi,Free,Video,3.5,10,367,129,5,4955,2599,High,4.5
445,Twitter,46-60,Male,Brazil,Mobile,Mobile Data,Premium,Image,5.6,4,559,17,56,84071,4500,High,1.1
446,TikTok,36-45,Other,Japan,Tablet,Mobile Data,Free,Mixed,5.1,2,780,105,2,45645,2186,Medium,9.2
447,Pinterest,13-18,Male,Australia,Tablet,WiFi,Free,Mixed,0.7,26,469,121,135,45790,2152,Medium,8.0
448,Twitter,46-60,Other,Canada,Tablet,Mobile Data,Free,Mixed,3.3,12,742,118,76,59932,1883,Low,7.9
449,TikTok,26-35,Female,UK,Tablet,Mobile Data,Premium,Video,0.3,11,768,17,8,51050,929,Medium,7.6
450,Reddit,46-60,Female,USA,Mobile,WiFi,Free,Video,2.5,36,562,43,65,7342,762,Medium,5.3
451,Twitter,26-35,Other,Brazil,Desktop,WiFi,Free,Image,5.9,2,780,132,13,87282,4312,Low,9.1
452,Snapchat,60+,Other,USA,Desktop,WiFi,Premium,Image,2.8,10,657,94,28,14542,1654,High,9.4
453,Twitter,13-18,Male,UK,Tablet,WiFi,Premium,Mixed,1.2,10,233,121,11,6582,3441,High,1.9
454,Facebook,36-45,Other,UK,Desktop,Mobile Data,Free,Video,4.9,9,551,127,129,65757,196,Medium,9.0
455,Snapchat,60+,Female,Brazil,Tablet,WiFi,Premium,Mixed,3.6,28,662,11,147,76468,2878,High,3.4
456,Pinterest,13-18,Female,UK,Desktop,Mobile Data,Premium,Video,5.0,40,643,165,149,23656,3828,Low,0.9
457,Reddit,60+,Male,Japan,Mobile,Mobile Data,Premium,Mixed,2.4,11,577,118,27,20442,1784,Medium,9.3
458,Pinterest,36-45,Other,Australia,Tablet,Mobile Data,Premium,Mixed,4.7,8,771,113,15,21401,2253,Low,7.8
459,TikTok,60+,Male,Singapore,Mobile,Mobile Data,Free,Video,2.2,19,486,96,71,27153,1889,Medium,7.1
460,YouTube,60+,Female,Japan,Mobile,Mobile Data,Premium,Text,0.8,32,305,80,74,7913,2297,Low,1.1
461,Twitter,13-18,Other,Canada,Tablet,Mobile Data,Premium,Mixed,3.2,9,598,143,39,58683,4005,Low,7.7
462,Facebook,46-60,Male,Brazil,Desktop,Mobile Data,Free,Video,5.1,20,517,5,35,24547,1449,Low,9.4
463,TikTok,26-35,Female,Brazil,Desktop,Mobile Data,Free,Video,5.9,12,0,154,96,81857,2869,Low,7.4
464,Facebook,13-18,Female,USA,Tablet,Mobile Data,Premium,Mixed,4.8,17,224,45,141,81670,1395,Medium,8.4
465,Reddit,46-60,Female,USA,Mobile,WiFi,Free,Text,5.0,21,582,103,73,368,1509,Low,7.5
466,YouTube,60+,Male,UK,Desktop,Mobile Data,Premium,Video,1.0,38,636,171,60,51089,4973,High,6.0
467,YouTube,36-45,Other,India,Tablet,WiFi,Free,Mixed,1.9,16,282,161,126,8383,1017,High,4.1
468,Instagram,26-35,Female,UAE,Desktop,WiFi,Premium,Image,3.0,6,698,6,18,8851,1012,Medium,9.8
469,Reddit,13-18,Male,India,Tablet,WiFi,Premium,Mixed,4.5,37,743,118,45,96220,1865,Low,0.8
470,Reddit,60+,Other,India,Tablet,Mobile Data,Premium,Text,1.8,24,428,68,79,57079,2646,High,3.2
471,LinkedIn,60+,Male,Japan,Mobile,WiFi,Free,Text,5.9,14,465,155,120,58940,2558,Medium,7.3
472,TikTok,13-18,Male,Canada,Tablet,WiFi,Free,Mixed,0.9,16,443,31,26,52692,1829,Low,3.8
473,LinkedIn,26-35,Other,Brazil,Desktop,Mobile Data,Free,Mixed,3.8,10,393,92,143,14271,3489,Medium,9.3
474,LinkedIn,60+,Other,Germany,Desktop,Mobile Data,Premium,Text,5.6,0,361,52,139,5238,3544,High,1.9
475,LinkedIn,13-18,Female,USA,Tablet,WiFi,Premium,Image,5.6,10,173,29,147,69904,1028,Low,7.5
476,LinkedIn,19-25,Other,India,Desktop,WiFi,Free,Video,2.5,12,213,145,46,9720,1333,High,6.9
477,TikTok,19-25,Female,UAE,Tablet,WiFi,Premium,Image,4.0,17,183,79,140,76308,1807,High,9.8
478,Twitter,36-45,Male,Australia,Mobile,Mobile Data,Free,Text,3.7,33,237,44,25,90725,1208,Medium,2.5
479,LinkedIn,46-60,Other,Australia,Desktop,WiFi,Free,Image,0.9,6,594,32,136,83253,3754,High,4.8
480,TikTok,60+,Female,Brazil,Tablet,WiFi,Free,Text,3.3,15,339,189,117,65901,2982,Medium,7.1
481,Instagram,60+,Male,Japan,Tablet,WiFi,Free,Image,2.1,29,307,155,117,49144,1697,Low,7.5
482,LinkedIn,19-25,Male,Japan,Desktop,Mobile Data,Premium,Video,5.4,0,437,27,72,59620,2905,Medium,5.7
483,LinkedIn,19-25,Female,USA,Tablet,WiFi,Free,Video,1.1,25,784,1,134,59391,854,Low,8.3
484,Twitter,26-35,Male,UK,Tablet,Mobile Data,Premium,Image,2.5,40,666,180,146,23585,3089,High,7.5
485,LinkedIn,60+,Male,Germany,Mobile,Mobile Data,Free,Text,2.2,28,748,3,150,57961,4896,Low,4.6
486,Snapchat,36-45,Other,USA,Tablet,WiFi,Premium,Image,1.0,35,493,139,14,53107,4511,Medium,10.0
487,Snapchat,19-25,Male,Japan,Desktop,WiFi,Free,Mixed,0.7,6,267,130,96,71305,2257,Low,10.0
488,TikTok,36-45,Male,Brazil,Desktop,WiFi,Premium,Video,0.4,40,67,2,36,42595,3995,Medium,8.8
489,YouTube,36-45,Other,Australia,Mobile,Mobile Data,Premium,Video,2.5,14,442,157,123,52229,3555,Low,9.1
490,Facebook,60+,Male,Australia,Desktop,WiFi,Premium,Image,0.2,13,440,179,69,89336,4588,Low,9.9
491,YouTube,26-35,Male,UAE,Mobile,Mobile Data,Free,Video,3.6,8,692,147,43,22895,4348,Low,5.0
492,Twitter,13-18,Female,UK,Tablet,Mobile Data,Premium,Image,2.9,14,245,136,45,3874,822,Medium,2.6
493,YouTube,19-25,Female,UK,Desktop,WiFi,Free,Video,5.9,15,406,184,49,65229,1391,Low,6.4
494,Twitter,19-25,Male,UAE,Desktop,Mobile Data,Premium,Image,5.9,30,535,135,116,63545,2871,Low,3.9
495,Instagram,60+,Female,Japan,Tablet,WiFi,Free,Video,1.3,25,97,14,116,16367,3118,High,4.8
496,TikTok,26-35,Other,UAE,Desktop,WiFi,Premium,Text,4.2,21,240,87,62,10886,4792,Medium,7.5
497,Twitter,26-35,Male,USA,Desktop,WiFi,Premium,Mixed,1.6,16,455,180,29,18840,2254,High,6.3
498,Twitter,19-25,Male,USA,Mobile,WiFi,Free,Image,3.5,39,752,24,65,94238,3247,High,3.9
499,Instagram,19-25,Male,Australia,Tablet,Mobile Data,Free,Text,0.3,13,722,30,84,70491,4470,Medium,3.8
500,TikTok,36-45,Other,Japan,Mobile,Mobile Data,Premium,Video,2.1,3,186,82,63,95286,4360,Medium,1.9
501,Snapchat,46-60,Female,Japan,Tablet,Mobile Data,Premium,Image,4.3,29,510,97,83,51805,1536,Medium,4.1
502,Snapchat,36-45,Male,Singapore,Desktop,WiFi,Premium,Image,3.9,32,133,129,114,51655,2487,Low,0.7
503,Instagram,46-60,Other,Japan,Desktop,WiFi,Premium,Video,1.2,28,456,12,65,91434,1205,High,1.0
504,TikTok,36-45,Male,India,Tablet,WiFi,Free,Text,4.0,27,60,116,37,66591,2396,High,6.3
505,Snapchat,26-35,Other,Germany,Mobile,WiFi,Premium,Text,4.9,14,317,34,3,60804,1874,High,6.3
506,Pinterest,19-25,Female,Germany,Tablet,WiFi,Free,Mixed,5.2,18,365,31,16,47948,2700,High,7.0
507,YouTube,60+,Other,Germany,Tablet,WiFi,Premium,Image,5.4,32,764,10,128,6160,3996,Medium,5.9
508,TikTok,13-18,Male,USA,Tablet,WiFi,Free,Text,5.1,18,183,131,71,25289,1715,High,1.8
509,Instagram,60+,Other,Germany,Mobile,Mobile Data,Free,Image,1.0,31,208,42,9,17078,1371,High,1.2
510,Reddit,26-35,Other,Canada,Mobile,Mobile Data,Free,Text,2.6,4,336,160,22,12980,4247,High,2.2
511,LinkedIn,36-45,Other,Singapore,Tablet,Mobile Data,Free,Video,0.7,0,432,37,12,60766,771,Medium,5.3
512,Pinterest,46-60,Female,Australia,Desktop,Mobile Data,Free,Mixed,4.6,14,391,21,97,83067,1062,High,9.1
513,YouTube,13-18,Other,UAE,Desktop,Mobile Data,Premium,Video,0.9,9,297,73,84,87899,2979,Low,8.7
514,Twitter,60+,Other,UAE,Desktop,WiFi,Premium,Image,4.0,0,787,176,59,94757,3949,Medium,6.9
515,LinkedIn,26-35,Male,Brazil,Mobile,WiFi,Free,Video,0.2,18,30,31,134,46796,3289,High,2.8
516,TikTok,19-25,Male,USA,Tablet,Mobile Data,Premium,Image,1.6,18,254,170,21,89423,2097,Low,7.6
517,Twitter,26-35,Other,India,Tablet,WiFi,Premium,Video,1.6,22,747,90,25,63888,4548,Low,5.0
518,Instagram,26-35,Other,Germany,Mobile,WiFi,Free,Text,5.7,18,367,50,39,1566,3962,Low,5.2
519,YouTube,26-35,Female,Brazil,Mobile,WiFi,Free,Text,2.6,35,433,124,25,32829,4533,Medium,5.0
520,Instagram,60+,Male,Canada,Desktop,WiFi,Free,Video,2.6,5,327,37,3,45626,3757,High,0.8
521,Twitter,46-60,Female,Japan,Desktop,WiFi,Free,Text,1.6,24,493,58,94,10848,2551,Low,8.1
522,YouTube,26-35,Male,USA,Desktop,WiFi,Free,Text,3.9,9,673,11,12,81333,2435,Low,8.6
523,Facebook,26-35,Male,USA,Desktop,WiFi,Premium,Mixed,1.2,18,41,101,39,14724,249,Low,2.1
524,Instagram,60+,Other,Japan,Mobile,Mobile Data,Premium,Image,5.4,1,734,166,35,6899,713,Medium,5.9
525,YouTube,26-35,Other,UAE,Desktop,Mobile Data,Premium,Video,1.8,38,377,151,96,57880,3144,High,6.2
526,TikTok,36-45,Male,Canada,Tablet,Mobile Data,Free,Video,0.2,15,202,118,56,23492,1160,Low,3.7
527,Instagram,60+,Male,India,Mobile,WiFi,Free,Text,3.7,8,711,94,22,88206,3134,High,1.4
528,Reddit,19-25,Other,India,Mobile,WiFi,Free,Mixed,5.9,8,157,163,122,15611,2995,High,7.7
529,Twitter,13-18,Female,UK,Desktop,Mobile Data,Premium,Video,4.3,12,599,137,111,4463,4646,High,7.3
530,LinkedIn,19-25,Male,UK,Mobile,Mobile Data,Premium,Video,5.9,18,414,90,23,58354,4280,Low,1.0
531,Reddit,60+,Male,Singapore,Mobile,Mobile Data,Free,Text,0.7,7,596,175,88,65042,3751,Low,4.3
532,LinkedIn,60+,Other,Brazil,Desktop,WiFi,Free,Text,4.9,7,541,46,13,43382,930,Low,3.9
533,Instagram,36-45,Female,UAE,Tablet,WiFi,Premium,Image,2.3,22,509,162,37,39030,2741,High,9.3
534,Pinterest,36-45,Male,UK,Desktop,WiFi,Free,Text,2.2,40,583,169,79,67008,2443,Medium,2.7
535,Facebook,36-45,Other,UK,Desktop,WiFi,Free,Video,3.4,34,740,142,109,61684,2567,Medium,4.8
536,YouTube,26-35,Male,Australia,Tablet,Mobile Data,Premium,Video,1.8,14,797,90,69,81964,2709,Low,1.6
537,Twitter,46-60,Other,India,Desktop,Mobile Data,Free,Text,3.5,23,559,195,136,95398,3609,High,1.5
538,Pinterest,60+,Other,Japan,Desktop,WiFi,Free,Text,1.8,35,667,185,14,76274,4563,Low,1.2
539,Pinterest,19-25,Female,Brazil,Tablet,Mobile Data,Premium,Video,3.5,22,79,44,105,64057,2720,High,2.0
540,LinkedIn,46-60,Male,UAE,Tablet,Mobile Data,Free,Mixed,2.7,5,64,39,50,41125,1783,Low,9.9
541,Pinterest,26-35,Other,Japan,Mobile,Mobile Data,Premium,Text,2.8,22,188,63,128,62627,2741,High,6.3
542,TikTok,60+,Female,Japan,Tablet,WiFi,Premium,Image,4.3,33,670,46,19,43478,381,Medium,9.7
543,Twitter,36-45,Female,Singapore,Desktop,Mobile Data,Premium,Video,2.8,14,560,71,127,74541,2431,Medium,6.5
544,LinkedIn,13-18,Other,UK,Mobile,WiFi,Free,Image,5.4,35,230,18,60,38376,3539,Low,1.8
545,Instagram,19-25,Female,India,Desktop,WiFi,Free,Image,5.3,5,523,147,44,5928,1289,Medium,0.7
546,Reddit,36-45,Other,UAE,Tablet,Mobile Data,Free,Mixed,5.9,32,316,101,41,91578,4892,Low,9.4
547,Pinterest,46-60,Male,Australia,Mobile,WiFi,Premium,Text,0.8,12,22,32,30,60706,3589,Low,8.0
548,TikTok,46-60,Female,India,Desktop,Mobile Data,Premium,Text,5.4,34,625,34,131,50665,1614,High,4.0
549,YouTube,46-60,Male,Canada,Tablet,WiFi,Premium,Text,5.2,33,373,97,135,34560,4624,Low,9.2
550,Snapchat,46-60,Male,Canada,Mobile,WiFi,Premium,Image,2.3,1,705,130,130,8603,425,Low,5.0
551,TikTok,26-35,Female,Brazil,Tablet,WiFi,Free,Mixed,2.9,1,449,55,57,11366,4661,Low,6.0
552,Snapchat,13-18,Other,Japan,Desktop,WiFi,Premium,Video,4.7,9,169,43,33,98816,1310,Low,7.8
553,Pinterest,26-35,Male,USA,Tablet,WiFi,Free,Image,3.3,6,335,142,9,35372,898,Medium,7.8
554,Reddit,26-35,Female,Singapore,Mobile,Mobile Data,Free,Text,4.6,19,292,126,88,8734,4766,Medium,8.3
555,YouTube,26-35,Male,Australia,Desktop,Mobile Data,Premium,Video,5.6,20,471,76,120,5708,755,High,6.9
556,Facebook,36-45,Female,UAE,Tablet,WiFi,Free,Mixed,2.1,34,770,27,47,72344,4348,Low,2.2
557,LinkedIn,60+,Female,Japan,Tablet,Mobile Data,Premium,Mixed,2.4,23,660,102,90,72858,3264,Medium,5.4
558,Instagram,19-25,Other,Brazil,Tablet,Mobile Data,Premium,Video,4.9,28,786,195,135,26986,3452,High,0.8
559,Snapchat,26-35,Other,Singapore,Desktop,WiFi,Premium,Video,5.3,11,282,14,68,1794,1561,High,4.2
560,Pinterest,36-45,Male,Brazil,Desktop,WiFi,Premium,Mixed,2.1,7,85,136,82,10097,328,High,9.7
561,Pinterest,36-45,Male,Canada,Mobile,Mobile Data,Premium,Text,1.2,2,613,147,6,83452,1365,Medium,7.1
562,Twitter,13-18,Male,Brazil,Mobile,WiFi,Free,Mixed,5.5,18,219,20,133,18921,232,Medium,0.7
563,Twitter,36-45,Male,UAE,Tablet,Mobile Data,Premium,Video,5.4,9,501,102,100,57207,3173,Medium,3.7
564,Twitter,60+,Other,Canada,Desktop,Mobile Data,Free,Image,4.4,0,602,67,13,75525,2277,Low,6.6
565,Instagram,26-35,Other,Canada,Mobile,WiFi,Premium,Mixed,1.7,19,314,108,105,33876,3432,Low,5.3
566,TikTok,26-35,Male,UK,Mobile,Mobile Data,Free,Image,0.3,6,542,15,36,16340,287,Medium,4.8
567,Instagram,36-45,Male,UK,Mobile,Mobile Data,Free,Image,1.0,38,58,140,25,55541,72,Medium,6.7
568,Reddit,36-45,Male,Germany,Mobile,Mobile Data,Premium,Video,3.2,16,203,138,97,24154,1403,High,9.9
569,LinkedIn,19-25,Female,Japan,Mobile,WiFi,Premium,Text,3.7,9,767,94,95,9451,4691,Low,3.4
570,TikTok,13-18,Other,Japan,Desktop,WiFi,Free,Text,2.5,13,123,58,104,81698,3436,Medium,1.8
571,TikTok,36-45,Male,India,Desktop,WiFi,Premium,Mixed,3.3,8,382,88,0,90446,1282,Medium,10.0
572,Snapchat,26-35,Female,UAE,Tablet,Mobile Data,Free,Text,1.8,9,169,182,31,93660,4281,High,5.7
573,YouTube,60+,Male,Australia,Mobile,Mobile Data,Free,Video,2.7,3,151,150,37,46014,3817,Medium,5.6
574,Snapchat,19-25,Male,Singapore,Mobile,WiFi,Premium,Mixed,3.3,2,429,87,3,55055,3526,Medium,8.3
575,Twitter,13-18,Female,Germany,Mobile,WiFi,Premium,Video,3.6,11,288,10,35,51065,1895,Medium,1.6
576,Facebook,26-35,Female,Singapore,Tablet,Mobile Data,Premium,Text,3.3,36,784,65,72,78918,1469,Low,2.5
577,LinkedIn,13-18,Other,UAE,Tablet,WiFi,Free,Image,5.0,31,245,73,82,8766,2021,Low,6.6
578,Pinterest,60+,Female,Canada,Desktop,Mobile Data,Free,Text,4.3,15,793,173,8,53643,1200,Medium,6.9
579,TikTok,26-35,Female,UK,Mobile,WiFi,Premium,Mixed,1.5,31,18,185,2,68971,1192,Medium,6.3
580,Pinterest,60+,Male,UAE,Mobile,Mobile Data,Free,Video,2.7,31,590,112,12,64024,3027,Low,8.2
581,Facebook,46-60,Male,Japan,Desktop,WiFi,Free,Image,5.7,30,567,172,6,71810,224,High,8.7
582,TikTok,19-25,Male,Australia,Desktop,Mobile Data,Premium,Video,2.5,39,461,102,22,42408,398,Medium,2.8
583,Pinterest,19-25,Male,Canada,Tablet,WiFi,Free,Image,5.9,29,382,149,122,28805,4977,High,8.4
584,Reddit,19-25,Female,UAE,Tablet,Mobile Data,Premium,Video,1.6,7,233,142,80,18854,3257,Medium,3.0
585,Snapchat,19-25,Other,USA,Mobile,Mobile Data,Premium,Image,2.3,17,216,183,10,55229,2689,Medium,8.8
586,Reddit,36-45,Other,Germany,Mobile,WiFi,Free,Mixed,3.1,17,782,128,28,15421,1815,Medium,1.4
587,Reddit,26-35,Other,Canada,Mobile,Mobile Data,Premium,Video,5.4,11,732,186,31,65644,3072,Medium,4.9
588,LinkedIn,26-35,Male,Brazil,Tablet,WiFi,Premium,Mixed,5.0,7,26,114,0,67862,3557,Low,7.0
589,Facebook,26-35,Female,UK,Desktop,Mobile Data,Premium,Image,0.4,21,600,137,47,68181,404,High,5.3
590,Snapchat,60+,Female,Singapore,Mobile,WiFi,Free,Text,1.6,6,36,123,17,96957,1151,High,4.8
591,YouTube,26-35,Male,Australia,Desktop,WiFi,Free,Video,0.8,3,435,120,79,68759,685,Medium,2.1
592,LinkedIn,19-25,Other,Singapore,Mobile,WiFi,Premium,Video,2.9,19,743,36,136,20949,1428,High,3.4
593,Instagram,13-18,Other,India,Mobile,WiFi,Premium,Text,5.7,39,351,193,108,73135,115,Low,8.7
594,LinkedIn,46-60,Male,Canada,Desktop,Mobile Data,Free,Text,4.9,8,728,93,51,85463,2922,High,1.9
595,Snapchat,13-18,Male,Singapore,Desktop,WiFi,Free,Image,3.8,16,315,186,132,89572,1662,High,5.8
596,Twitter,36-45,Male,Japan,Tablet,Mobile Data,Free,Mixed,0.4,5,583,176,65,78236,821,High,5.8
597,YouTube,13-18,Female,Germany,Tablet,Mobile Data,Free,Text,3.7,23,629,50,61,45651,348,High,2.7
598,LinkedIn,36-45,Female,India,Mobile,Mobile Data,Free,Text,3.0,31,779,6,129,34095,257,Medium,7.2
599,Facebook,13-18,Female,UAE,Desktop,WiFi,Premium,Mixed,2.6,32,189,89,44,5725,1437,Low,9.7
600,TikTok,19-25,Male,Brazil,Tablet,WiFi,Premium,Video,1.2,27,451,5,111,50587,2712,High,4.2
601,Facebook,60+,Other,Singapore,Tablet,WiFi,Premium,Image,3.5,20,687,97,86,86115,3624,Low,0.7
602,Twitter,26-35,Other,UAE,Desktop,WiFi,Premium,Image,0.9,4,19,200,140,74531,1334,Medium,5.1
603,Facebook,13-18,Other,Canada,Desktop,Mobile Data,Free,Video,4.8,10,680,113,16,96994,3032,Low,9.7
604,YouTube,26-35,Female,India,Desktop,WiFi,Free,Text,3.0,38,200,2,70,59542,3787,Low,2.3
605,TikTok,60+,Male,Canada,Mobile,WiFi,Premium,Text,3.5,11,736,52,45,8989,420,Low,9.1
606,Pinterest,60+,Female,Canada,Tablet,Mobile Data,Premium,Text,2.4,3,519,93,111,56128,105,Low,5.0
607,YouTube,46-60,Other,Japan,Desktop,WiFi,Premium,Mixed,3.8,12,436,63,84,62994,2235,Low,9.9
608,LinkedIn,19-25,Male,Canada,Mobile,WiFi,Free,Mixed,0.7,13,447,96,61,61906,1462,Medium,3.2
609,Instagram,46-60,Female,Australia,Mobile,Mobile Data,Free,Image,3.9,20,211,32,141,63814,3781,Medium,7.6
610,YouTube,26-35,Female,Japan,Mobile,WiFi,Free,Text,5.1,13,105,2,44,79780,4060,Low,6.2
611,Instagram,26-35,Female,Canada,Tablet,Mobile Data,Free,Mixed,1.4,30,221,111,32,55423,3990,Medium,6.4
612,Twitter,60+,Male,Brazil,Tablet,WiFi,Premium,Text,1.1,12,364,17,59,41087,3744,High,5.3
613,TikTok,36-45,Female,Japan,Desktop,WiFi,Premium,Video,5.9,30,625,188,70,36363,3560,Low,8.9
614,Snapchat,19-25,Female,Germany,Desktop,Mobile Data,Premium,Image,5.9,30,99,105,49,23500,2851,Medium,3.6
615,Twitter,36-45,Male,Brazil,Desktop,Mobile Data,Premium,Text,5.5,8,218,64,32,68782,1687,High,5.6
616,Pinterest,46-60,Other,India,Tablet,WiFi,Free,Text,5.0,29,455,88,10,49147,2411,High,9.8
617,LinkedIn,60+,Other,Japan,Mobile,WiFi,Premium,Text,2.1,23,452,123,54,89425,1067,High,9.2
618,Instagram,26-35,Female,Japan,Mobile,WiFi,Premium,Mixed,1.3,40,469,147,14,56637,4594,High,2.7
619,Snapchat,19-25,Female,UK,Desktop,WiFi,Premium,Video,1.0,15,167,31,51,29707,3039,Medium,4.2
620,Snapchat,46-60,Male,UAE,Mobile,Mobile Data,Free,Image,2.3,32,143,111,84,2836,1491,High,5.4
621,Twitter,26-35,Other,Germany,Mobile,WiFi,Free,Mixed,0.6,19,423,72,150,24106,472,High,3.5
622,LinkedIn,46-60,Female,Singapore,Mobile,Mobile Data,Free,Image,0.5,15,790,111,11,69843,4480,Medium,9.4
623,YouTube,60+,Female,Japan,Mobile,Mobile Data,Premium,Mixed,4.0,10,188,17,17,27237,2899,Low,1.9
624,YouTube,19-25,Female,Germany,Desktop,Mobile Data,Premium,Mixed,3.1,6,479,117,92,95358,2698,High,0.8
625,Snapchat,60+,Other,UAE,Mobile,Mobile Data,Free,Mixed,0.3,0,12,168,75,43944,1113,Low,1.9
626,Reddit,60+,Other,UAE,Desktop,WiFi,Free,Video,2.9,14,584,154,18,89511,4464,High,9.0
627,TikTok,19-25,Male,Germany,Tablet,Mobile Data,Premium,Video,4.2,6,352,54,46,50158,3200,High,6.2
628,Instagram,19-25,Male,UK,Mobile,Mobile Data,Free,Text,2.8,37,290,167,10,81831,112,High,0.7
629,Facebook,19-25,Male,UAE,Tablet,Mobile Data,Free,Video,5.2,5,291,188,68,76760,589,Medium,2.2
630,LinkedIn,26-35,Other,UAE,Tablet,WiFi,Free,Video,3.7,21,202,41,3,69731,2930,High,6.8
631,Instagram,36-45,Other,UK,Mobile,Mobile Data,Free,Image,2.6,0,300,199,71,40715,3586,High,4.6
632,Facebook,36-45,Other,UK,Tablet,WiFi,Free,Mixed,3.8,8,516,151,49,60522,4213,Low,6.3
633,YouTube,36-45,Other,USA,Mobile,Mobile Data,Premium,Video,1.9,13,257,176,126,14306,1768,Medium,3.5
634,Twitter,60+,Female,Australia,Desktop,WiFi,Free,Mixed,1.4,20,155,47,60,49074,2773,Medium,3.3
635,Pinterest,46-60,Female,Canada,Tablet,WiFi,Free,Text,0.5,1,381,166,99,88566,713,Low,1.2
636,Reddit,60+,Male,Canada,Tablet,Mobile Data,Free,Video,0.3,0,621,98,41,21926,2709,Low,3.2
637,Instagram,60+,Female,Japan,Tablet,WiFi,Premium,Image,3.3,6,748,108,70,58615,1542,Medium,3.8
638,Reddit,36-45,Male,UK,Mobile,Mobile Data,Free,Mixed,0.8,31,1,131,11,80269,2385,Low,6.0
639,Reddit,36-45,Female,Australia,Mobile,Mobile Data,Premium,Mixed,3.3,24,227,191,35,36117,4817,High,6.2
640,Instagram,13-18,Female,UK,Tablet,Mobile Data,Free,Video,0.9,29,117,38,123,51678,1568,High,8.0
641,Twitter,60+,Female,USA,Desktop,Mobile Data,Premium,Video,1.5,9,782,42,96,52799,1077,Medium,5.9
642,Instagram,60+,Male,Singapore,Mobile,Mobile Data,Free,Image,0.7,16,5,176,54,10312,2376,Low,2.5
643,Twitter,36-45,Other,USA,Tablet,WiFi,Premium,Video,4.1,16,228,38,39,22946,861,High,6.6
644,Twitter,46-60,Female,Australia,Tablet,Mobile Data,Free,Video,1.4,33,181,76,83,10989,3876,Medium,8.1
645,LinkedIn,60+,Male,Japan,Tablet,WiFi,Free,Video,2.2,31,53,16,144,43566,1008,Low,6.6
646,TikTok,13-18,Other,Japan,Tablet,Mobile Data,Premium,Text,5.6,23,359,61,125,93173,1834,Low,9.1
647,Instagram,36-45,Male,Singapore,Desktop,WiFi,Premium,Video,1.8,10,225,172,70,15920,2541,Low,2.9
648,YouTube,60+,Other,UAE,Mobile,Mobile Data,Premium,Text,2.1,20,701,57,17,58498,4969,High,8.0
649,Twitter,36-45,Other,Australia,Desktop,WiFi,Premium,Text,5.0,1,713,1,74,7727,2140,High,6.2
650,Pinterest,13-18,Male,Australia,Tablet,Mobile Data,Premium,Image,5.7,15,386,155,106,57929,3979,Low,0.7
651,Reddit,26-35,Female,USA,Tablet,Mobile Data,Free,Video,2.7,40,765,98,67,3374,1481,Medium,7.7
652,TikTok,60+,Other,Australia,Mobile,Mobile Data,Free,Video,2.4,3,140,185,125,79704,4627,Medium,6.5
653,Twitter,19-25,Female,Japan,Desktop,Mobile Data,Free,Text,3.7,27,125,192,48,71335,4610,Low,1.9
654,LinkedIn,36-45,Female,UK,Mobile,WiFi,Free,Mixed,2.8,14,160,149,9,97756,1767,High,7.4
655,Twitter,26-35,Other,Germany,Desktop,WiFi,Premium,Mixed,5.1,1,251,41,42,43641,2958,High,1.7
656,LinkedIn,13-18,Other,Australia,Mobile,Mobile Data,Premium,Mixed,4.2,9,167,40,102,49044,1485,Medium,3.9
657,Snapchat,46-60,Male,Australia,Mobile,WiFi,Premium,Text,1.8,14,53,189,107,4029,2332,Medium,1.9
658,Pinterest,46-60,Female,Canada,Desktop,WiFi,Free,Mixed,2.5,4,441,149,149,9136,3858,Medium,8.9
659,Pinterest,46-60,Female,India,Tablet,WiFi,Free,Video,0.7,25,262,149,125,56965,258,High,1.4
660,YouTube,36-45,Other,Germany,Mobile,Mobile Data,Premium,Text,5.6,17,278,187,81,68651,1969,High,9.2
661,YouTube,13-18,Male,USA,Tablet,Mobile Data,Free,Image,2.1,32,336,50,20,40168,642,Medium,8.5
662,Instagram,13-18,Other,Japan,Desktop,Mobile Data,Free,Image,4.6,1,218,135,16,41775,3169,Low,1.0
663,Reddit,26-35,Other,Australia,Mobile,Mobile Data,Free,Image,4.7,31,308,60,55,28856,3154,Low,6.5
664,Facebook,36-45,Other,Australia,Tablet,WiFi,Free,Text,3.9,20,579,63,94,77881,1064,High,8.2
665,Pinterest,46-60,Male,Brazil,Mobile,WiFi,Free,Mixed,2.2,3,506,109,18,74054,185,High,8.7
666,YouTube,19-25,Other,UAE,Desktop,Mobile Data,Premium,Mixed,0.3,5,656,58,148,59135,1926,High,9.7
667,LinkedIn,13-18,Female,India,Desktop,Mobile Data,Premium,Image,2.9,34,300,146,38,79278,3693,High,4.5
668,Snapchat,60+,Other,India,Mobile,Mobile Data,Free,Video,3.2,25,282,82,58,10164,3879,High,1.5
669,Snapchat,19-25,Male,Canada,Desktop,WiFi,Premium,Mixed,4.7,28,222,26,40,75024,1459,Low,7.5
670,Reddit,60+,Other,USA,Mobile,Mobile Data,Free,Mixed,4.9,8,145,9,15,46680,3987,High,5.1
671,YouTube,26-35,Male,Germany,Tablet,Mobile Data,Free,Image,4.8,13,503,85,134,87964,3526,Medium,1.4
672,TikTok,46-60,Other,UK,Tablet,Mobile Data,Free,Mixed,4.6,38,789,177,47,39734,1551,Low,8.8
673,Snapchat,19-25,Male,Japan,Desktop,WiFi,Premium,Video,5.6,35,282,160,79,53449,1169,Medium,0.6
674,Pinterest,13-18,Other,Canada,Tablet,Mobile Data,Premium,Text,1.7,27,280,27,64,81658,301,Medium,1.0
675,YouTube,60+,Other,UAE,Tablet,WiFi,Free,Mixed,1.7,34,509,89,128,60150,4339,Low,2.1
676,Pinterest,26-35,Male,India,Tablet,Mobile Data,Premium,Text,0.3,38,226,34,137,49935,3592,Low,4.4
677,YouTube,60+,Other,Brazil,Tablet,Mobile Data,Free,Video,3.4,27,603,21,62,99753,3339,High,5.4
678,Reddit,36-45,Other,Brazil,Mobile,Mobile Data,Free,Image,5.2,5,749,196,91,39672,298,Low,2.5
679,Snapchat,26-35,Female,Singapore,Desktop,WiFi,Premium,Mixed,3.6,22,686,76,66,69742,4648,High,6.4
680,Facebook,26-35,Female,India,Tablet,WiFi,Free,Image,1.4,17,429,148,25,45579,1473,High,1.0
681,Snapchat,19-25,Other,UK,Desktop,Mobile Data,Premium,Video,2.2,32,384,111,89,10514,2302,Low,9.7
682,Pinterest,26-35,Other,UK,Desktop,Mobile Data,Free,Image,4.0,16,133,164,59,77685,1507,Low,7.6
683,LinkedIn,36-45,Other,UAE,Tablet,Mobile Data,Premium,Mixed,2.8,2,298,46,41,74001,2844,Medium,4.1
684,Reddit,13-18,Other,Germany,Desktop,Mobile Data,Free,Text,2.4,5,717,3,146,15568,4734,High,7.3
685,Instagram,36-45,Female,Singapore,Desktop,WiFi,Free,Text,5.5,13,723,62,107,8957,3919,Low,5.7
686,Reddit,60+,Other,India,Desktop,WiFi,Premium,Image,1.5,3,403,184,46,65955,474,High,6.0
687,YouTube,19-25,Other,Canada,Tablet,Mobile Data,Premium,Mixed,2.1,17,441,87,41,21660,4544,Medium,3.6
688,TikTok,19-25,Female,Germany,Mobile,Mobile Data,Free,Video,5.7,6,31,2,108,98030,4554,High,9.4
689,Twitter,60+,Female,Brazil,Tablet,Mobile Data,Premium,Image,1.9,2,164,134,137,26710,4798,High,6.0
690,Reddit,46-60,Male,UK,Tablet,WiFi,Premium,Mixed,1.1,5,488,131,107,82042,828,Low,1.4
691,TikTok,60+,Male,Canada,Tablet,Mobile Data,Free,Image,1.1,5,100,83,115,79776,2242,High,8.4
692,Instagram,36-45,Female,Australia,Mobile,Mobile Data,Premium,Image,0.3,14,92,97,6,24198,4545,High,5.3
693,Reddit,46-60,Other,Australia,Desktop,Mobile Data,Free,Text,4.3,19,512,72,60,49613,1225,High,1.4
694,LinkedIn,60+,Male,USA,Tablet,WiFi,Premium,Video,4.0,11,119,70,2,30621,4116,Low,2.9
695,YouTube,19-25,Other,Germany,Mobile,WiFi,Free,Video,3.0,11,674,69,19,22121,315,Low,9.9
696,TikTok,60+,Male,Brazil,Tablet,Mobile Data,Free,Mixed,3.7,40,569,24,69,38667,4140,Low,7.0
697,Pinterest,36-45,Other,UAE,Tablet,WiFi,Free,Mixed,3.1,37,732,72,68,20372,4314,High,7.0
698,Snapchat,36-45,Male,USA,Tablet,Mobile Data,Free,Image,4.5,16,470,120,12,34350,1635,Low,2.0
699,Snapchat,46-60,Other,Singapore,Tablet,WiFi,Free,Video,5.8,10,752,95,144,26715,3018,Medium,4.9
700,LinkedIn,13-18,Male,India,Tablet,WiFi,Premium,Mixed,2.0,13,670,50,120,92126,2911,High,6.8
701,TikTok,26-35,Male,Japan,Mobile,WiFi,Premium,Text,4.5,16,229,21,150,93091,3483,Medium,6.6
702,YouTube,26-35,Male,UK,Mobile,Mobile Data,Premium,Text,3.5,30,435,170,80,43035,154,Low,4.3
703,LinkedIn,13-18,Male,USA,Tablet,WiFi,Free,Mixed,2.7,8,184,54,61,17843,2507,Medium,0.6
704,LinkedIn,13-18,Female,Singapore,Desktop,WiFi,Premium,Text,3.2,5,464,141,129,82068,3341,Medium,9.2
705,Snapchat,60+,Male,Brazil,Mobile,WiFi,Free,Video,3.8,6,361,148,43,81940,3882,Low,2.0
706,YouTube,46-60,Other,India,Mobile,Mobile Data,Free,Mixed,1.6,17,714,59,146,62181,2554,Medium,0.6
707,Facebook,36-45,Other,Germany,Mobile,Mobile Data,Free,Image,5.4,6,51,23,141,80471,3165,High,5.8
708,Facebook,13-18,Other,Germany,Tablet,WiFi,Free,Video,3.7,31,526,94,37,38119,4352,Low,8.1
709,LinkedIn,60+,Male,Germany,Mobile,WiFi,Free,Mixed,0.3,2,568,71,9,92190,1781,High,7.2
710,Instagram,60+,Other,India,Tablet,Mobile Data,Free,Image,4.4,37,533,18,1,96134,3701,Low,7.9
711,LinkedIn,46-60,Other,USA,Mobile,WiFi,Premium,Mixed,1.5,27,398,63,85,63244,1217,Low,1.7
712,Instagram,13-18,Female,Japan,Desktop,Mobile Data,Premium,Text,5.8,7,570,11,92,90718,165,Medium,6.7
713,Facebook,46-60,Male,India,Tablet,WiFi,Free,Video,2.5,30,125,95,11,79549,1813,Low,6.3
714,YouTube,13-18,Male,Germany,Mobile,Mobile Data,Premium,Text,3.9,36,713,108,102,50724,2424,Medium,1.7
715,Facebook,13-18,Male,Germany,Mobile,WiFi,Free,Mixed,5.5,22,219,6,93,60628,144,Medium,9.7
716,Twitter,60+,Other,UK,Desktop,WiFi,Premium,Video,1.1,0,58,155,4,80949,1857,Low,1.1
717,Reddit,19-25,Male,UAE,Tablet,WiFi,Free,Text,5.1,26,112,137,115,69510,2606,High,1.3
718,Reddit,26-35,Other,USA,Tablet,WiFi,Premium,Text,5.5,22,742,166,149,32884,3873,Low,9.5
719,YouTube,46-60,Male,Singapore,Mobile,Mobile Data,Premium,Text,3.4,39,494,166,108,65118,1532,Low,0.6
720,Facebook,13-18,Other,Germany,Mobile,WiFi,Free,Mixed,3.1,14,383,19,84,33061,4973,Medium,5.3
721,YouTube,60+,Male,Canada,Desktop,Mobile Data,Free,Video,4.1,33,594,94,39,25160,1489,Low,8.8
722,Snapchat,26-35,Other,Australia,Desktop,WiFi,Premium,Text,0.9,27,739,1,52,3790,3878,Low,8.9
723,YouTube,13-18,Male,Canada,Mobile,Mobile Data,Premium,Video,1.3,38,248,53,63,26071,317,Low,3.3
724,Facebook,36-45,Male,Canada,Mobile,WiFi,Free,Text,1.1,31,707,98,121,17505,3345,Medium,2.8
725,Facebook,19-25,Other,Germany,Tablet,Mobile Data,Premium,Text,1.4,17,748,157,70,75926,1787,Medium,4.3
726,LinkedIn,19-25,Other,USA,Tablet,WiFi,Premium,Video,1.5,25,607,2,94,89664,2296,Medium,1.1
727,Instagram,26-35,Male,USA,Desktop,Mobile Data,Premium,Image,5.9,1,730,182,74,61522,3772,Medium,2.1
728,Twitter,19-25,Other,Australia,Desktop,Mobile Data,Free,Text,1.6,40,243,16,140,53993,4666,High,5.5
729,TikTok,19-25,Other,USA,Mobile,WiFi,Free,Text,0.3,39,83,92,12,48767,3656,High,7.7
730,Snapchat,60+,Female,USA,Mobile,WiFi,Premium,Text,5.1,21,694,143,27,66925,1841,Low,9.7
731,LinkedIn,26-35,Other,Germany,Tablet,WiFi,Free,Mixed,1.3,22,7,40,140,32785,2955,Medium,5.0
732,Reddit,36-45,Male,Germany,Mobile,Mobile Data,Premium,Image,4.9,26,105,91,90,73214,2249,Medium,2.6
733,Twitter,13-18,Other,Australia,Mobile,Mobile Data,Free,Image,5.6,34,366,107,36,38335,1184,High,3.2
734,Reddit,13-18,Other,USA,Mobile,Mobile Data,Free,Image,2.0,32,670,17,56,13478,4505,Medium,1.0
735,TikTok,13-18,Male,UAE,Tablet,WiFi,Free,Text,1.7,40,712,192,118,62582,3656,Low,8.2
736,YouTube,19-25,Female,UAE,Desktop,WiFi,Free,Image,2.4,10,260,83,95,75675,4846,Medium,5.3
737,YouTube,13-18,Male,Germany,Tablet,Mobile Data,Premium,Mixed,5.2,26,629,61,20,24364,4034,Low,5.9
738,Facebook,19-25,Male,Germany,Mobile,Mobile Data,Free,Text,3.8,24,360,83,24,80981,4956,Low,5.9
739,LinkedIn,26-35,Male,UK,Desktop,Mobile Data,Premium,Image,1.3,34,658,33,5,70977,2832,Low,0.8
740,Snapchat,26-35,Male,UAE,Mobile,Mobile Data,Premium,Image,0.7,5,589,63,5,87249,2740,Medium,0.9
741,Instagram,60+,Male,UAE,Mobile,WiFi,Free,Image,0.8,32,616,8,30,28335,1244,Low,7.1
742,TikTok,60+,Male,Canada,Mobile,WiFi,Free,Text,4.6,37,670,135,48,56292,598,Medium,1.7
743,YouTube,19-25,Male,UK,Desktop,Mobile Data,Free,Image,1.0,19,51,141,12,85418,860,Low,6.5
744,Pinterest,60+,Male,India,Desktop,WiFi,Premium,Text,1.3,9,15,72,97,49373,2264,Low,0.9
745,YouTube,26-35,Other,Germany,Desktop,WiFi,Free,Video,4.9,9,627,149,64,31560,4104,Low,8.7
746,Snapchat,26-35,Other,Japan,Desktop,Mobile Data,Premium,Image,3.2,36,292,26,111,57672,3597,Low,7.8
747,Pinterest,36-45,Male,Japan,Desktop,Mobile Data,Premium,Video,3.8,8,478,199,80,29292,3298,Medium,1.1
748,LinkedIn,60+,Male,Brazil,Mobile,WiFi,Premium,Video,1.4,12,105,47,122,99104,1420,High,4.7
749,Reddit,60+,Male,UK,Desktop,WiFi,Free,Text,2.8,3,304,71,83,85199,4079,Medium,5.5
750,LinkedIn,36-45,Male,Brazil,Tablet,WiFi,Premium,Image,3.4,18,132,28,117,29895,1251,High,8.8
751,Facebook,26-35,Female,Canada,Tablet,Mobile Data,Free,Mixed,5.1,21,727,82,109,93833,2718,High,9.9
752,Facebook,46-60,Female,UAE,Tablet,Mobile Data,Free,Image,4.4,10,87,153,8,27957,4144,High,1.9
753,LinkedIn,46-60,Other,USA,Mobile,Mobile Data,Premium,Video,5.1,32,143,170,19,59931,1706,High,5.6
754,Facebook,26-35,Other,India,Tablet,WiFi,Premium,Image,3.1,17,123,37,78,7615,2011,High,5.7
755,Twitter,60+,Male,India,Desktop,Mobile Data,Premium,Video,5.8,6,479,61,137,54546,984,Medium,1.2
756,Pinterest,19-25,Female,UAE,Tablet,Mobile Data,Premium,Video,4.5,38,564,136,139,3854,1467,High,7.9
757,TikTok,26-35,Other,UAE,Desktop,WiFi,Premium,Video,1.8,15,188,62,78,19016,636,Medium,5.9
758,Twitter,46-60,Male,USA,Desktop,Mobile Data,Premium,Mixed,2.6,30,119,56,49,68587,4052,Medium,0.6
759,YouTube,26-35,Female,India,Desktop,WiFi,Premium,Mixed,3.4,32,67,37,11,68899,408,Medium,1.2
760,Pinterest,19-25,Male,Germany,Tablet,Mobile Data,Premium,Video,3.7,29,677,192,149,78084,64,Medium,5.7
761,Twitter,26-35,Female,Germany,Mobile,Mobile Data,Premium,Text,3.1,26,447,135,92,34528,4926,Low,7.5
762,Reddit,36-45,Male,Germany,Desktop,Mobile Data,Premium,Text,3.6,5,467,32,62,93556,1442,Low,3.9
763,Twitter,46-60,Male,Japan,Desktop,Mobile Data,Premium,Image,4.4,2,476,38,90,40029,630,High,7.0
764,TikTok,46-60,Other,Germany,Mobile,WiFi,Premium,Text,5.6,9,41,70,115,97650,3743,Medium,6.4
765,YouTube,13-18,Male,Singapore,Desktop,Mobile Data,Premium,Image,1.4,39,357,160,80,93661,2102,Medium,6.9
766,Reddit,26-35,Female,India,Desktop,WiFi,Free,Video,1.7,14,452,173,125,38885,346,High,5.8
767,Reddit,36-45,Female,Brazil,Desktop,Mobile Data,Free,Mixed,0.6,8,351,14,125,55256,3921,Low,1.7
768,Twitter,60+,Female,Australia,Tablet,Mobile Data,Premium,Image,4.1,29,143,173,1,47913,4130,Low,2.2
769,Pinterest,60+,Other,Canada,Tablet,WiFi,Premium,Text,2.2,14,86,93,116,30844,4392,Low,4.4
770,Instagram,46-60,Female,Australia,Mobile,Mobile Data,Free,Mixed,4.2,14,110,27,120,87582,4205,Medium,2.0
771,LinkedIn,13-18,Other,Japan,Desktop,WiFi,Free,Mixed,2.5,6,400,126,27,36910,2364,Low,7.8
772,Pinterest,19-25,Other,Brazil,Desktop,WiFi,Free,Mixed,1.6,17,537,111,91,93775,3328,High,3.8
773,Facebook,26-35,Other,India,Tablet,Mobile Data,Premium,Video,4.6,11,351,45,84,54189,4441,High,2.5
774,LinkedIn,26-35,Male,USA,Tablet,WiFi,Free,Mixed,1.9,0,72,63,15,13845,3323,High,5.0
775,LinkedIn,60+,Female,UAE,Mobile,Mobile Data,Premium,Image,2.1,9,202,147,123,10749,1184,Medium,1.0
776,Reddit,36-45,Male,Japan,Mobile,Mobile Data,Premium,Image,3.1,16,243,48,148,40369,1560,Medium,6.3
777,Pinterest,13-18,Female,UAE,Tablet,WiFi,Free,Image,5.8,9,708,171,68,53288,713,High,4.5
778,Facebook,60+,Male,Germany,Tablet,Mobile Data,Premium,Image,3.7,13,50,184,140,43772,1837,Medium,8.6
779,Twitter,13-18,Other,Australia,Tablet,Mobile Data,Premium,Image,0.9,13,85,89,68,15392,4308,High,7.9
780,Reddit,26-35,Male,USA,Tablet,Mobile Data,Free,Text,2.3,2,603,196,28,84787,2752,Medium,6.7
781,Pinterest,36-45,Other,UK,Tablet,Mobile Data,Free,Mixed,2.6,35,767,73,100,5578,2976,Medium,1.7
782,Instagram,46-60,Male,Australia,Desktop,WiFi,Premium,Mixed,1.6,31,675,22,49,68461,1518,Low,1.6
783,Twitter,36-45,Female,Japan,Desktop,WiFi,Premium,Video,3.4,30,517,166,68,5490,3285,Medium,9.2
784,Twitter,60+,Female,Singapore,Desktop,WiFi,Free,Mixed,2.1,18,586,19,49,68870,3347,Medium,7.9
785,Pinterest,60+,Male,Singapore,Desktop,WiFi,Premium,Text,0.3,12,688,71,149,36307,130,Medium,4.6
786,Twitter,13-18,Male,USA,Desktop,Mobile Data,Premium,Mixed,3.4,36,640,151,32,74301,3259,High,1.1
787,LinkedIn,60+,Male,Brazil,Tablet,Mobile Data,Premium,Video,2.8,30,695,58,45,65630,409,Low,6.5
788,Snapchat,13-18,Male,Canada,Mobile,Mobile Data,Premium,Image,1.0,17,317,115,136,33193,725,Low,8.5
789,Reddit,19-25,Other,Australia,Desktop,Mobile Data,Premium,Text,4.2,33,652,1,13,77770,2298,Low,0.5
790,TikTok,46-60,Male,Germany,Desktop,Mobile Data,Premium,Video,4.9,4,141,145,10,10094,311,Low,4.1
791,Snapchat,60+,Male,India,Mobile,WiFi,Free,Video,5.3,10,563,96,10,36279,3552,Low,3.1
792,YouTube,26-35,Male,Japan,Desktop,Mobile Data,Premium,Text,4.0,9,249,185,132,60398,4662,Medium,7.9
793,Instagram,13-18,Male,Australia,Desktop,WiFi,Premium,Mixed,1.7,2,771,60,79,60400,337,Medium,8.7
794,Pinterest,13-18,Female,UAE,Desktop,WiFi,Premium,Video,2.5,27,488,69,12,7422,4306,Medium,8.9
795,Facebook,13-18,Female,Canada,Desktop,Mobile Data,Free,Video,4.7,22,472,186,105,74,3167,Medium,1.9
796,Facebook,60+,Female,UAE,Desktop,Mobile Data,Free,Image,4.5,7,59,182,57,88406,1422,Low,8.3
797,Reddit,60+,Male,UK,Desktop,Mobile Data,Free,Video,3.8,6,621,22,62,46374,4492,Medium,5.6
798,Pinterest,46-60,Male,Canada,Mobile,Mobile Data,Free,Mixed,1.6,31,192,22,3,22455,754,Medium,1.0
799,Twitter,36-45,Other,Australia,Desktop,WiFi,Free,Mixed,4.7,20,466,135,146,70539,4230,High,1.4
800,Facebook,13-18,Other,USA,Mobile,Mobile Data,Premium,Video,4.4,1,779,10,148,1897,3411,High,6.3
801,Snapchat,46-60,Other,UK,Desktop,Mobile Data,Premium,Mixed,1.9,39,457,169,135,10045,4174,Low,6.5
802,Instagram,13-18,Other,India,Mobile,WiFi,Free,Video,1.2,29,403,24,109,28989,3804,High,9.1
803,LinkedIn,19-25,Other,India,Mobile,WiFi,Free,Image,4.7,26,620,98,76,66871,4003,High,6.1
804,Twitter,19-25,Other,Germany,Desktop,Mobile Data,Premium,Mixed,1.1,9,335,194,48,94086,1612,Low,5.2
805,YouTube,26-35,Other,Australia,Mobile,Mobile Data,Free,Mixed,0.5,38,351,3,113,65947,3130,Medium,8.6
806,YouTube,19-25,Male,Australia,Desktop,WiFi,Free,Mixed,4.5,21,772,48,105,81551,2807,Medium,0.7
807,Facebook,19-25,Other,UK,Desktop,Mobile Data,Free,Mixed,4.1,7,52,77,118,13432,3207,Medium,8.0
808,Instagram,26-35,Other,Canada,Mobile,WiFi,Free,Text,0.4,28,463,89,38,67554,2306,Low,5.8
809,Pinterest,26-35,Female,UAE,Tablet,WiFi,Premium,Video,4.9,32,511,199,116,56398,3976,Medium,5.4
810,Pinterest,19-25,Female,Japan,Tablet,WiFi,Free,Image,2.1,31,751,5,45,31111,165,Low,3.0
811,Twitter,19-25,Female,Brazil,Tablet,WiFi,Premium,Text,3.2,27,511,114,89,16822,4480,Low,9.3
812,Facebook,13-18,Female,Germany,Desktop,WiFi,Free,Mixed,4.2,11,260,102,149,5983,2857,High,8.6
813,Facebook,60+,Other,India,Mobile,Mobile Data,Premium,Mixed,2.1,34,796,197,67,55620,3746,High,8.3
814,Facebook,13-18,Male,Germany,Desktop,WiFi,Free,Text,3.7,30,451,32,118,94999,1273,Medium,2.3
815,Pinterest,36-45,Other,Brazil,Tablet,Mobile Data,Free,Text,2.5,28,44,45,87,45487,4344,Medium,1.6
816,Pinterest,60+,Female,USA,Tablet,WiFi,Premium,Text,3.5,40,117,64,33,8371,4211,High,1.5
817,Snapchat,26-35,Female,India,Mobile,Mobile Data,Premium,Text,4.9,28,93,186,147,88132,721,Low,9.5
818,Snapchat,26-35,Other,Brazil,Mobile,WiFi,Free,Video,5.2,36,391,152,128,32355,2810,Medium,7.5
819,Pinterest,60+,Female,Brazil,Mobile,WiFi,Free,Text,1.2,1,599,78,136,9565,4441,Medium,8.3
820,Twitter,26-35,Other,UAE,Desktop,WiFi,Premium,Video,3.6,22,162,133,28,22821,3860,Low,7.5
821,Pinterest,60+,Female,USA,Mobile,Mobile Data,Free,Mixed,2.6,28,427,82,98,84579,3359,Medium,3.4
822,Twitter,60+,Other,Canada,Desktop,WiFi,Premium,Mixed,2.9,9,360,19,138,36362,329,Medium,8.4
823,Facebook,46-60,Female,Germany,Desktop,Mobile Data,Free,Mixed,4.2,17,276,91,6,79338,1222,Medium,5.1
824,Reddit,60+,Other,UAE,Tablet,Mobile Data,Premium,Video,4.8,26,784,105,101,54483,4703,Low,8.3
825,LinkedIn,60+,Female,Japan,Mobile,Mobile Data,Free,Mixed,3.5,8,590,21,130,49403,2931,Low,8.6
826,Twitter,36-45,Other,UK,Tablet,WiFi,Premium,Mixed,4.6,2,109,73,70,13567,2351,Low,2.0
827,Instagram,46-60,Male,India,Mobile,Mobile Data,Premium,Image,0.6,21,365,57,117,29587,456,High,3.6
828,Twitter,26-35,Other,Japan,Mobile,WiFi,Free,Image,4.4,20,560,116,93,9288,1672,Low,8.5
829,YouTube,13-18,Other,UK,Tablet,WiFi,Free,Text,2.5,3,137,70,136,59669,2257,Medium,6.8
830,Instagram,26-35,Other,Canada,Desktop,Mobile Data,Premium,Image,4.7,17,227,173,6,65414,2167,High,3.0
831,LinkedIn,46-60,Other,Japan,Desktop,Mobile Data,Premium,Mixed,1.7,31,565,42,39,57037,925,High,2.8
832,TikTok,46-60,Female,Australia,Mobile,Mobile Data,Free,Image,4.7,18,719,116,97,4529,700,High,3.4
833,Pinterest,13-18,Male,UK,Mobile,Mobile Data,Free,Image,0.8,25,581,150,118,59251,2073,Medium,7.0
834,Twitter,26-35,Female,Germany,Mobile,WiFi,Premium,Video,0.6,26,108,133,36,82277,3271,Medium,1.2
835,TikTok,60+,Male,Canada,Tablet,WiFi,Premium,Mixed,2.2,37,261,194,94,71733,797,High,3.2
836,Instagram,26-35,Male,Singapore,Desktop,Mobile Data,Free,Text,6.0,25,657,35,49,46905,3337,Medium,8.7
837,Twitter,60+,Male,Australia,Mobile,WiFi,Free,Mixed,1.7,30,16,5,54,52974,84,Low,5.2
838,TikTok,46-60,Male,Japan,Mobile,Mobile Data,Free,Video,2.8,39,794,19,75,99227,2912,Medium,5.8
839,Instagram,26-35,Female,Canada,Desktop,Mobile Data,Premium,Mixed,0.8,7,684,142,100,74463,1797,High,9.6
840,Facebook,26-35,Other,Canada,Mobile,Mobile Data,Premium,Image,4.7,1,470,186,85,68448,4683,High,0.6
841,Facebook,26-35,Other,UK,Mobile,WiFi,Free,Text,5.3,29,592,26,90,23580,1057,Low,6.7
842,Reddit,19-25,Male,Brazil,Mobile,Mobile Data,Premium,Image,1.4,3,637,111,98,98074,2502,Medium,8.5
843,Instagram,26-35,Female,Singapore,Desktop,WiFi,Free,Text,3.9,19,68,80,83,9427,3669,High,0.8
844,LinkedIn,60+,Male,Brazil,Desktop,Mobile Data,Free,Mixed,4.5,17,752,126,8,87950,1455,Medium,2.7
845,YouTube,36-45,Other,UAE,Desktop,WiFi,Premium,Text,5.8,3,786,0,79,93771,1351,Low,8.6
846,Snapchat,60+,Female,Germany,Mobile,Mobile Data,Free,Mixed,2.6,29,314,174,15,73918,4657,Medium,5.3
847,LinkedIn,13-18,Female,Australia,Desktop,Mobile Data,Premium,Text,1.2,5,404,110,135,56214,702,High,2.2
848,Facebook,46-60,Female,Australia,Tablet,Mobile Data,Premium,Text,1.5,1,773,26,104,48966,61,High,2.5
849,Snapchat,26-35,Other,Japan,Mobile,Mobile Data,Free,Text,2.1,14,211,121,10,93442,1257,High,6.2
850,YouTube,13-18,Male,Canada,Mobile,Mobile Data,Premium,Text,0.9,26,324,155,134,15712,4195,Low,7.0
851,Reddit,26-35,Female,India,Mobile,Mobile Data,Premium,Mixed,2.9,19,217,1,67,7771,4287,High,7.8
852,Twitter,36-45,Female,India,Tablet,Mobile Data,Premium,Text,5.8,26,538,5,36,1576,3389,Low,1.5
853,Instagram,46-60,Other,Singapore,Tablet,WiFi,Premium,Mixed,1.9,9,263,52,21,37217,2755,Medium,0.6
854,Facebook,26-35,Female,Australia,Mobile,Mobile Data,Free,Video,2.7,12,327,68,63,67885,2378,Low,5.7
855,YouTube,26-35,Other,USA,Tablet,Mobile Data,Free,Text,4.8,31,455,197,123,88450,4705,Medium,4.3
856,Facebook,36-45,Other,Japan,Desktop,Mobile Data,Free,Image,1.2,32,79,182,27,27019,4139,Low,4.7
857,Reddit,36-45,Female,Japan,Desktop,Mobile Data,Free,Image,2.3,29,247,39,17,40975,79,Medium,2.1
858,Pinterest,46-60,Other,India,Desktop,WiFi,Free,Video,0.5,33,503,82,81,4497,3393,Medium,8.2
859,YouTube,19-25,Male,Japan,Mobile,Mobile Data,Free,Video,0.3,32,529,70,130,95877,1476,High,1.9
860,Snapchat,60+,Male,India,Desktop,WiFi,Free,Video,1.0,13,728,188,132,70668,3846,Medium,2.7
861,LinkedIn,60+,Female,UAE,Mobile,Mobile Data,Premium,Image,2.7,32,748,102,89,34044,2766,High,6.7
862,Snapchat,60+,Other,USA,Mobile,WiFi,Free,Video,0.5,35,682,200,62,88126,2710,High,9.3
863,TikTok,19-25,Male,Japan,Mobile,Mobile Data,Free,Image,5.9,25,175,156,129,79911,1283,Medium,6.4
864,LinkedIn,26-35,Female,Japan,Desktop,WiFi,Free,Mixed,4.0,28,4,132,39,23743,994,Medium,8.4
865,Snapchat,36-45,Female,UK,Desktop,WiFi,Free,Mixed,1.9,39,778,35,75,17611,3926,High,8.1
866,Facebook,19-25,Male,Australia,Mobile,Mobile Data,Premium,Mixed,1.6,2,579,17,33,63095,4754,High,8.0
867,Facebook,19-25,Other,India,Mobile,Mobile Data,Free,Image,4.2,33,107,45,21,32164,159,Medium,0.6
868,Pinterest,60+,Female,UAE,Desktop,WiFi,Premium,Image,3.9,19,133,25,32,24949,4737,High,3.8
869,Twitter,13-18,Other,UAE,Mobile,WiFi,Free,Mixed,4.0,27,565,173,27,91294,3983,High,5.9
870,Pinterest,46-60,Male,UAE,Tablet,WiFi,Free,Image,2.2,1,282,179,59,50001,1390,High,1.5
871,Reddit,26-35,Female,UAE,Mobile,WiFi,Free,Image,0.9,17,431,83,1,26152,4723,Low,3.6
872,Reddit,13-18,Male,Brazil,Mobile,WiFi,Free,Image,3.4,30,36,96,76,93027,4296,Medium,9.9
873,Pinterest,26-35,Male,Australia,Mobile,Mobile Data,Free,Image,2.4,20,468,15,49,65347,434,Low,3.5
874,TikTok,36-45,Male,Singapore,Desktop,WiFi,Free,Mixed,3.0,33,452,86,34,63890,1436,High,6.1
875,TikTok,26-35,Male,Singapore,Desktop,WiFi,Premium,Video,0.9,40,541,76,143,18907,1784,Medium,4.4
876,YouTube,46-60,Other,Australia,Tablet,WiFi,Free,Text,0.3,24,672,91,20,95961,219,Low,4.7
877,Reddit,36-45,Male,Japan,Tablet,Mobile Data,Premium,Text,4.9,7,711,83,131,93401,1145,Low,4.3
878,TikTok,19-25,Female,Brazil,Desktop,Mobile Data,Premium,Video,2.5,16,733,39,65,1628,1457,High,2.4
879,Snapchat,26-35,Female,UAE,Tablet,WiFi,Premium,Text,5.7,13,604,191,17,32246,4372,Medium,3.6
880,TikTok,60+,Other,Australia,Mobile,WiFi,Free,Text,5.7,17,759,49,95,32900,3133,Low,0.9
881,Facebook,19-25,Female,Brazil,Desktop,Mobile Data,Free,Text,5.5,25,140,132,83,19387,2495,Low,8.1
882,YouTube,46-60,Other,Singapore,Desktop,WiFi,Free,Image,1.5,11,497,56,13,35366,1707,Medium,7.6
883,Facebook,13-18,Other,USA,Tablet,Mobile Data,Premium,Mixed,1.0,24,5,179,65,81719,4789,High,6.2
884,Instagram,46-60,Other,USA,Desktop,WiFi,Free,Text,4.8,28,603,65,12,59208,3571,Medium,3.0
885,Snapchat,60+,Other,UK,Mobile,WiFi,Premium,Image,3.2,19,693,116,70,71136,2045,Low,1.2
886,Instagram,60+,Female,India,Desktop,Mobile Data,Free,Video,0.3,11,85,188,41,16398,2831,High,7.3
887,YouTube,19-25,Other,Germany,Desktop,WiFi,Premium,Text,4.8,3,251,126,41,47367,4507,Medium,9.3
888,Pinterest,19-25,Other,UK,Tablet,Mobile Data,Free,Text,2.6,27,640,53,130,67761,2641,Medium,1.8
889,YouTube,60+,Other,Japan,Mobile,Mobile Data,Free,Image,2.5,36,765,70,134,49789,4128,Medium,1.0
890,Pinterest,26-35,Other,UK,Tablet,WiFi,Premium,Video,0.8,38,106,85,104,46571,3310,Low,2.7
891,Twitter,19-25,Other,Singapore,Mobile,WiFi,Free,Image,4.2,30,242,129,21,55319,3631,Low,8.4
892,LinkedIn,46-60,Other,Australia,Desktop,WiFi,Premium,Video,4.1,39,254,39,114,78281,394,Low,0.9
893,Reddit,19-25,Other,Germany,Mobile,WiFi,Premium,Image,0.4,26,637,151,41,24950,4144,Low,7.5
894,Reddit,13-18,Other,India,Tablet,WiFi,Premium,Text,2.1,15,645,143,20,27538,3826,Medium,7.5
895,LinkedIn,26-35,Female,Canada,Desktop,WiFi,Premium,Video,0.4,32,538,178,28,50427,4648,Low,6.2
896,Reddit,19-25,Female,Canada,Tablet,Mobile Data,Free,Video,1.6,25,386,37,144,35775,3362,Low,8.2
897,LinkedIn,19-25,Other,Japan,Desktop,WiFi,Free,Image,3.8,18,553,104,50,1789,4301,Low,1.0
898,Snapchat,19-25,Other,UAE,Mobile,WiFi,Free,Video,2.5,6,666,178,47,98864,652,Low,8.8
899,Twitter,26-35,Other,Singapore,Mobile,Mobile Data,Premium,Mixed,0.5,0,609,43,43,58116,1685,Low,7.3
900,Instagram,26-35,Other,UK,Mobile,Mobile Data,Premium,Image,2.6,9,729,196,111,85752,3916,Medium,6.6
901,Twitter,26-35,Other,USA,Tablet,WiFi,Free,Image,4.0,7,774,190,3,82066,944,Medium,8.2
902,LinkedIn,60+,Other,Australia,Tablet,Mobile Data,Free,Text,2.1,25,702,183,138,67073,1129,Low,8.3
903,Pinterest,36-45,Female,Canada,Desktop,WiFi,Premium,Video,5.4,31,344,65,126,64212,2301,Medium,6.9
904,Instagram,46-60,Other,UAE,Mobile,Mobile Data,Free,Video,2.2,1,448,58,147,77404,3166,Low,1.7
905,TikTok,13-18,Male,Australia,Tablet,Mobile Data,Premium,Image,1.6,16,34,152,26,59232,972,Low,1.8
906,Snapchat,36-45,Female,Singapore,Tablet,WiFi,Free,Text,3.7,18,378,79,37,72391,666,Medium,2.8
907,TikTok,13-18,Male,Brazil,Tablet,WiFi,Premium,Mixed,1.8,0,690,89,93,72812,1898,High,8.0
908,Instagram,19-25,Male,Canada,Tablet,Mobile Data,Free,Text,2.2,12,441,140,8,6997,3326,Low,1.0
909,Instagram,19-25,Other,Brazil,Tablet,WiFi,Premium,Video,4.7,5,322,184,48,62514,2351,High,7.6
910,Instagram,26-35,Male,UK,Desktop,WiFi,Free,Image,2.6,40,476,36,61,99623,253,High,1.0
911,Facebook,13-18,Female,UAE,Desktop,Mobile Data,Premium,Text,0.3,24,378,148,59,26758,2904,High,9.6
912,Facebook,19-25,Other,Canada,Mobile,Mobile Data,Premium,Video,1.9,19,281,17,40,53808,1204,High,4.8
913,Instagram,46-60,Male,Australia,Desktop,Mobile Data,Premium,Mixed,4.8,20,407,108,48,92937,1113,Medium,9.5
914,TikTok,36-45,Other,Australia,Desktop,WiFi,Premium,Mixed,0.8,13,246,120,142,72120,4115,Medium,0.8
915,Snapchat,26-35,Female,Australia,Mobile,Mobile Data,Free,Video,3.9,14,498,94,107,86163,4287,Low,0.6
916,Pinterest,26-35,Female,UK,Tablet,WiFi,Free,Image,3.8,3,507,59,102,21630,2644,Medium,2.5
917,Pinterest,26-35,Female,Germany,Desktop,Mobile Data,Free,Image,1.8,2,70,199,1,44361,2742,High,4.4
918,Pinterest,60+,Other,Canada,Mobile,Mobile Data,Free,Text,0.5,0,209,155,34,52410,1864,High,3.0
919,LinkedIn,46-60,Other,Canada,Tablet,WiFi,Free,Video,0.2,37,271,70,110,425,4614,Medium,4.4
920,Pinterest,26-35,Male,UAE,Tablet,Mobile Data,Premium,Video,1.9,23,455,196,12,69188,1193,Low,6.5
921,Pinterest,13-18,Female,UK,Mobile,Mobile Data,Free,Image,2.5,7,260,144,124,34569,1772,Medium,7.5
922,Facebook,60+,Female,Canada,Tablet,Mobile Data,Premium,Video,1.2,23,430,52,112,86029,2623,Low,3.9
923,Instagram,19-25,Other,USA,Tablet,WiFi,Premium,Mixed,4.4,25,701,32,58,16700,3229,Medium,8.6
924,YouTube,26-35,Male,Australia,Mobile,Mobile Data,Premium,Mixed,0.8,10,583,67,142,30752,2980,High,6.2
925,TikTok,19-25,Other,Australia,Mobile,Mobile Data,Premium,Image,1.5,29,99,58,21,43232,876,High,7.9
926,YouTube,26-35,Female,UK,Mobile,Mobile Data,Premium,Video,5.4,16,664,106,122,60647,3327,Medium,1.0
927,Pinterest,60+,Other,USA,Desktop,WiFi,Free,Mixed,5.7,9,659,193,75,57341,3418,Low,4.2
928,LinkedIn,13-18,Female,Japan,Desktop,Mobile Data,Premium,Mixed,1.1,9,698,169,61,68230,3759,High,4.9
929,YouTube,13-18,Male,Germany,Mobile,Mobile Data,Premium,Text,4.2,22,251,45,50,5974,3423,Low,4.2
930,Snapchat,19-25,Male,Japan,Tablet,Mobile Data,Free,Image,5.7,39,612,54,88,65814,3036,Low,4.7
931,Facebook,36-45,Male,India,Tablet,Mobile Data,Premium,Image,1.3,2,213,147,89,60141,1090,High,3.7
932,LinkedIn,19-25,Male,USA,Mobile,Mobile Data,Free,Image,0.6,16,127,193,76,56965,1646,High,0.5
933,TikTok,60+,Male,USA,Tablet,Mobile Data,Free,Text,1.9,31,45,108,87,82430,2336,High,1.0
934,Twitter,36-45,Male,India,Desktop,WiFi,Free,Mixed,1.8,31,786,37,50,12506,2281,High,9.5
935,Facebook,46-60,Female,Australia,Mobile,Mobile Data,Free,Image,0.8,20,164,90,38,35820,2135,Medium,4.6
936,LinkedIn,46-60,Female,UAE,Tablet,WiFi,Free,Mixed,2.8,37,596,36,37,31742,1441,Low,2.7
937,YouTube,26-35,Other,Australia,Mobile,Mobile Data,Free,Image,6.0,12,565,136,60,5730,3009,Low,6.0
938,TikTok,46-60,Male,Canada,Tablet,WiFi,Premium,Image,2.7,29,652,125,108,11843,2972,Low,3.5
939,Pinterest,60+,Other,Brazil,Tablet,WiFi,Premium,Text,2.8,30,520,81,63,30273,2427,High,9.1
940,Pinterest,13-18,Male,UAE,Mobile,Mobile Data,Free,Mixed,3.6,28,728,173,98,48208,1709,Medium,7.3
941,Snapchat,13-18,Male,India,Tablet,Mobile Data,Free,Video,0.7,35,305,199,30,56630,2642,High,5.4
942,LinkedIn,26-35,Male,Brazil,Tablet,WiFi,Premium,Text,0.9,25,664,78,54,83636,1765,High,7.5
943,Instagram,19-25,Female,India,Tablet,Mobile Data,Premium,Image,5.4,30,155,98,66,26910,2656,Low,3.7
944,Facebook,19-25,Female,UK,Tablet,Mobile Data,Premium,Video,4.7,37,475,64,76,25741,519,High,4.7
945,Instagram,13-18,Female,Canada,Desktop,Mobile Data,Premium,Text,3.0,16,146,147,44,48826,1655,Medium,7.0
946,Snapchat,46-60,Male,UAE,Desktop,WiFi,Free,Mixed,4.5,29,775,52,45,46953,3825,Low,6.4
947,TikTok,26-35,Female,UAE,Tablet,Mobile Data,Premium,Text,3.5,6,720,109,120,91552,4569,Medium,3.4
948,YouTube,19-25,Other,UAE,Desktop,Mobile Data,Premium,Image,0.2,8,231,74,12,7572,1739,Low,3.5
949,Instagram,19-25,Other,UAE,Desktop,Mobile Data,Free,Text,4.1,18,561,102,35,69426,4973,Low,5.3
950,Reddit,26-35,Male,Japan,Mobile,Mobile Data,Premium,Mixed,1.0,18,780,37,137,57003,984,High,5.3
951,TikTok,26-35,Female,Germany,Tablet,Mobile Data,Premium,Mixed,4.3,25,343,42,4,10282,3531,Low,3.3
952,LinkedIn,36-45,Male,Germany,Tablet,Mobile Data,Premium,Video,4.6,39,630,162,62,42927,816,High,9.0
953,Reddit,36-45,Male,USA,Desktop,WiFi,Free,Video,2.4,8,551,54,10,96138,570,Medium,5.0
954,Instagram,46-60,Other,Australia,Mobile,WiFi,Free,Video,3.6,37,20,56,115,12700,397,Low,3.5
955,Twitter,46-60,Male,Canada,Mobile,WiFi,Free,Video,3.5,25,440,81,117,56080,3803,Low,1.9
956,Twitter,13-18,Male,Australia,Tablet,Mobile Data,Free,Text,3.2,13,99,86,40,54987,2682,Medium,4.6
957,Pinterest,13-18,Other,UK,Tablet,WiFi,Free,Video,5.7,40,578,138,65,25806,4038,High,6.1
958,YouTube,36-45,Female,Germany,Tablet,WiFi,Premium,Text,5.9,10,739,194,61,86446,4310,Medium,5.6
959,Reddit,46-60,Female,India,Mobile,Mobile Data,Free,Video,3.4,5,731,37,62,77632,1504,High,4.3
960,Pinterest,19-25,Other,India,Mobile,WiFi,Premium,Image,3.5,17,64,134,64,31774,2996,High,9.3
961,Facebook,13-18,Other,USA,Tablet,Mobile Data,Free,Video,1.6,35,548,125,113,86278,3703,Low,6.5
962,LinkedIn,26-35,Other,UK,Tablet,Mobile Data,Free,Text,3.6,36,409,143,110,31075,4197,Low,5.7
963,Reddit,13-18,Male,USA,Tablet,Mobile Data,Free,Mixed,5.2,1,770,142,14,45083,1394,Low,3.8
964,Instagram,46-60,Female,Australia,Desktop,Mobile Data,Premium,Image,1.9,0,426,110,127,43712,2318,Medium,2.5
965,Snapchat,46-60,Other,Singapore,Desktop,WiFi,Premium,Mixed,2.9,26,614,45,36,79434,2815,Medium,8.5
966,YouTube,13-18,Female,UAE,Mobile,WiFi,Free,Image,1.3,28,154,128,119,44529,902,High,6.8
967,YouTube,26-35,Female,Canada,Tablet,WiFi,Premium,Mixed,1.3,38,799,149,3,99079,3963,High,7.3
968,YouTube,36-45,Female,Germany,Tablet,WiFi,Free,Image,0.2,18,192,50,38,77764,760,Low,4.4
969,LinkedIn,60+,Female,UK,Mobile,WiFi,Free,Video,0.8,21,263,85,137,40582,503,Medium,1.4
970,Facebook,36-45,Other,Japan,Tablet,Mobile Data,Premium,Text,2.2,0,397,115,59,60368,3945,High,10.0
971,Instagram,46-60,Other,Germany,Tablet,WiFi,Free,Text,0.4,27,281,115,34,53957,1289,High,7.4
972,Facebook,26-35,Male,UK,Desktop,WiFi,Premium,Text,3.8,19,604,8,48,51323,3750,High,7.1
973,Facebook,26-35,Other,Germany,Tablet,WiFi,Free,Text,5.8,17,440,179,86,73868,2852,Low,8.9
974,Pinterest,46-60,Other,Canada,Tablet,Mobile Data,Premium,Text,5.6,40,564,193,112,1021,2301,Low,8.9
975,LinkedIn,26-35,Other,Australia,Tablet,WiFi,Premium,Image,1.6,27,168,156,10,48100,2162,High,1.9
976,Snapchat,36-45,Other,India,Tablet,WiFi,Free,Image,3.3,3,12,25,117,69217,328,High,5.6
977,Twitter,36-45,Male,Canada,Desktop,Mobile Data,Premium,Image,0.7,4,22,101,136,93553,1291,Medium,2.2
978,Reddit,13-18,Male,Singapore,Mobile,Mobile Data,Premium,Text,2.8,17,321,138,74,75662,52,High,6.4
979,Reddit,19-25,Other,Canada,Desktop,Mobile Data,Premium,Mixed,1.1,15,279,84,91,29872,3934,High,6.9
980,YouTube,36-45,Male,Japan,Desktop,WiFi,Free,Mixed,4.4,35,553,138,104,24500,3524,Low,6.9
981,Instagram,36-45,Other,India,Mobile,WiFi,Free,Mixed,1.9,3,136,96,56,6283,1192,Low,6.0
982,Twitter,36-45,Female,Singapore,Desktop,WiFi,Premium,Image,3.1,27,571,184,38,20846,1525,Low,7.9
983,Reddit,19-25,Other,Japan,Desktop,Mobile Data,Premium,Text,0.5,21,217,106,41,25158,4363,Low,7.4
984,Reddit,26-35,Male,Singapore,Desktop,WiFi,Free,Mixed,5.5,28,649,146,71,31945,3701,Low,6.7
985,Twitter,13-18,Other,India,Tablet,WiFi,Free,Image,1.3,14,604,62,132,61451,2340,Low,5.8
986,Instagram,46-60,Other,Australia,Desktop,Mobile Data,Premium,Image,2.9,18,721,26,139,77764,3908,High,7.0
987,Reddit,46-60,Other,Singapore,Mobile,WiFi,Premium,Mixed,5.1,23,503,130,7,60314,3959,Medium,6.9
988,YouTube,26-35,Other,UK,Mobile,Mobile Data,Premium,Video,0.5,23,14,168,92,11995,4511,Medium,0.9
989,YouTube,13-18,Female,Germany,Desktop,WiFi,Free,Image,1.0,3,315,138,79,26203,2778,Low,2.0
990,Twitter,36-45,Other,Japan,Desktop,Mobile Data,Free,Image,5.7,5,270,66,106,57616,1539,High,3.0
991,Reddit,46-60,Other,Japan,Mobile,Mobile Data,Free,Mixed,5.1,31,384,31,15,31017,2186,High,9.6
992,TikTok,26-35,Female,UAE,Desktop,Mobile Data,Free,Text,1.4,32,281,45,54,12207,755,High,6.9
993,LinkedIn,46-60,Male,Canada,Desktop,Mobile Data,Free,Text,5.3,7,115,145,83,26233,3854,Low,2.6
994,TikTok,46-60,Other,Canada,Tablet,WiFi,Premium,Image,0.2,27,641,42,146,1477,3382,Low,5.4
995,Reddit,60+,Female,UAE,Mobile,WiFi,Premium,Image,2.4,2,114,143,54,21554,3182,Low,7.7
996,Pinterest,19-25,Female,Japan,Tablet,WiFi,Free,Image,5.6,32,281,146,135,91531,1844,Medium,2.3
997,Twitter,46-60,Female,India,Tablet,WiFi,Premium,Video,5.4,30,151,143,29,70537,3055,High,0.8
998,LinkedIn,13-18,Male,Singapore,Mobile,Mobile Data,Free,Image,6.0,18,473,197,36,19333,3164,High,6.9
999,YouTube,46-60,Male,UAE,Desktop,Mobile Data,Premium,Mixed,3.5,22,704,90,33,72728,3482,Low,9.8
1000,Facebook,13-18,Male,UAE,Mobile,WiFi,Free,Image,1.0,9,178,39,45,58766,2230,Medium,1.8
1001,Facebook,19-25,Female,Australia,Desktop,Mobile Data,Premium,Text,3.9,21,376,8,33,29729,1948,Medium,0.7
1002,Instagram,36-45,Male,UAE,Tablet,Mobile Data,Free,Mixed,3.4,35,105,155,118,11069,3027,Medium,2.4
1003,Snapchat,36-45,Other,Germany,Desktop,Mobile Data,Premium,Video,5.8,12,567,143,76,225,1245,Low,9.6
1004,LinkedIn,26-35,Male,UK,Desktop,Mobile Data,Premium,Mixed,2.3,33,262,58,16,66792,3554,Low,8.8
1005,LinkedIn,26-35,Other,Canada,Desktop,Mobile Data,Free,Image,1.7,33,22,134,82,62955,331,Low,4.7
1006,LinkedIn,36-45,Female,India,Tablet,Mobile Data,Free,Image,5.0,10,776,10,126,74677,1167,High,6.9
1007,LinkedIn,36-45,Male,Brazil,Tablet,WiFi,Premium,Video,3.5,40,478,154,71,63420,1002,Low,2.5
1008,Twitter,46-60,Male,Canada,Desktop,WiFi,Free,Video,1.8,11,431,23,55,98281,1356,High,7.9
1009,Pinterest,60+,Female,India,Desktop,WiFi,Premium,Text,0.7,27,203,24,82,90898,3414,Medium,8.2
1010,Reddit,19-25,Female,UAE,Tablet,Mobile Data,Free,Text,3.7,18,743,58,86,87226,4945,High,7.2
1011,Reddit,13-18,Female,India,Tablet,WiFi,Free,Text,1.7,4,145,32,22,95958,3479,High,2.8
1012,Snapchat,36-45,Other,Germany,Tablet,Mobile Data,Free,Video,0.7,6,492,123,123,14028,2555,High,9.7
1013,Facebook,46-60,Male,India,Tablet,Mobile Data,Premium,Video,3.8,32,602,106,73,70203,3570,High,5.4
1014,Pinterest,19-25,Other,India,Desktop,Mobile Data,Free,Mixed,1.7,24,698,102,36,14140,806,High,8.4
1015,Reddit,19-25,Other,Brazil,Tablet,Mobile Data,Free,Video,1.8,28,263,38,76,34372,2405,Medium,9.1
1016,YouTube,13-18,Other,Japan,Desktop,WiFi,Free,Video,5.3,4,292,165,1,94766,1006,Medium,4.5
1017,YouTube,26-35,Other,Brazil,Tablet,Mobile Data,Free,Video,0.8,19,436,105,47,45037,1441,Low,5.6
1018,Facebook,13-18,Male,UK,Mobile,Mobile Data,Free,Text,0.8,26,451,36,105,88717,2499,High,1.7
1019,Snapchat,60+,Male,Brazil,Tablet,Mobile Data,Premium,Video,1.8,35,202,138,5,57648,4868,Medium,7.6
1020,TikTok,19-25,Other,UK,Desktop,Mobile Data,Free,Text,2.1,39,724,176,22,93291,2729,High,3.5
1021,Facebook,19-25,Female,Singapore,Tablet,Mobile Data,Premium,Image,2.5,27,212,168,59,55819,2026,High,2.5
1022,Instagram,36-45,Female,Japan,Tablet,Mobile Data,Free,Video,2.3,14,667,161,140,26678,3566,Low,9.8
1023,Twitter,26-35,Other,UK,Tablet,Mobile Data,Premium,Video,5.8,28,322,101,61,37276,649,High,7.8
1024,Twitter,46-60,Female,Japan,Desktop,Mobile Data,Premium,Image,3.1,24,787,57,109,14781,390,Low,5.5
1025,LinkedIn,13-18,Male,UK,Tablet,WiFi,Free,Mixed,4.6,5,189,124,51,92208,2092,Medium,2.2
1026,TikTok,60+,Female,Japan,Tablet,Mobile Data,Premium,Video,4.4,26,230,145,81,67469,2558,Low,9.2
1027,Reddit,26-35,Female,Canada,Mobile,Mobile Data,Premium,Image,5.7,11,6,128,138,97534,3036,High,9.8
1028,Reddit,60+,Male,USA,Tablet,Mobile Data,Premium,Mixed,1.2,22,664,117,88,29673,4757,Medium,6.5
1029,Instagram,46-60,Male,UAE,Desktop,WiFi,Premium,Video,1.9,10,249,67,14,13378,507,Low,4.5
1030,LinkedIn,36-45,Male,Canada,Tablet,WiFi,Free,Image,2.5,2,465,144,80,17851,341,Medium,4.8
1031,Snapchat,26-35,Female,UAE,Mobile,WiFi,Free,Mixed,1.5,7,483,169,16,68927,2492,High,8.5
1032,Facebook,13-18,Other,Australia,Mobile,Mobile Data,Free,Mixed,2.3,32,161,71,123,11733,4726,High,7.0
1033,TikTok,26-35,Female,Brazil,Desktop,Mobile Data,Premium,Mixed,4.9,2,737,175,96,14692,722,High,3.4
1034,TikTok,19-25,Other,Canada,Tablet,Mobile Data,Free,Text,3.4,10,463,105,99,81482,1344,Low,1.2
1035,LinkedIn,46-60,Other,Australia,Mobile,Mobile Data,Premium,Video,1.6,32,326,42,146,64972,1154,Medium,5.7
1036,Snapchat,60+,Other,Germany,Mobile,Mobile Data,Premium,Text,1.9,34,189,116,17,49032,4568,High,9.3
1037,Twitter,26-35,Male,Singapore,Tablet,WiFi,Free,Video,2.7,39,322,162,57,28063,4306,Low,3.7
1038,Snapchat,13-18,Other,UAE,Mobile,WiFi,Premium,Mixed,5.6,9,444,36,16,46594,4048,Low,2.1
1039,TikTok,26-35,Other,Australia,Desktop,WiFi,Premium,Mixed,2.0,25,31,158,1,30185,1479,High,1.4
1040,YouTube,26-35,Female,Singapore,Mobile,WiFi,Free,Mixed,5.4,12,5,76,17,61847,4372,High,3.0
1041,Instagram,13-18,Other,Brazil,Mobile,WiFi,Premium,Text,0.5,20,389,61,49,69569,4578,Low,6.9
1042,Facebook,36-45,Female,Canada,Tablet,WiFi,Premium,Text,1.3,29,741,12,8,31710,4491,Medium,8.8
1043,Pinterest,19-25,Male,Canada,Mobile,Mobile Data,Free,Video,1.9,33,56,149,27,13351,296,High,4.5
1044,Instagram,46-60,Other,India,Mobile,Mobile Data,Premium,Video,4.0,21,153,193,92,15962,3147,Low,2.5
1045,TikTok,60+,Male,UAE,Tablet,WiFi,Free,Text,5.0,10,213,59,64,55184,1438,Medium,3.1
1046,Reddit,19-25,Male,USA,Mobile,WiFi,Free,Text,5.4,25,8,57,22,90740,4310,Medium,1.9
1047,LinkedIn,36-45,Female,USA,Mobile,WiFi,Free,Mixed,5.7,4,379,173,5,13131,390,Low,2.5
1048,YouTube,13-18,Male,Canada,Tablet,WiFi,Free,Image,3.6,33,34,124,115,35170,4369,Low,8.3
1049,Twitter,26-35,Other,Australia,Desktop,Mobile Data,Free,Mixed,4.5,20,279,68,117,38500,2567,High,9.5
1050,YouTube,36-45,Female,UAE,Tablet,WiFi,Free,Text,5.5,9,214,31,67,49254,2722,Medium,6.5
1051,Snapchat,19-25,Other,Japan,Tablet,Mobile Data,Free,Text,0.7,11,760,66,90,30024,3839,Low,4.6
1052,Pinterest,36-45,Male,USA,Tablet,WiFi,Premium,Text,4.5,19,624,99,149,3888,3850,High,1.4
1053,Snapchat,46-60,Other,Australia,Desktop,Mobile Data,Free,Mixed,2.5,40,659,71,144,28927,3823,Low,7.2
1054,Instagram,19-25,Male,India,Desktop,Mobile Data,Free,Video,4.0,7,753,11,49,37647,3430,Low,3.7
1055,TikTok,26-35,Other,Brazil,Tablet,Mobile Data,Premium,Image,5.7,19,443,174,53,48634,2609,High,7.1
1056,LinkedIn,13-18,Female,India,Desktop,WiFi,Free,Mixed,1.6,21,375,122,31,63289,2884,Low,2.4
1057,Twitter,60+,Female,Canada,Desktop,WiFi,Free,Text,0.7,26,333,180,64,87909,2723,Low,9.7
1058,Reddit,13-18,Male,Australia,Tablet,Mobile Data,Premium,Video,0.5,21,563,78,28,12037,1928,High,4.1
1059,Pinterest,19-25,Female,Brazil,Tablet,WiFi,Premium,Mixed,3.0,29,170,150,136,44625,1772,High,1.3
1060,YouTube,46-60,Female,Canada,Desktop,Mobile Data,Free,Text,2.8,13,497,130,81,45992,373,Medium,9.3
1061,Facebook,13-18,Other,Singapore,Desktop,WiFi,Premium,Image,3.4,21,690,101,8,92653,4461,High,1.1
1062,Instagram,36-45,Other,Canada,Tablet,Mobile Data,Free,Mixed,5.1,15,536,27,9,81505,3431,High,6.0
1063,LinkedIn,13-18,Female,Canada,Tablet,Mobile Data,Premium,Mixed,4.3,31,198,158,113,58740,4792,Medium,3.3
1064,Twitter,19-25,Other,UAE,Tablet,Mobile Data,Free,Mixed,3.3,17,332,59,65,47077,3070,Low,6.1
1065,LinkedIn,26-35,Other,Australia,Tablet,Mobile Data,Free,Video,2.7,40,27,55,140,88048,4593,Low,1.8
1066,YouTube,19-25,Other,India,Mobile,WiFi,Premium,Image,2.6,21,511,88,38,99692,4561,Medium,5.2
1067,YouTube,60+,Male,Singapore,Tablet,WiFi,Premium,Text,2.2,22,387,186,3,47117,3510,High,7.5
1068,Pinterest,13-18,Other,UK,Desktop,Mobile Data,Free,Mixed,2.3,27,659,99,44,98856,3623,Low,6.0
1069,Twitter,46-60,Female,Japan,Mobile,Mobile Data,Premium,Mixed,4.1,17,436,46,90,46953,4860,Medium,1.0
1070,TikTok,26-35,Other,Canada,Desktop,Mobile Data,Free,Text,3.1,11,369,99,140,35802,3039,High,4.4
1071,YouTube,36-45,Female,Canada,Desktop,Mobile Data,Premium,Mixed,1.5,3,101,146,131,51795,4338,High,2.2
1072,Twitter,36-45,Female,USA,Desktop,Mobile Data,Premium,Video,2.7,28,585,93,17,66986,1746,Low,6.1
1073,Snapchat,46-60,Female,UK,Desktop,WiFi,Free,Mixed,1.9,6,510,119,17,4895,1984,High,4.2
1074,Twitter,36-45,Male,Germany,Tablet,Mobile Data,Free,Text,2.4,17,71,136,149,51279,2087,Medium,4.4
1075,Twitter,13-18,Female,Singapore,Tablet,Mobile Data,Free,Image,1.8,23,716,15,80,48827,175,High,1.9
1076,Pinterest,60+,Other,Singapore,Desktop,Mobile Data,Premium,Video,1.2,3,68,116,135,9399,1142,Low,8.4
1077,Snapchat,46-60,Female,Japan,Tablet,Mobile Data,Free,Image,0.8,20,799,53,24,39389,1443,Medium,6.9
1078,YouTube,36-45,Female,Singapore,Desktop,Mobile Data,Premium,Video,0.9,26,598,153,28,35286,3456,Low,1.2
1079,TikTok,26-35,Male,Singapore,Mobile,Mobile Data,Premium,Image,4.4,12,390,185,47,31269,331,Low,5.2
1080,Reddit,13-18,Other,UAE,Desktop,Mobile Data,Free,Mixed,4.3,14,537,195,141,1934,3171,High,4.1
1081,Twitter,26-35,Female,Brazil,Tablet,Mobile Data,Premium,Video,3.1,5,333,176,123,80074,4196,High,1.8
1082,Facebook,46-60,Male,Canada,Desktop,Mobile Data,Premium,Image,3.7,1,86,167,107,41587,304,High,9.5
1083,Pinterest,13-18,Other,Japan,Mobile,WiFi,Free,Image,4.0,33,767,158,85,58399,1241,High,4.0
1084,Twitter,46-60,Male,Canada,Mobile,WiFi,Premium,Video,3.9,37,546,39,85,97590,3245,High,1.9
1085,Snapchat,60+,Female,UK,Desktop,Mobile Data,Premium,Video,5.1,5,49,153,8,80184,2923,Medium,6.3
1086,YouTube,19-25,Female,Japan,Desktop,Mobile Data,Free,Text,2.5,37,32,165,22,512,2401,High,5.3
1087,TikTok,46-60,Male,USA,Desktop,Mobile Data,Free,Text,5.1,1,794,102,4,84578,4038,Medium,9.7
1088,YouTube,36-45,Male,Australia,Mobile,WiFi,Free,Image,1.6,2,581,135,99,15624,2337,High,2.2
1089,YouTube,19-25,Female,Australia,Desktop,Mobile Data,Premium,Image,0.5,40,540,133,137,42610,4845,High,7.7
1090,TikTok,60+,Male,Singapore,Tablet,Mobile Data,Free,Image,0.8,3,78,121,68,82999,3267,High,3.4
1091,TikTok,36-45,Female,India,Tablet,Mobile Data,Free,Mixed,5.7,6,151,24,98,29930,1910,High,3.0
1092,Twitter,46-60,Male,USA,Mobile,Mobile Data,Free,Image,2.1,10,48,153,61,31413,2589,Low,7.4
1093,TikTok,36-45,Other,Japan,Mobile,WiFi,Free,Text,4.2,5,360,167,94,23785,1599,Medium,1.3
1094,Snapchat,13-18,Male,Canada,Mobile,WiFi,Free,Image,4.0,1,791,109,64,44667,4295,Medium,5.0
1095,Snapchat,26-35,Male,Japan,Tablet,Mobile Data,Premium,Image,2.9,5,343,119,84,70211,1842,Low,2.2
1096,Facebook,19-25,Male,Japan,Mobile,Mobile Data,Free,Video,1.0,0,176,18,107,61235,3044,Low,7.0
1097,LinkedIn,46-60,Other,USA,Desktop,Mobile Data,Premium,Mixed,4.0,3,44,75,101,84534,4076,Low,7.5
1098,Facebook,60+,Female,Singapore,Mobile,WiFi,Free,Image,0.5,40,501,21,60,90642,4380,High,7.3
1099,YouTube,46-60,Other,UK,Desktop,Mobile Data,Premium,Mixed,1.3,26,625,9,6,27577,3291,High,6.8
1100,LinkedIn,13-18,Other,India,Desktop,WiFi,Free,Text,0.3,0,793,169,61,22542,775,Medium,5.3
1101,Facebook,60+,Male,India,Mobile,Mobile Data,Premium,Text,2.7,37,419,21,20,745,1172,Medium,5.1
1102,YouTube,13-18,Female,Japan,Mobile,WiFi,Premium,Mixed,3.8,2,229,138,137,77381,1900,High,6.1
1103,TikTok,26-35,Other,USA,Tablet,WiFi,Free,Mixed,3.6,12,129,30,81,86765,2818,Medium,9.8
1104,Snapchat,26-35,Female,Singapore,Desktop,Mobile Data,Premium,Text,3.8,31,390,85,0,61058,1447,Low,2.9
1105,TikTok,26-35,Other,Germany,Desktop,WiFi,Free,Text,4.3,5,733,52,103,88219,2999,High,3.2
1106,Twitter,46-60,Male,Singapore,Mobile,WiFi,Free,Video,0.3,3,165,179,92,6996,3743,Low,9.9
1107,Reddit,36-45,Other,UK,Tablet,Mobile Data,Free,Video,4.9,35,483,152,52,97746,1947,High,4.2
1108,LinkedIn,46-60,Male,UAE,Tablet,WiFi,Free,Mixed,3.5,11,14,184,85,96868,187,Medium,8.1
1109,Twitter,13-18,Female,Germany,Desktop,WiFi,Free,Image,4.1,19,724,159,97,52722,2010,High,7.8
1110,YouTube,46-60,Female,USA,Desktop,WiFi,Free,Mixed,3.4,21,754,122,102,7559,3143,High,7.3
1111,Pinterest,13-18,Other,Germany,Mobile,WiFi,Free,Mixed,4.7,38,396,81,106,62423,1072,High,9.3
1112,Facebook,60+,Female,Germany,Tablet,Mobile Data,Premium,Text,3.7,21,239,41,150,89027,2172,Medium,6.5
1113,TikTok,19-25,Other,Brazil,Desktop,Mobile Data,Premium,Text,1.2,13,567,94,53,30266,3348,Low,4.6
1114,Pinterest,46-60,Female,Australia,Tablet,Mobile Data,Premium,Image,3.6,27,228,76,114,43762,3382,Low,4.8
1115,Twitter,46-60,Other,USA,Desktop,WiFi,Free,Video,2.2,11,517,76,129,29162,1399,High,0.7
1116,Snapchat,19-25,Female,USA,Mobile,Mobile Data,Free,Image,2.2,4,635,63,141,99003,1358,Low,2.1
1117,LinkedIn,46-60,Female,Australia,Desktop,WiFi,Premium,Text,1.1,2,630,17,34,80713,1765,Medium,2.7
1118,Snapchat,19-25,Male,USA,Mobile,Mobile Data,Premium,Text,4.8,38,26,198,93,61520,4113,Low,0.6
1119,Reddit,46-60,Other,Singapore,Mobile,Mobile Data,Free,Video,1.8,38,272,43,91,31950,1859,Medium,0.6
1120,Twitter,60+,Female,Singapore,Tablet,Mobile Data,Free,Text,0.2,28,560,34,118,21297,1388,Medium,0.8
1121,LinkedIn,19-25,Male,Singapore,Tablet,Mobile Data,Free,Mixed,1.5,16,223,36,3,48231,2380,Medium,5.1
1122,Snapchat,13-18,Male,UAE,Desktop,WiFi,Premium,Image,3.6,10,412,63,33,1375,3884,Low,6.2
1123,Pinterest,13-18,Female,Australia,Tablet,WiFi,Premium,Image,0.2,19,4,159,60,92721,478,High,7.1
1124,Reddit,36-45,Female,UAE,Desktop,Mobile Data,Premium,Image,5.2,26,320,102,69,12316,3863,High,10.0
1125,Facebook,26-35,Other,UK,Desktop,Mobile Data,Free,Image,0.4,32,644,158,96,20970,2897,High,7.4
1126,YouTube,36-45,Male,Japan,Desktop,WiFi,Free,Video,1.4,23,740,166,145,33313,816,High,1.2
1127,Twitter,13-18,Female,Canada,Mobile,Mobile Data,Premium,Image,2.3,2,652,179,97,12860,3102,Low,2.0
1128,Twitter,46-60,Male,Germany,Desktop,Mobile Data,Free,Mixed,1.4,2,47,122,29,23445,1692,Medium,2.7
1129,LinkedIn,19-25,Female,UAE,Mobile,Mobile Data,Premium,Text,5.4,23,77,78,5,20048,2278,High,6.6
1130,Pinterest,19-25,Male,USA,Mobile,Mobile Data,Free,Mixed,4.3,38,656,128,100,76273,2601,Low,2.0
1131,Instagram,46-60,Other,UAE,Mobile,WiFi,Premium,Image,5.0,16,729,195,66,25826,4500,Medium,6.8
1132,Facebook,19-25,Male,USA,Mobile,Mobile Data,Premium,Image,0.4,27,359,122,85,48136,2523,High,5.8
1133,YouTube,26-35,Male,India,Mobile,Mobile Data,Free,Image,3.9,22,764,63,77,44465,2908,Medium,7.6
1134,YouTube,36-45,Other,Brazil,Desktop,WiFi,Premium,Mixed,1.9,1,195,125,26,88341,3770,High,8.9
1135,LinkedIn,36-45,Female,Japan,Tablet,Mobile Data,Premium,Mixed,3.2,33,591,148,1,17446,4655,Medium,7.0
1136,YouTube,46-60,Female,Singapore,Desktop,Mobile Data,Free,Text,5.2,13,519,76,70,25811,1598,Medium,8.7
1137,YouTube,36-45,Male,USA,Tablet,Mobile Data,Free,Video,5.8,11,654,37,17,78163,4366,Low,1.1
1138,Pinterest,60+,Other,UAE,Tablet,WiFi,Premium,Video,4.5,25,235,150,88,49175,2157,High,9.3
1139,Facebook,46-60,Female,UAE,Tablet,WiFi,Free,Video,3.1,8,335,173,80,90902,1774,High,3.4
1140,Facebook,46-60,Other,Singapore,Tablet,Mobile Data,Premium,Video,2.3,13,500,37,142,93293,3454,Medium,0.5
1141,Twitter,19-25,Female,India,Mobile,Mobile Data,Free,Image,4.6,1,41,192,101,66271,2000,Medium,5.9
1142,LinkedIn,26-35,Other,Germany,Mobile,Mobile Data,Premium,Video,0.3,32,564,143,108,64232,1731,Medium,3.7
1143,Facebook,13-18,Female,USA,Desktop,Mobile Data,Premium,Text,3.6,37,721,130,24,88013,3003,Low,1.8
1144,YouTube,13-18,Male,UK,Desktop,WiFi,Premium,Text,1.3,27,742,195,142,8648,4436,Medium,7.1
1145,Twitter,60+,Female,UK,Mobile,WiFi,Free,Mixed,1.9,38,551,42,0,72684,2418,Medium,8.0
1146,Twitter,13-18,Other,Brazil,Desktop,Mobile Data,Free,Mixed,3.4,12,685,39,71,51058,1399,Medium,5.5
1147,Facebook,60+,Other,UK,Desktop,Mobile Data,Free,Mixed,2.4,5,258,63,101,63786,1039,Medium,9.1
1148,LinkedIn,13-18,Male,UAE,Mobile,WiFi,Premium,Mixed,2.4,23,340,95,140,33788,491,High,4.1
1149,YouTube,60+,Other,Japan,Tablet,WiFi,Premium,Mixed,4.7,36,466,147,147,58416,474,Medium,1.2
1150,Snapchat,36-45,Other,UAE,Mobile,WiFi,Premium,Video,4.1,24,172,48,49,74336,1366,Low,6.3
1151,LinkedIn,26-35,Other,Singapore,Mobile,Mobile Data,Premium,Image,3.4,38,582,21,23,43262,1108,High,5.0
1152,TikTok,19-25,Other,Canada,Desktop,WiFi,Free,Video,1.8,18,42,31,129,92390,1869,High,9.6
1153,YouTube,46-60,Male,Brazil,Desktop,Mobile Data,Premium,Mixed,2.7,11,742,194,45,95178,4968,Medium,5.5
1154,Reddit,60+,Female,UK,Mobile,Mobile Data,Free,Mixed,4.8,5,163,15,8,99023,4644,Medium,0.7
1155,TikTok,60+,Other,Canada,Mobile,WiFi,Premium,Image,4.2,13,615,78,145,35825,2289,High,0.9
1156,YouTube,36-45,Male,USA,Mobile,Mobile Data,Free,Image,4.9,32,619,75,104,30711,2267,Low,1.3
1157,Pinterest,26-35,Other,Germany,Mobile,Mobile Data,Premium,Text,0.3,14,351,110,90,96759,131,Medium,6.0
1158,Instagram,26-35,Female,Australia,Desktop,WiFi,Premium,Video,3.9,15,514,195,18,45701,83,Low,3.2
1159,Snapchat,26-35,Female,Germany,Desktop,WiFi,Premium,Text,5.1,13,634,69,75,57260,4105,High,8.9
1160,Pinterest,26-35,Other,Singapore,Tablet,WiFi,Premium,Text,0.5,4,153,118,54,8422,2606,Low,8.3
1161,Pinterest,13-18,Female,Germany,Desktop,WiFi,Premium,Image,0.9,37,400,98,82,35452,3471,Low,4.6
1162,LinkedIn,60+,Female,India,Mobile,WiFi,Premium,Video,5.9,33,79,129,93,97283,1501,Low,5.6
1163,LinkedIn,26-35,Male,Japan,Desktop,WiFi,Premium,Mixed,4.6,22,758,26,81,97153,1844,Medium,9.7
1164,TikTok,26-35,Male,Japan,Desktop,WiFi,Free,Image,2.3,37,693,134,63,19092,2271,Medium,9.0
1165,Twitter,36-45,Other,India,Desktop,WiFi,Premium,Text,0.8,9,563,148,41,62412,53,Low,6.5
1166,Facebook,26-35,Female,USA,Tablet,Mobile Data,Premium,Video,1.5,37,502,22,120,95247,3772,Medium,4.5
1167,LinkedIn,26-35,Male,Singapore,Tablet,WiFi,Free,Image,2.3,27,101,18,97,41706,4516,Low,9.7
1168,Reddit,60+,Male,Canada,Tablet,WiFi,Premium,Image,4.2,8,12,51,94,90425,4706,Low,3.1
1169,YouTube,26-35,Other,UAE,Desktop,Mobile Data,Free,Image,2.3,9,20,99,95,88134,1235,Medium,2.2
1170,TikTok,36-45,Other,Singapore,Tablet,Mobile Data,Premium,Video,3.0,27,597,197,21,55640,3068,High,2.1
1171,Pinterest,46-60,Other,Australia,Desktop,WiFi,Premium,Mixed,2.3,16,482,110,141,43983,3635,High,2.6
1172,Snapchat,60+,Male,Singapore,Mobile,WiFi,Free,Text,4.6,21,241,116,136,31014,1907,Low,5.1
1173,Facebook,26-35,Female,India,Tablet,WiFi,Free,Image,0.5,23,634,156,101,24357,2922,Low,8.9
1174,Instagram,46-60,Male,Japan,Desktop,Mobile Data,Free,Image,1.3,31,702,109,86,49296,1258,High,7.7
1175,Twitter,13-18,Female,Australia,Desktop,WiFi,Premium,Mixed,0.7,29,250,143,95,56818,4374,High,9.9
1176,Reddit,19-25,Female,Germany,Mobile,WiFi,Premium,Text,1.8,7,134,55,142,17600,4340,High,7.5
1177,YouTube,19-25,Female,Australia,Mobile,Mobile Data,Premium,Video,4.9,30,689,159,56,85569,4509,High,0.8
1178,Reddit,13-18,Male,Japan,Mobile,Mobile Data,Premium,Text,1.6,10,476,81,51,60916,4085,Medium,8.8
1179,Snapchat,60+,Female,India,Mobile,Mobile Data,Premium,Image,1.4,22,486,1,8,6741,1306,Medium,8.9
1180,YouTube,13-18,Female,India,Tablet,WiFi,Premium,Text,5.3,38,173,174,136,47959,3129,Medium,7.8
1181,Twitter,19-25,Male,Canada,Mobile,Mobile Data,Premium,Mixed,4.9,34,390,21,16,17972,1932,Medium,2.8
1182,Snapchat,13-18,Female,India,Mobile,Mobile Data,Premium,Image,5.8,33,504,199,38,58418,4082,High,1.9
1183,Pinterest,46-60,Other,UK,Desktop,WiFi,Free,Text,5.8,21,162,170,143,38577,1087,Low,4.1
1184,Twitter,60+,Male,Germany,Desktop,Mobile Data,Free,Image,1.7,32,128,175,11,85191,4173,Low,5.1
1185,LinkedIn,13-18,Female,Germany,Desktop,WiFi,Free,Video,5.9,0,220,58,92,28440,3158,Medium,5.2
1186,TikTok,60+,Female,Germany,Tablet,Mobile Data,Premium,Mixed,1.8,7,72,4,45,54436,2090,Low,5.2
1187,Twitter,26-35,Male,UK,Mobile,Mobile Data,Premium,Text,1.9,8,773,148,145,488,2105,High,4.3
1188,Instagram,26-35,Female,Germany,Tablet,WiFi,Free,Image,3.2,23,519,8,22,54203,2676,Medium,5.2
1189,TikTok,13-18,Female,Brazil,Mobile,WiFi,Premium,Video,2.4,32,433,45,86,85238,888,Medium,8.9
1190,Twitter,46-60,Female,India,Desktop,WiFi,Premium,Video,3.4,37,619,24,117,11038,294,Low,8.3
1191,Twitter,36-45,Female,UAE,Tablet,WiFi,Premium,Text,3.0,15,623,68,46,41119,3318,Medium,3.4
1192,YouTube,19-25,Female,USA,Desktop,Mobile Data,Premium,Video,1.9,12,597,87,129,42493,4766,High,8.4
1193,LinkedIn,26-35,Other,UAE,Tablet,WiFi,Premium,Text,5.9,35,189,175,142,54886,429,High,8.4
1194,Facebook,36-45,Male,Brazil,Mobile,Mobile Data,Free,Image,2.4,22,779,1,30,99501,606,Low,4.6
1195,Instagram,13-18,Male,UK,Tablet,Mobile Data,Free,Image,0.7,21,158,91,109,24677,3537,High,8.5
1196,Instagram,19-25,Female,India,Mobile,WiFi,Premium,Text,4.2,17,618,56,17,35167,100,Low,4.7
1197,TikTok,46-60,Male,India,Mobile,Mobile Data,Premium,Image,5.0,10,217,117,131,68083,1794,High,6.6
1198,Facebook,13-18,Male,Singapore,Tablet,WiFi,Premium,Image,5.8,21,660,115,66,94516,1840,Medium,6.8
1199,LinkedIn,46-60,Male,UK,Tablet,WiFi,Free,Video,3.6,39,670,119,37,27064,4634,Low,9.1
1200,Instagram,26-35,Female,Germany,Tablet,WiFi,Free,Mixed,4.2,3,481,63,148,49795,1179,Low,2.7
1201,TikTok,26-35,Female,UAE,Mobile,WiFi,Free,Image,2.6,9,507,20,90,34800,4189,Medium,1.9
1202,TikTok,60+,Female,Brazil,Desktop,WiFi,Free,Video,5.5,37,301,136,11,99882,1842,High,4.6
1203,Pinterest,36-45,Other,India,Tablet,WiFi,Premium,Mixed,1.6,6,455,124,15,18497,3456,Low,2.5
1204,Twitter,60+,Female,Brazil,Desktop,Mobile Data,Free,Mixed,2.3,9,553,175,26,12843,3678,High,7.4
1205,Reddit,60+,Female,UK,Mobile,Mobile Data,Free,Image,4.9,11,135,113,11,46239,4743,High,4.9
1206,Reddit,36-45,Other,Australia,Desktop,Mobile Data,Premium,Video,3.1,8,234,134,31,1665,3627,High,4.3
1207,Facebook,60+,Male,UAE,Tablet,WiFi,Free,Mixed,3.0,36,635,56,130,54254,2779,Low,3.1
1208,Snapchat,19-25,Female,USA,Tablet,Mobile Data,Premium,Video,4.5,27,333,68,74,49828,2944,Medium,4.8
1209,TikTok,13-18,Other,Japan,Mobile,WiFi,Premium,Text,0.4,38,682,165,56,76782,3791,High,6.1
1210,LinkedIn,13-18,Female,India,Mobile,Mobile Data,Premium,Mixed,1.1,17,791,178,88,61265,3975,Low,6.6
1211,Facebook,36-45,Female,UK,Tablet,WiFi,Free,Text,3.6,30,249,35,75,86491,3641,Medium,7.5
1212,Twitter,26-35,Other,UAE,Tablet,Mobile Data,Free,Video,1.2,29,687,31,150,26763,4812,Medium,6.8
1213,LinkedIn,60+,Other,USA,Desktop,Mobile Data,Free,Video,3.3,38,205,3,18,45714,332,Low,5.3
1214,Pinterest,26-35,Male,UAE,Desktop,Mobile Data,Premium,Video,3.1,20,255,189,74,55955,4534,High,0.5
1215,YouTube,36-45,Male,Singapore,Tablet,WiFi,Premium,Video,4.7,11,375,197,137,53842,822,Medium,2.1
1216,Instagram,19-25,Female,UK,Tablet,WiFi,Premium,Text,3.0,17,655,160,149,92076,158,High,9.8
1217,TikTok,13-18,Female,India,Tablet,Mobile Data,Free,Mixed,1.4,8,455,32,47,19356,3912,High,2.5
1218,Twitter,26-35,Male,India,Desktop,WiFi,Free,Text,1.6,36,519,53,16,14636,2479,Medium,4.0
1219,TikTok,26-35,Male,Canada,Tablet,WiFi,Free,Text,3.6,38,459,67,43,98722,1849,Low,2.1
1220,Reddit,26-35,Male,India,Tablet,Mobile Data,Premium,Mixed,5.8,27,799,57,41,51045,2034,Low,5.6
1221,Instagram,13-18,Other,Australia,Tablet,WiFi,Free,Mixed,5.8,10,538,37,65,9906,2198,High,3.9
1222,Reddit,19-25,Other,India,Mobile,Mobile Data,Free,Image,0.6,13,474,178,58,73492,2463,High,3.4
1223,Pinterest,36-45,Female,Canada,Tablet,WiFi,Free,Video,3.9,20,390,56,148,16073,3996,Medium,3.2
1224,YouTube,26-35,Female,Japan,Desktop,Mobile Data,Premium,Image,5.6,22,481,8,113,85233,1493,Medium,8.6
1225,Instagram,36-45,Other,UK,Mobile,Mobile Data,Premium,Text,1.5,37,73,181,135,31179,3675,High,8.4
1226,Reddit,26-35,Female,Singapore,Mobile,Mobile Data,Premium,Mixed,5.7,26,523,30,54,77849,1993,Low,4.3
1227,Twitter,19-25,Other,UAE,Tablet,Mobile Data,Free,Text,3.6,17,760,191,105,80325,327,High,8.4
1228,Instagram,26-35,Other,UAE,Desktop,Mobile Data,Free,Image,3.7,25,620,168,47,53684,503,High,1.8
1229,TikTok,26-35,Female,Brazil,Mobile,WiFi,Premium,Image,4.6,1,678,178,68,72787,3648,High,1.4
1230,Snapchat,36-45,Male,Australia,Desktop,WiFi,Premium,Video,3.0,23,120,160,12,3624,3561,High,2.6
1231,Instagram,19-25,Female,Singapore,Desktop,WiFi,Free,Image,5.7,2,184,169,122,24108,1113,High,0.9
1232,Twitter,46-60,Male,UAE,Tablet,Mobile Data,Premium,Image,1.4,15,308,9,75,38330,995,Medium,7.3
1233,Facebook,36-45,Female,Canada,Desktop,WiFi,Premium,Mixed,2.0,5,528,152,141,4567,498,Low,5.8
1234,Instagram,46-60,Other,Germany,Tablet,WiFi,Premium,Text,5.9,37,3,133,107,63459,2420,Medium,9.5
1235,Pinterest,60+,Other,Canada,Tablet,WiFi,Free,Text,3.7,33,673,99,74,81585,2435,Medium,6.5
1236,Facebook,19-25,Male,Japan,Tablet,Mobile Data,Premium,Image,2.4,35,192,193,136,32276,2650,Low,4.2
1237,Twitter,19-25,Other,India,Mobile,WiFi,Premium,Mixed,1.7,3,514,48,127,96420,3665,Low,9.8
1238,Facebook,36-45,Male,Brazil,Tablet,Mobile Data,Premium,Image,4.7,40,153,194,105,57134,370,Low,2.8
1239,YouTube,60+,Female,Canada,Tablet,Mobile Data,Free,Mixed,3.9,0,157,25,71,58256,1731,Medium,8.2
1240,TikTok,36-45,Male,Germany,Tablet,WiFi,Free,Text,5.8,10,763,94,95,9695,4596,Low,9.0
1241,LinkedIn,36-45,Female,Australia,Mobile,WiFi,Free,Mixed,1.4,21,390,40,1,64082,1126,Low,1.4
1242,Facebook,26-35,Female,Brazil,Desktop,Mobile Data,Free,Text,0.4,32,767,58,123,57445,2492,Medium,7.0
1243,Snapchat,46-60,Male,Germany,Desktop,Mobile Data,Free,Mixed,2.3,21,719,168,29,47002,1175,Low,4.4
1244,YouTube,13-18,Other,Germany,Tablet,Mobile Data,Premium,Text,1.0,17,756,75,93,15772,976,Medium,1.3
1245,Facebook,46-60,Other,UAE,Desktop,Mobile Data,Premium,Image,5.5,15,56,95,133,14613,4377,Low,2.2
1246,Reddit,60+,Female,Japan,Desktop,Mobile Data,Premium,Image,0.6,8,99,152,150,83110,177,Low,3.9
1247,Twitter,19-25,Male,Australia,Desktop,Mobile Data,Free,Mixed,3.5,19,542,106,65,65598,3929,Low,9.7
1248,Pinterest,36-45,Other,UK,Desktop,WiFi,Premium,Mixed,3.5,25,792,100,59,55138,3645,Medium,3.2
1249,Snapchat,19-25,Other,Germany,Mobile,WiFi,Free,Mixed,3.5,6,750,188,16,7944,4207,High,5.5
1250,Reddit,46-60,Female,Japan,Desktop,WiFi,Free,Text,0.2,37,378,188,27,82624,2924,Medium,8.1
1251,Instagram,60+,Other,UK,Mobile,Mobile Data,Free,Text,1.8,25,642,73,18,66711,4183,Medium,1.1
1252,Instagram,26-35,Male,UAE,Mobile,Mobile Data,Free,Mixed,4.1,39,7,170,77,3754,569,Medium,6.9
1253,Instagram,46-60,Other,UK,Desktop,WiFi,Premium,Video,1.9,20,430,4,58,37754,1851,Medium,1.3
1254,TikTok,36-45,Other,UAE,Tablet,Mobile Data,Free,Text,4.2,17,122,116,81,11472,4222,Medium,6.7
1255,Instagram,46-60,Female,India,Tablet,WiFi,Premium,Video,5.9,32,450,165,122,60342,186,Medium,2.0
1256,YouTube,19-25,Other,Canada,Desktop,WiFi,Free,Video,1.0,24,219,187,134,88565,3870,High,8.2
1257,TikTok,46-60,Other,Canada,Mobile,WiFi,Premium,Video,4.1,0,298,166,21,93693,3955,High,0.9
1258,Snapchat,19-25,Other,USA,Mobile,Mobile Data,Premium,Video,4.0,22,280,82,7,39470,1806,High,9.8
1259,Reddit,36-45,Male,UAE,Tablet,Mobile Data,Free,Text,2.8,21,207,83,126,78593,1868,High,7.7
1260,YouTube,46-60,Male,Australia,Desktop,Mobile Data,Free,Video,0.4,21,382,109,58,96047,4344,High,3.8
1261,Instagram,36-45,Male,Canada,Desktop,WiFi,Premium,Text,1.7,23,663,15,47,42073,732,Medium,5.0
1262,Snapchat,36-45,Other,Australia,Mobile,Mobile Data,Premium,Mixed,0.6,32,240,4,73,33298,186,Low,8.2
1263,LinkedIn,36-45,Male,Brazil,Tablet,WiFi,Free,Image,4.4,33,173,77,103,65482,3841,Low,4.8
1264,Snapchat,19-25,Male,Australia,Tablet,Mobile Data,Premium,Video,4.6,32,128,60,43,48408,2109,High,5.5
1265,LinkedIn,46-60,Male,Brazil,Desktop,WiFi,Free,Text,5.3,35,296,3,21,13537,2874,Medium,0.7
1266,Instagram,13-18,Other,Brazil,Tablet,Mobile Data,Premium,Text,2.9,2,276,126,110,48851,1756,Medium,6.4
1267,YouTube,26-35,Other,UK,Desktop,Mobile Data,Premium,Mixed,2.1,22,539,108,150,84025,2325,Medium,4.0
1268,Twitter,46-60,Male,USA,Mobile,Mobile Data,Free,Mixed,1.8,14,495,46,92,52655,2495,Medium,6.2
1269,Reddit,60+,Other,UK,Desktop,Mobile Data,Premium,Image,2.0,25,99,36,24,5069,451,Low,4.7
1270,Instagram,13-18,Male,Australia,Mobile,WiFi,Premium,Mixed,5.7,1,744,80,131,74073,4334,High,2.0
1271,Facebook,36-45,Other,Canada,Desktop,Mobile Data,Free,Text,3.9,39,419,96,87,91195,194,Low,2.8
1272,LinkedIn,36-45,Other,Brazil,Desktop,WiFi,Premium,Mixed,0.8,23,379,66,24,89707,620,Medium,3.9
1273,Instagram,36-45,Other,India,Tablet,Mobile Data,Free,Image,2.4,39,21,18,29,29920,3264,High,6.3
1274,Pinterest,46-60,Other,India,Mobile,Mobile Data,Free,Text,0.4,15,96,123,76,17256,2255,Medium,5.5
1275,Twitter,46-60,Other,Brazil,Desktop,WiFi,Free,Text,4.1,11,660,161,33,18721,4895,Medium,3.8
1276,Snapchat,46-60,Female,Japan,Mobile,WiFi,Free,Image,0.3,14,145,131,8,75035,210,Medium,6.1
1277,LinkedIn,46-60,Female,Brazil,Tablet,WiFi,Free,Video,5.1,27,17,124,119,35610,4095,Medium,2.4
1278,LinkedIn,36-45,Other,Australia,Tablet,Mobile Data,Premium,Mixed,2.1,33,323,27,56,38686,749,High,7.8
1279,Twitter,60+,Male,UK,Desktop,WiFi,Free,Text,3.5,16,690,38,12,94205,3441,High,1.3
1280,Reddit,19-25,Female,Australia,Desktop,Mobile Data,Free,Video,2.7,21,43,166,10,62779,398,Low,9.2
1281,Instagram,36-45,Other,Singapore,Desktop,Mobile Data,Free,Text,1.6,0,331,39,29,27141,3077,Low,5.8
1282,Pinterest,60+,Female,Japan,Tablet,WiFi,Premium,Image,4.6,17,573,144,81,60297,4003,Low,7.1
1283,Reddit,26-35,Male,Australia,Desktop,Mobile Data,Premium,Image,0.4,35,723,26,80,9153,104,High,5.6
1284,Instagram,46-60,Female,Canada,Mobile,Mobile Data,Free,Text,0.4,35,1,153,8,80028,1876,High,9.5
1285,LinkedIn,36-45,Male,Singapore,Tablet,Mobile Data,Premium,Text,0.3,21,374,63,86,73918,534,High,9.0
1286,LinkedIn,36-45,Other,UAE,Tablet,Mobile Data,Free,Image,0.4,12,237,177,102,43702,3570,Low,9.4
1287,Facebook,19-25,Other,Japan,Tablet,Mobile Data,Free,Image,2.4,5,627,133,42,87682,4538,High,4.1
1288,Reddit,46-60,Other,Australia,Mobile,WiFi,Premium,Image,1.1,29,443,164,4,89733,3214,Medium,3.5
1289,Reddit,13-18,Female,Germany,Tablet,Mobile Data,Premium,Text,2.0,27,146,76,11,14750,2902,Low,10.0
1290,Snapchat,19-25,Other,Australia,Mobile,WiFi,Premium,Image,5.1,30,492,75,26,74808,174,Medium,6.1
1291,Twitter,36-45,Female,Germany,Desktop,Mobile Data,Free,Text,5.4,6,41,30,149,97702,3324,High,2.0
1292,Reddit,36-45,Male,Brazil,Desktop,WiFi,Free,Image,5.2,27,149,36,59,24697,582,Low,1.9
1293,Facebook,26-35,Male,Germany,Desktop,Mobile Data,Premium,Image,0.3,40,263,186,80,24005,1228,Low,3.0
1294,LinkedIn,60+,Female,UK,Mobile,WiFi,Premium,Image,1.1,30,184,53,70,52066,3270,Low,7.8
1295,Facebook,26-35,Female,UAE,Tablet,Mobile Data,Free,Video,1.8,39,160,196,101,23568,4676,High,1.4
1296,Pinterest,13-18,Female,Brazil,Mobile,WiFi,Free,Mixed,0.6,34,214,41,43,5015,1336,High,8.2
1297,TikTok,13-18,Other,Australia,Desktop,Mobile Data,Premium,Video,5.5,34,117,14,45,81861,1485,High,7.6
1298,TikTok,36-45,Other,Canada,Mobile,Mobile Data,Free,Image,3.0,10,427,199,104,95934,3722,High,1.3
1299,Pinterest,36-45,Female,Singapore,Desktop,Mobile Data,Free,Video,4.2,22,60,88,140,42282,4855,Medium,5.8
1300,Snapchat,13-18,Male,India,Tablet,Mobile Data,Free,Text,0.5,22,134,133,14,18273,1869,Medium,7.5
1301,Instagram,13-18,Female,USA,Desktop,Mobile Data,Premium,Mixed,0.4,19,272,188,92,10147,1849,High,3.5
1302,Pinterest,46-60,Other,USA,Tablet,Mobile Data,Premium,Video,1.9,0,45,194,2,63487,4528,High,1.8
1303,YouTube,26-35,Male,Germany,Mobile,Mobile Data,Premium,Mixed,4.0,22,313,11,98,15582,2332,Low,3.4
1304,TikTok,46-60,Male,USA,Tablet,Mobile Data,Premium,Text,1.5,9,20,53,119,68291,2870,Medium,2.4
1305,Snapchat,36-45,Female,Australia,Tablet,Mobile Data,Free,Text,1.2,13,720,195,80,12219,2734,Low,4.7
1306,Facebook,19-25,Other,Brazil,Desktop,WiFi,Free,Mixed,5.2,37,191,199,12,897,4186,Low,8.4
1307,Facebook,26-35,Female,Brazil,Mobile,Mobile Data,Free,Mixed,4.7,18,605,120,107,99128,1857,High,6.7
1308,LinkedIn,26-35,Male,Germany,Tablet,WiFi,Free,Mixed,1.9,27,662,165,54,86114,4022,Medium,5.6
1309,Facebook,60+,Male,Australia,Desktop,WiFi,Free,Image,0.2,21,363,46,9,52340,678,Low,4.7
1310,YouTube,26-35,Other,Canada,Desktop,WiFi,Free,Video,3.2,3,567,183,97,35122,2489,High,6.3
1311,Facebook,36-45,Male,Canada,Desktop,WiFi,Free,Image,1.3,7,300,4,102,80083,3338,High,4.4
1312,Twitter,60+,Female,Singapore,Tablet,Mobile Data,Premium,Image,4.7,28,29,51,34,53269,172,Low,1.3
1313,Reddit,13-18,Female,Japan,Mobile,Mobile Data,Premium,Image,4.3,25,73,73,97,2714,2164,High,2.1
1314,Instagram,26-35,Male,USA,Desktop,WiFi,Free,Image,5.0,1,44,82,122,21018,2529,High,1.2
1315,Instagram,46-60,Female,Australia,Tablet,Mobile Data,Free,Text,0.8,22,782,158,12,4749,606,Medium,0.6
1316,Instagram,36-45,Male,UK,Desktop,Mobile Data,Premium,Video,1.0,3,174,72,94,40216,3507,High,5.7
1317,TikTok,13-18,Other,UK,Tablet,WiFi,Free,Video,3.8,26,711,126,63,84238,2913,Medium,3.9
1318,Instagram,60+,Male,Japan,Mobile,WiFi,Premium,Video,1.6,7,92,136,148,57197,4242,High,1.6
1319,Twitter,13-18,Other,Australia,Desktop,WiFi,Free,Image,1.4,39,281,144,9,81544,2859,Low,0.7
1320,TikTok,60+,Other,Canada,Desktop,WiFi,Premium,Video,4.4,16,775,15,35,29430,1637,Low,4.7
1321,Reddit,19-25,Male,India,Mobile,Mobile Data,Free,Text,1.6,35,29,25,88,39893,2299,Medium,1.1
1322,YouTube,46-60,Female,UK,Tablet,Mobile Data,Free,Mixed,5.0,19,411,45,5,67991,1770,Low,4.3
1323,Pinterest,60+,Other,UAE,Tablet,Mobile Data,Premium,Text,5.3,15,372,195,95,14725,1997,Low,2.9
1324,Reddit,60+,Male,Brazil,Tablet,WiFi,Premium,Mixed,2.6,5,636,173,69,57492,3168,Low,1.2
1325,Instagram,36-45,Male,India,Tablet,WiFi,Premium,Video,4.6,6,569,114,145,71277,1433,High,6.1
1326,Pinterest,13-18,Female,USA,Mobile,WiFi,Premium,Video,4.6,24,313,133,87,80355,3004,Low,5.4
1327,YouTube,46-60,Female,Brazil,Tablet,Mobile Data,Premium,Video,3.5,38,150,44,113,60212,4094,Low,0.7
1328,Facebook,36-45,Female,Brazil,Desktop,WiFi,Premium,Text,5.1,15,382,15,81,80497,1744,Low,2.6
1329,Facebook,46-60,Male,Brazil,Desktop,WiFi,Free,Image,2.2,30,714,87,114,61104,2652,Medium,3.4
1330,TikTok,13-18,Male,UAE,Desktop,Mobile Data,Premium,Image,2.4,18,728,169,145,10803,3566,Medium,6.7
1331,LinkedIn,19-25,Male,Australia,Tablet,Mobile Data,Free,Video,0.5,23,254,154,66,4863,1666,High,6.4
1332,Snapchat,26-35,Other,Germany,Tablet,WiFi,Premium,Text,4.1,3,565,14,127,2110,4505,Medium,1.8
1333,Instagram,19-25,Male,UAE,Desktop,WiFi,Premium,Text,1.0,35,737,81,116,49159,1077,Medium,7.7
1334,Snapchat,60+,Male,Brazil,Mobile,WiFi,Free,Text,3.7,26,484,81,28,6261,1132,High,6.3
1335,Instagram,19-25,Male,USA,Tablet,Mobile Data,Premium,Mixed,2.1,20,549,181,18,84916,4669,Medium,5.3
1336,Facebook,13-18,Male,Canada,Mobile,WiFi,Premium,Video,1.7,1,736,162,132,93534,1483,Medium,6.5
1337,Instagram,60+,Female,India,Mobile,WiFi,Premium,Image,4.5,33,41,66,4,16409,68,Medium,8.2
1338,Twitter,19-25,Other,UK,Tablet,Mobile Data,Free,Video,4.6,21,12,173,110,59469,1035,Low,1.9
1339,Twitter,26-35,Other,Canada,Mobile,Mobile Data,Free,Text,2.5,12,768,50,35,99698,770,Medium,3.3
1340,YouTube,60+,Male,Brazil,Tablet,WiFi,Premium,Mixed,4.1,37,406,0,90,98959,3219,Medium,1.7
1341,YouTube,36-45,Male,India,Desktop,Mobile Data,Free,Video,1.5,20,425,136,131,21941,2349,Low,8.2
1342,Instagram,46-60,Other,UK,Tablet,Mobile Data,Free,Image,3.0,24,199,9,148,57538,4807,Low,5.2
1343,Twitter,46-60,Other,USA,Mobile,WiFi,Free,Video,1.8,13,321,164,91,3475,4384,Medium,8.8
1344,Instagram,26-35,Other,USA,Desktop,Mobile Data,Free,Image,4.5,32,542,135,48,72245,1151,Low,3.4
1345,LinkedIn,36-45,Other,USA,Tablet,WiFi,Premium,Image,5.7,6,109,91,130,60376,3346,Medium,1.6
1346,LinkedIn,26-35,Other,UK,Desktop,Mobile Data,Premium,Text,0.6,36,745,84,49,41386,2973,Low,8.2
1347,Instagram,36-45,Male,UK,Desktop,WiFi,Free,Image,4.1,25,46,188,45,1849,455,Medium,8.8
1348,Snapchat,26-35,Female,India,Desktop,Mobile Data,Free,Video,4.1,28,228,2,57,39659,3907,Low,1.8
1349,Reddit,19-25,Female,UAE,Mobile,WiFi,Premium,Mixed,4.2,38,13,96,38,21152,2414,Medium,5.8
1350,Reddit,19-25,Other,USA,Desktop,Mobile Data,Premium,Text,1.8,9,450,35,93,22532,4008,High,7.8
1351,TikTok,26-35,Female,Australia,Tablet,WiFi,Free,Text,0.3,38,264,5,12,41214,3056,High,9.8
1352,Facebook,13-18,Other,Japan,Mobile,WiFi,Premium,Image,1.7,12,621,158,92,7732,4470,High,3.3
1353,Reddit,36-45,Other,Germany,Mobile,WiFi,Free,Video,4.2,2,50,20,93,84430,1259,High,4.2
1354,Twitter,13-18,Female,Germany,Mobile,WiFi,Premium,Text,5.3,17,419,37,146,61575,2436,High,2.9
1355,TikTok,19-25,Male,Germany,Tablet,Mobile Data,Free,Image,1.6,2,457,110,116,3314,1429,Medium,5.8
1356,TikTok,26-35,Male,Canada,Mobile,Mobile Data,Premium,Text,5.6,28,148,8,117,85009,2235,Low,3.7
1357,Instagram,46-60,Other,Canada,Desktop,Mobile Data,Premium,Text,0.6,30,245,199,55,67741,1326,Low,1.4
1358,Instagram,19-25,Female,Canada,Tablet,WiFi,Premium,Mixed,2.6,24,308,92,143,41932,3717,Low,2.3
1359,YouTube,26-35,Other,Australia,Tablet,WiFi,Premium,Text,3.8,4,593,138,35,22432,4818,Low,0.6
1360,Pinterest,26-35,Male,Germany,Mobile,WiFi,Premium,Video,4.7,15,274,163,6,10272,2077,High,6.9
1361,Reddit,36-45,Male,India,Mobile,WiFi,Free,Mixed,4.1,31,289,72,75,9159,1214,Low,2.7
1362,YouTube,60+,Other,UK,Mobile,WiFi,Premium,Image,0.4,21,45,5,18,41486,3999,Medium,0.9
1363,Pinterest,36-45,Male,UK,Tablet,WiFi,Premium,Mixed,2.5,30,528,93,25,70155,1483,Medium,3.1
1364,Snapchat,26-35,Female,Australia,Desktop,WiFi,Free,Image,1.6,16,683,9,101,40843,1840,High,3.7
1365,Facebook,13-18,Female,UAE,Mobile,WiFi,Premium,Video,2.7,40,716,188,6,70683,4348,Medium,0.7
1366,YouTube,13-18,Male,Germany,Tablet,WiFi,Premium,Mixed,5.2,18,370,20,66,40248,2708,Medium,8.5
1367,Twitter,46-60,Female,Canada,Tablet,Mobile Data,Free,Text,0.7,4,279,57,139,8976,3119,Low,1.6
1368,LinkedIn,26-35,Other,Singapore,Tablet,Mobile Data,Free,Image,0.3,34,52,143,62,43486,4969,Low,5.9
1369,Facebook,26-35,Other,India,Tablet,Mobile Data,Free,Image,2.4,1,204,153,84,13334,1294,Low,9.2
1370,LinkedIn,26-35,Female,UK,Mobile,WiFi,Free,Video,2.0,31,745,197,131,75466,2113,Medium,0.8
1371,Instagram,13-18,Male,Australia,Tablet,WiFi,Free,Image,3.9,22,296,0,126,19561,4149,Medium,0.6
1372,Pinterest,19-25,Male,Brazil,Desktop,WiFi,Free,Text,5.3,6,179,159,69,38058,1515,Low,4.1
1373,Twitter,46-60,Female,UAE,Tablet,Mobile Data,Premium,Image,3.1,23,735,24,141,92847,2275,High,1.7
1374,Instagram,26-35,Other,Japan,Tablet,WiFi,Premium,Video,4.5,37,678,69,23,7447,3312,High,1.4
1375,Pinterest,26-35,Other,Singapore,Desktop,WiFi,Free,Mixed,4.7,19,533,2,8,70151,1658,Low,2.7
1376,LinkedIn,13-18,Other,UAE,Desktop,Mobile Data,Free,Text,0.9,38,403,21,107,59955,3637,Low,4.4
1377,YouTube,26-35,Other,Japan,Desktop,Mobile Data,Free,Image,4.2,24,306,128,133,51058,4597,High,9.4
1378,Pinterest,60+,Female,Canada,Desktop,Mobile Data,Premium,Video,4.9,22,343,46,124,97052,4166,High,2.7
1379,Facebook,60+,Male,India,Desktop,WiFi,Free,Text,1.5,31,274,9,22,90246,781,Medium,1.3
1380,LinkedIn,26-35,Other,Brazil,Desktop,WiFi,Free,Text,1.4,38,25,104,41,12729,4339,Medium,6.6
1381,Instagram,60+,Male,Germany,Desktop,Mobile Data,Free,Image,3.1,8,299,14,148,98407,2905,Medium,7.5
1382,Snapchat,36-45,Male,Germany,Desktop,WiFi,Free,Video,3.5,27,395,97,83,36468,3147,High,1.6
1383,Twitter,36-45,Female,USA,Desktop,Mobile Data,Free,Image,5.4,35,506,117,17,61404,3759,Low,1.1
1384,Pinterest,13-18,Male,UK,Mobile,Mobile Data,Premium,Video,0.4,18,78,26,19,87891,4180,Low,3.7
1385,Pinterest,26-35,Female,UAE,Desktop,Mobile Data,Free,Image,4.2,2,134,60,110,15546,3663,Low,8.8
1386,Reddit,36-45,Other,Canada,Desktop,WiFi,Free,Image,4.9,24,402,20,33,97921,2916,High,9.3
1387,Instagram,60+,Female,USA,Desktop,WiFi,Free,Mixed,4.0,15,92,181,29,31904,4656,Medium,7.2
1388,YouTube,26-35,Other,Canada,Desktop,Mobile Data,Premium,Image,0.9,9,616,126,17,57314,3999,Low,9.5
1389,Instagram,60+,Male,Germany,Desktop,Mobile Data,Free,Video,5.5,5,561,173,21,37957,334,High,3.1
1390,Instagram,60+,Male,Brazil,Mobile,Mobile Data,Free,Image,1.1,39,546,156,42,92334,166,Low,5.8
1391,Reddit,46-60,Male,Germany,Desktop,WiFi,Premium,Image,5.2,25,91,133,39,66298,3579,Low,4.5
1392,Instagram,36-45,Other,Australia,Mobile,WiFi,Free,Text,4.1,23,536,60,141,21014,1942,High,5.9
1393,TikTok,36-45,Other,Japan,Desktop,Mobile Data,Premium,Video,5.2,28,1,85,129,25474,4455,Low,0.9
1394,TikTok,19-25,Male,USA,Mobile,Mobile Data,Premium,Mixed,3.8,29,773,34,110,49076,2699,Medium,5.0
1395,TikTok,60+,Male,Brazil,Mobile,Mobile Data,Premium,Text,5.5,29,437,62,72,99512,2213,High,5.3
1396,Snapchat,19-25,Male,UAE,Mobile,Mobile Data,Premium,Text,1.5,16,655,15,64,84949,1326,High,8.1
1397,Twitter,60+,Other,Japan,Tablet,WiFi,Premium,Mixed,2.8,33,195,31,123,51628,2015,High,7.9
1398,LinkedIn,19-25,Female,Brazil,Tablet,WiFi,Free,Mixed,5.3,23,796,59,136,64624,4374,Medium,6.9
1399,Snapchat,19-25,Other,UAE,Desktop,Mobile Data,Free,Video,2.8,22,420,182,98,27806,242,Low,9.2
1400,Pinterest,26-35,Female,USA,Tablet,WiFi,Premium,Video,5.7,24,330,134,45,43516,1241,Medium,8.6
1401,YouTube,60+,Female,USA,Desktop,Mobile Data,Free,Mixed,2.5,0,329,163,46,56971,3976,Low,0.9
1402,Snapchat,60+,Female,Germany,Desktop,Mobile Data,Free,Image,5.0,26,768,192,64,85770,4117,High,9.0
1403,Pinterest,36-45,Female,Canada,Mobile,WiFi,Free,Mixed,1.9,37,470,117,130,41975,1239,High,7.7
1404,TikTok,36-45,Male,Canada,Mobile,WiFi,Free,Image,0.6,9,457,133,1,58432,4447,Medium,8.0
1405,LinkedIn,46-60,Female,India,Desktop,WiFi,Free,Text,3.3,4,93,144,92,24088,4070,Medium,0.7
1406,Snapchat,19-25,Female,Singapore,Desktop,Mobile Data,Premium,Image,3.5,16,309,58,42,20631,1834,Low,8.6
1407,TikTok,26-35,Male,UAE,Tablet,WiFi,Premium,Image,3.3,18,271,47,55,36626,988,High,5.3
1408,LinkedIn,60+,Other,Japan,Tablet,WiFi,Free,Image,2.7,29,402,191,149,5567,3663,Medium,5.4
1409,Twitter,36-45,Female,Singapore,Desktop,WiFi,Free,Image,5.1,40,51,118,72,47761,4909,Low,7.7
1410,Reddit,36-45,Female,Germany,Desktop,WiFi,Premium,Text,0.4,3,85,69,126,84393,4605,High,6.0
1411,Reddit,60+,Other,USA,Tablet,WiFi,Premium,Mixed,2.5,22,108,90,33,76688,3689,High,6.4
1412,Instagram,36-45,Female,UK,Desktop,WiFi,Free,Image,5.1,14,501,165,73,62058,1224,Medium,5.3
1413,TikTok,13-18,Female,USA,Tablet,Mobile Data,Premium,Image,5.0,14,163,21,116,60002,4130,High,8.3
1414,YouTube,26-35,Male,Canada,Mobile,Mobile Data,Free,Image,2.1,5,263,38,142,3895,2858,High,4.8
1415,Pinterest,46-60,Other,USA,Desktop,Mobile Data,Premium,Mixed,5.0,4,587,57,83,42705,4312,Medium,5.2
1416,Snapchat,46-60,Other,Australia,Desktop,Mobile Data,Premium,Text,4.6,30,380,143,127,69842,4658,High,6.7
1417,Reddit,36-45,Female,Japan,Desktop,Mobile Data,Free,Mixed,2.6,9,318,4,119,61406,1399,Medium,9.7
1418,Facebook,36-45,Male,Australia,Desktop,Mobile Data,Premium,Text,1.0,21,689,41,40,8357,4027,Medium,5.2
1419,YouTube,26-35,Female,India,Tablet,Mobile Data,Premium,Mixed,0.4,34,58,77,40,83415,1743,High,2.5
1420,YouTube,36-45,Male,India,Mobile,WiFi,Free,Mixed,4.6,5,486,84,79,55155,2669,Medium,6.2
1421,LinkedIn,19-25,Male,India,Mobile,WiFi,Premium,Video,1.9,40,576,167,53,39427,4566,Low,1.2
1422,YouTube,26-35,Other,India,Desktop,Mobile Data,Free,Image,1.8,24,191,13,3,51695,1501,High,8.6
1423,Facebook,19-25,Female,Brazil,Desktop,Mobile Data,Premium,Mixed,2.9,14,768,146,118,8712,4068,High,4.4
1424,TikTok,60+,Male,Germany,Desktop,WiFi,Free,Mixed,2.5,23,345,182,123,87136,256,Medium,1.1
1425,LinkedIn,26-35,Other,Japan,Tablet,WiFi,Premium,Text,5.7,29,166,111,140,80184,3682,Low,9.3
1426,YouTube,26-35,Female,Japan,Mobile,WiFi,Premium,Text,1.7,33,755,158,95,32139,2909,Low,3.0
1427,Instagram,46-60,Female,Brazil,Tablet,Mobile Data,Premium,Video,2.6,25,434,147,24,32649,4318,Low,3.3
1428,Facebook,26-35,Female,Japan,Desktop,Mobile Data,Premium,Image,5.7,18,299,178,5,50330,1697,Medium,9.4
1429,Facebook,13-18,Male,UK,Tablet,WiFi,Premium,Mixed,4.8,6,195,50,47,95688,1222,Low,1.2
1430,Twitter,19-25,Female,Germany,Tablet,WiFi,Premium,Image,5.6,10,134,161,129,77695,4743,High,9.9
1431,Facebook,36-45,Female,UAE,Mobile,Mobile Data,Free,Mixed,5.2,24,486,162,87,41915,1424,High,4.3
1432,LinkedIn,26-35,Other,Brazil,Mobile,Mobile Data,Free,Mixed,0.6,12,771,120,116,21019,2843,Low,2.6
1433,LinkedIn,26-35,Other,Australia,Mobile,Mobile Data,Premium,Mixed,1.9,7,377,17,33,48070,1893,Medium,5.3
1434,Twitter,13-18,Female,Singapore,Tablet,Mobile Data,Premium,Video,5.8,35,470,34,9,59289,4263,Medium,6.5
1435,LinkedIn,13-18,Other,Australia,Desktop,WiFi,Free,Text,1.4,7,615,42,5,32764,3851,Low,1.6
1436,Twitter,36-45,Male,UAE,Tablet,WiFi,Free,Image,2.2,14,90,25,98,84740,2274,Medium,3.2
1437,Twitter,13-18,Other,India,Desktop,Mobile Data,Premium,Image,3.3,24,768,80,68,25528,1396,Medium,1.5
1438,Snapchat,26-35,Other,USA,Desktop,WiFi,Premium,Text,2.9,40,622,78,84,91092,1936,Low,8.3
1439,Instagram,46-60,Other,UK,Desktop,Mobile Data,Premium,Image,4.2,33,417,89,139,52028,2661,Medium,1.8
1440,Snapchat,60+,Male,Canada,Mobile,Mobile Data,Premium,Text,3.9,26,720,24,5,42683,4217,High,8.4
1441,Twitter,60+,Male,Brazil,Mobile,Mobile Data,Premium,Image,1.3,25,634,113,19,85040,4353,Medium,9.5
1442,YouTube,13-18,Other,Germany,Tablet,Mobile Data,Free,Text,5.8,19,531,122,33,34711,4035,High,4.3
1443,YouTube,19-25,Female,Canada,Mobile,Mobile Data,Free,Mixed,1.1,26,592,180,83,1868,2744,High,5.7
1444,Instagram,13-18,Male,Germany,Tablet,Mobile Data,Premium,Text,4.8,6,574,44,127,96910,4436,Low,9.4
1445,Reddit,46-60,Male,India,Tablet,Mobile Data,Premium,Mixed,2.9,27,622,128,53,21099,3909,High,4.7
1446,Pinterest,36-45,Other,UK,Mobile,Mobile Data,Premium,Text,2.1,13,673,82,88,44967,2897,Medium,7.8
1447,Pinterest,46-60,Other,Japan,Tablet,Mobile Data,Premium,Image,4.7,0,334,116,90,87026,2221,High,9.0
1448,YouTube,36-45,Other,UK,Mobile,WiFi,Free,Mixed,4.1,4,559,191,29,15776,4841,Medium,6.6
1449,LinkedIn,13-18,Other,UK,Mobile,WiFi,Premium,Video,3.6,3,406,132,1,50129,2621,Low,1.4
1450,Reddit,46-60,Male,Canada,Mobile,WiFi,Free,Image,4.5,25,133,142,55,12602,147,Medium,6.2
1451,Snapchat,36-45,Other,Singapore,Mobile,Mobile Data,Premium,Image,2.3,10,415,176,26,93746,4184,High,7.3
1452,Facebook,36-45,Male,India,Mobile,Mobile Data,Premium,Video,1.4,34,152,59,52,19138,3195,Medium,8.4
1453,LinkedIn,60+,Female,Germany,Tablet,Mobile Data,Free,Mixed,1.4,2,453,57,120,54408,861,Low,8.8
1454,Snapchat,19-25,Male,India,Mobile,Mobile Data,Free,Text,3.2,24,97,76,147,15265,2928,Low,8.2
1455,Twitter,26-35,Female,Germany,Mobile,WiFi,Free,Text,5.7,20,288,129,147,77992,1383,Low,4.6
1456,YouTube,60+,Other,Japan,Tablet,WiFi,Premium,Image,1.0,1,36,2,19,26372,2861,Low,5.6
1457,Facebook,46-60,Other,UAE,Desktop,WiFi,Premium,Image,1.3,11,430,29,24,19470,1163,Medium,9.9
1458,Snapchat,13-18,Male,Germany,Mobile,WiFi,Free,Video,3.2,35,193,68,47,82058,3382,High,6.1
1459,LinkedIn,46-60,Female,Singapore,Desktop,Mobile Data,Free,Mixed,0.7,37,721,120,59,70169,2986,Low,3.1
1460,Facebook,26-35,Male,Singapore,Mobile,Mobile Data,Premium,Text,5.3,14,166,181,128,80894,4316,Medium,0.9
1461,Pinterest,46-60,Other,Australia,Tablet,Mobile Data,Premium,Text,1.3,4,155,97,116,1961,4190,High,5.0
1462,YouTube,26-35,Male,UK,Tablet,WiFi,Premium,Text,4.1,26,48,157,20,78816,1914,High,5.5
1463,Facebook,13-18,Male,Singapore,Desktop,Mobile Data,Premium,Video,1.2,8,100,35,108,85032,2539,High,6.1
1464,YouTube,13-18,Female,Singapore,Desktop,WiFi,Premium,Video,5.6,18,711,79,101,86633,4711,Low,1.9
1465,LinkedIn,26-35,Other,USA,Tablet,WiFi,Free,Video,2.2,7,542,153,64,25222,2983,High,9.8
1466,Snapchat,13-18,Male,Japan,Tablet,WiFi,Premium,Mixed,3.5,8,676,171,124,82210,4858,High,9.4
1467,Reddit,19-25,Female,USA,Tablet,WiFi,Premium,Mixed,4.8,26,443,10,132,99609,1390,Low,6.7
1468,Twitter,19-25,Other,Brazil,Tablet,WiFi,Free,Video,1.0,23,345,150,70,66697,3588,Low,4.2
1469,Pinterest,60+,Other,Brazil,Desktop,Mobile Data,Free,Text,1.7,1,203,200,60,79183,3542,High,3.5
1470,YouTube,13-18,Male,Canada,Tablet,WiFi,Free,Image,1.9,2,207,148,76,67572,1669,High,5.3
1471,Twitter,46-60,Male,Japan,Mobile,WiFi,Free,Video,2.9,15,110,37,54,32467,1714,High,2.4
1472,Snapchat,60+,Other,Germany,Mobile,Mobile Data,Premium,Video,0.8,25,189,58,144,21494,3633,High,4.4
1473,Pinterest,36-45,Female,Singapore,Mobile,Mobile Data,Free,Video,1.5,23,581,46,115,34235,3998,Low,0.7
1474,Instagram,46-60,Female,UAE,Desktop,WiFi,Premium,Mixed,5.3,28,463,77,28,35698,1923,High,5.0
1475,Twitter,60+,Other,Singapore,Tablet,Mobile Data,Free,Image,2.1,6,628,114,73,33081,993,Low,8.7
1476,Instagram,60+,Female,UAE,Tablet,WiFi,Free,Image,4.1,31,12,149,3,21080,1761,Low,6.9
1477,Twitter,60+,Male,Brazil,Desktop,WiFi,Premium,Mixed,4.7,38,467,107,86,24759,3013,Medium,2.6
1478,Snapchat,46-60,Male,India,Tablet,WiFi,Premium,Image,1.0,22,379,143,136,34335,4639,Low,8.7
1479,LinkedIn,19-25,Female,India,Desktop,WiFi,Free,Mixed,1.5,36,767,77,146,21454,4429,Medium,7.4
1480,Twitter,36-45,Male,Brazil,Desktop,WiFi,Premium,Video,1.5,24,7,102,148,20931,3086,Medium,1.5
1481,Snapchat,19-25,Female,USA,Mobile,WiFi,Free,Video,1.5,6,59,197,18,65527,2548,High,1.1
1482,Facebook,26-35,Male,UAE,Tablet,WiFi,Free,Video,1.1,24,193,19,78,1688,3427,Medium,9.2
1483,Pinterest,26-35,Male,UK,Tablet,WiFi,Premium,Image,4.6,27,314,64,10,30090,4589,High,6.1
1484,Facebook,60+,Male,Australia,Tablet,WiFi,Premium,Image,0.4,18,240,23,72,88314,4744,High,8.4
1485,Facebook,19-25,Other,Brazil,Mobile,Mobile Data,Free,Image,1.9,6,64,158,46,72158,623,Medium,6.4
1486,Facebook,60+,Female,USA,Tablet,WiFi,Free,Mixed,0.2,15,152,91,85,22541,4820,High,4.8
1487,YouTube,46-60,Female,Singapore,Desktop,Mobile Data,Premium,Image,0.9,36,90,152,49,63899,2747,High,3.3
1488,YouTube,13-18,Female,Canada,Tablet,Mobile Data,Free,Video,3.2,8,359,191,19,15783,748,Medium,0.6
1489,LinkedIn,26-35,Male,UAE,Mobile,WiFi,Free,Video,2.7,21,679,111,76,41527,4896,Medium,9.6
1490,LinkedIn,60+,Female,Germany,Tablet,WiFi,Free,Text,3.1,37,641,144,10,24357,4000,High,3.4
1491,Twitter,36-45,Female,Canada,Tablet,WiFi,Free,Mixed,4.4,34,695,67,126,63150,1481,High,2.8
1492,Instagram,36-45,Male,Germany,Mobile,WiFi,Premium,Image,4.7,19,511,95,109,94013,2679,High,4.1
1493,YouTube,13-18,Male,Singapore,Tablet,WiFi,Premium,Mixed,5.2,1,488,10,58,49968,2627,Medium,9.2
1494,Reddit,60+,Other,USA,Tablet,Mobile Data,Premium,Image,5.3,10,381,44,7,75703,1950,Medium,2.2
1495,LinkedIn,36-45,Female,Singapore,Desktop,Mobile Data,Premium,Mixed,0.5,31,393,30,149,38249,1720,High,7.4
1496,Snapchat,19-25,Female,UK,Desktop,Mobile Data,Premium,Video,0.5,10,416,89,85,46574,52,High,1.9
1497,Facebook,19-25,Male,UK,Mobile,Mobile Data,Premium,Image,5.9,22,7,34,147,11290,4927,High,4.9
1498,Reddit,36-45,Male,Germany,Desktop,Mobile Data,Premium,Video,2.5,27,104,189,6,44964,225,High,10.0
1499,Facebook,26-35,Female,India,Mobile,WiFi,Free,Text,5.8,19,797,185,69,34473,800,Medium,2.8
1500,Pinterest,60+,Other,USA,Tablet,WiFi,Free,Video,3.3,16,592,87,23,59455,681,Medium,1.0
1501,Snapchat,19-25,Other,India,Mobile,Mobile Data,Premium,Image,5.7,22,790,185,0,20345,3636,High,1.0
1502,Twitter,19-25,Female,Singapore,Mobile,Mobile Data,Free,Mixed,1.0,9,395,100,38,65872,4730,High,3.6
1503,TikTok,46-60,Female,India,Desktop,Mobile Data,Premium,Text,5.2,19,379,57,90,56964,789,Medium,3.1
1504,Snapchat,46-60,Other,Germany,Desktop,Mobile Data,Free,Text,5.8,24,541,119,38,3688,201,Low,4.5
1505,Facebook,19-25,Other,Brazil,Mobile,Mobile Data,Premium,Image,4.6,36,64,61,31,94241,3379,Medium,1.0
1506,Instagram,19-25,Female,Germany,Mobile,WiFi,Free,Video,2.1,23,634,42,49,86109,3299,Low,1.6
1507,YouTube,19-25,Male,Singapore,Tablet,WiFi,Premium,Image,3.7,5,639,141,54,77077,1991,High,5.1
1508,YouTube,36-45,Other,Canada,Mobile,WiFi,Premium,Video,5.8,37,755,151,104,79912,814,High,8.5
1509,Snapchat,13-18,Other,Canada,Mobile,WiFi,Free,Mixed,0.2,3,271,41,36,83239,720,Medium,8.2
1510,Facebook,13-18,Female,USA,Mobile,Mobile Data,Premium,Video,2.6,22,411,90,95,43264,3629,High,9.8
1511,LinkedIn,46-60,Other,Japan,Mobile,Mobile Data,Free,Text,3.3,32,30,153,54,35100,1211,High,5.8
1512,Twitter,46-60,Male,USA,Mobile,WiFi,Premium,Video,0.7,8,261,32,55,60151,3775,Low,6.7
1513,Twitter,26-35,Other,India,Mobile,WiFi,Premium,Video,3.7,36,618,170,1,4487,3929,Low,0.7
1514,Instagram,60+,Female,Brazil,Mobile,WiFi,Free,Image,3.1,35,22,10,105,15247,2108,High,8.4
1515,Facebook,19-25,Other,Singapore,Desktop,Mobile Data,Premium,Video,3.6,11,446,96,107,99325,881,Low,8.1
1516,Twitter,13-18,Other,Singapore,Tablet,WiFi,Premium,Mixed,1.9,9,371,63,37,83229,2419,High,6.0
1517,Reddit,60+,Male,Singapore,Tablet,Mobile Data,Free,Image,2.2,25,524,139,109,3215,2356,High,4.5
1518,LinkedIn,60+,Female,India,Desktop,WiFi,Free,Mixed,0.8,2,649,73,48,89228,2313,Medium,8.2
1519,LinkedIn,26-35,Other,Brazil,Desktop,Mobile Data,Premium,Image,6.0,38,369,11,44,63383,146,High,6.3
1520,Instagram,46-60,Other,Germany,Mobile,Mobile Data,Free,Image,0.5,16,97,5,101,36493,1912,High,2.7
1521,Instagram,13-18,Male,UK,Mobile,Mobile Data,Premium,Mixed,4.9,20,16,179,97,98568,3019,Low,3.0
1522,YouTube,36-45,Male,USA,Desktop,WiFi,Free,Video,5.3,31,133,5,96,6567,4952,High,4.2
1523,LinkedIn,13-18,Female,Brazil,Mobile,Mobile Data,Free,Image,1.8,34,222,199,133,88008,987,Medium,8.2
1524,Facebook,13-18,Female,Australia,Desktop,WiFi,Free,Mixed,3.8,28,675,192,112,2687,1540,Medium,7.5
1525,TikTok,60+,Female,Germany,Mobile,WiFi,Premium,Mixed,2.2,1,437,172,108,89,4669,Medium,4.3
1526,Pinterest,36-45,Other,USA,Tablet,Mobile Data,Free,Mixed,2.2,17,385,8,94,73837,600,Medium,2.2
1527,Instagram,26-35,Female,UAE,Mobile,WiFi,Premium,Text,0.9,13,204,0,36,96709,2408,High,6.1
1528,YouTube,36-45,Male,Singapore,Mobile,WiFi,Free,Text,0.4,22,20,149,24,62158,2147,Medium,4.5
1529,Twitter,13-18,Other,USA,Tablet,Mobile Data,Premium,Mixed,4.6,22,730,153,119,4731,969,High,3.2
1530,Snapchat,46-60,Female,Australia,Tablet,Mobile Data,Premium,Video,1.0,40,324,190,47,33753,2776,Medium,9.6
1531,LinkedIn,46-60,Male,Singapore,Mobile,WiFi,Premium,Mixed,4.2,40,716,147,78,77045,4204,High,1.1
1532,LinkedIn,60+,Female,UAE,Desktop,WiFi,Premium,Mixed,5.0,39,259,30,35,97163,4057,Low,1.3
1533,Facebook,13-18,Male,Canada,Tablet,Mobile Data,Premium,Image,2.8,19,377,24,142,14352,4457,High,7.6
1534,Reddit,36-45,Female,Germany,Tablet,Mobile Data,Free,Video,0.4,40,549,137,99,17731,734,Medium,9.5
1535,Twitter,46-60,Male,Singapore,Desktop,WiFi,Premium,Image,1.7,7,221,94,139,71884,3534,High,8.4
1536,Twitter,46-60,Other,Australia,Desktop,Mobile Data,Premium,Video,2.6,9,112,120,48,90283,4115,Medium,6.3
1537,TikTok,46-60,Other,Japan,Desktop,Mobile Data,Free,Image,2.8,23,407,40,135,15026,2742,Medium,1.2
1538,Reddit,13-18,Female,India,Mobile,Mobile Data,Free,Image,3.7,1,677,1,73,40018,3666,High,2.7
1539,Pinterest,60+,Female,Germany,Tablet,WiFi,Premium,Text,5.1,8,397,114,106,71369,1023,Medium,8.3
1540,Facebook,26-35,Other,Australia,Mobile,WiFi,Premium,Mixed,2.9,31,430,167,0,78562,2661,High,5.9
1541,Reddit,19-25,Other,UK,Mobile,WiFi,Premium,Text,1.0,37,77,71,69,77344,1698,Low,3.9
1542,Facebook,13-18,Other,Germany,Tablet,Mobile Data,Premium,Text,2.4,16,776,101,77,85370,4647,High,5.3
1543,Snapchat,19-25,Other,Singapore,Tablet,Mobile Data,Premium,Text,4.4,3,667,156,60,8023,2301,Low,6.2
1544,Twitter,26-35,Male,UAE,Mobile,WiFi,Premium,Text,2.0,3,229,159,22,11456,3157,High,9.9
1545,Snapchat,36-45,Female,Japan,Desktop,WiFi,Free,Image,3.2,9,391,143,79,60589,2329,Medium,4.0
1546,Reddit,36-45,Other,USA,Tablet,Mobile Data,Premium,Image,3.2,33,444,133,143,2071,1364,Medium,3.1
1547,Instagram,13-18,Male,UAE,Mobile,Mobile Data,Free,Video,5.6,13,364,73,48,94520,2637,Medium,6.2
1548,Reddit,46-60,Male,Singapore,Tablet,Mobile Data,Premium,Image,1.1,9,528,18,40,23902,3735,Low,6.5
1549,Twitter,13-18,Male,Australia,Mobile,WiFi,Premium,Image,2.9,1,619,121,41,75088,2022,Low,3.9
1550,Facebook,36-45,Other,Brazil,Tablet,Mobile Data,Free,Mixed,1.7,9,730,11,64,28246,4991,High,4.7
1551,Twitter,60+,Female,Germany,Desktop,WiFi,Premium,Text,1.2,17,536,196,11,96448,2352,Medium,3.4
1552,TikTok,60+,Other,UK,Tablet,WiFi,Free,Text,1.0,17,241,15,149,42435,3067,Medium,1.0
1553,Snapchat,60+,Male,UK,Tablet,WiFi,Free,Image,4.0,31,1,45,98,68849,3964,High,5.1
1554,Facebook,19-25,Female,Germany,Mobile,WiFi,Premium,Image,1.4,39,653,137,47,79094,1825,High,3.8
1555,Pinterest,60+,Female,Singapore,Desktop,Mobile Data,Premium,Mixed,3.5,22,671,167,68,72069,4356,Low,2.0
1556,Twitter,26-35,Female,Singapore,Tablet,WiFi,Free,Mixed,0.9,1,316,78,146,81477,3202,Medium,1.9
1557,Twitter,46-60,Other,Australia,Desktop,WiFi,Premium,Mixed,3.9,34,97,52,45,12864,4250,Low,0.8
1558,Facebook,46-60,Other,Singapore,Mobile,Mobile Data,Premium,Video,1.2,31,390,8,85,61616,1776,Low,5.7
1559,Pinterest,13-18,Other,UAE,Mobile,WiFi,Free,Text,1.7,11,536,173,139,60728,2111,Medium,6.0
1560,Instagram,36-45,Female,UAE,Mobile,Mobile Data,Premium,Video,3.1,5,207,124,96,14296,4391,Low,8.8
1561,Snapchat,46-60,Female,Canada,Mobile,WiFi,Premium,Text,5.6,28,412,177,111,4206,4430,High,4.8
1562,Snapchat,26-35,Male,Canada,Desktop,Mobile Data,Free,Video,5.9,29,670,173,101,35336,2460,Medium,8.9
1563,Twitter,19-25,Male,India,Desktop,Mobile Data,Premium,Mixed,4.8,14,123,70,130,37766,4997,Medium,7.5
1564,TikTok,46-60,Male,Canada,Desktop,Mobile Data,Premium,Mixed,0.4,16,50,145,9,31444,3037,Medium,2.9
1565,YouTube,19-25,Other,Australia,Desktop,WiFi,Free,Image,2.2,6,455,151,69,28179,1666,High,9.8
1566,Instagram,13-18,Male,Japan,Desktop,WiFi,Free,Mixed,1.5,22,333,49,84,67236,1671,Low,6.3
1567,TikTok,26-35,Female,Canada,Tablet,WiFi,Free,Text,3.9,13,581,57,67,8916,4769,Medium,0.5
1568,LinkedIn,36-45,Female,India,Tablet,WiFi,Free,Video,4.1,35,737,82,140,49669,1320,Medium,2.8
1569,YouTube,26-35,Female,UAE,Desktop,Mobile Data,Premium,Image,2.3,31,499,33,15,2807,2104,High,1.5
1570,Pinterest,36-45,Other,Japan,Desktop,WiFi,Premium,Video,1.6,29,72,130,136,39935,1781,Medium,0.6
1571,Facebook,46-60,Female,USA,Mobile,Mobile Data,Free,Text,2.0,9,21,167,51,30802,650,Low,8.2
1572,Facebook,19-25,Female,Japan,Tablet,Mobile Data,Free,Video,2.5,32,700,109,42,60807,4233,High,4.3
1573,Facebook,36-45,Male,Japan,Tablet,Mobile Data,Free,Image,3.2,7,138,20,18,3343,573,High,8.5
1574,Snapchat,13-18,Female,India,Mobile,Mobile Data,Premium,Mixed,3.6,6,232,175,50,74526,1665,Medium,4.8
1575,Snapchat,26-35,Female,USA,Desktop,Mobile Data,Free,Text,4.5,30,483,106,86,43417,4749,High,1.1
1576,Instagram,26-35,Female,Japan,Desktop,Mobile Data,Free,Text,1.3,7,319,157,82,31190,1891,Medium,8.8
1577,Instagram,60+,Other,UAE,Desktop,WiFi,Free,Video,1.2,21,65,163,30,80449,855,Medium,7.6
1578,TikTok,60+,Other,UAE,Desktop,Mobile Data,Free,Video,5.6,1,104,82,106,15720,2540,Low,2.0
1579,YouTube,13-18,Male,Japan,Desktop,WiFi,Free,Video,5.9,8,98,166,115,78889,3799,High,9.7
1580,Reddit,60+,Male,Australia,Mobile,Mobile Data,Premium,Mixed,0.3,24,155,7,96,87954,3723,Medium,3.1
1581,Twitter,26-35,Other,Germany,Desktop,WiFi,Premium,Text,1.6,14,82,160,79,8593,2043,Medium,6.2
1582,YouTube,36-45,Male,Singapore,Desktop,Mobile Data,Free,Text,0.4,2,175,131,121,31181,3434,High,1.3
1583,TikTok,60+,Male,Singapore,Mobile,WiFi,Premium,Text,4.3,12,706,167,55,78081,1428,High,2.3
1584,Facebook,60+,Male,Japan,Mobile,Mobile Data,Free,Text,4.6,21,465,108,135,44871,3058,Medium,9.0
1585,TikTok,26-35,Other,Canada,Desktop,Mobile Data,Free,Video,5.3,11,173,187,133,15535,4746,Medium,7.5
1586,Snapchat,13-18,Female,Australia,Mobile,WiFi,Premium,Image,3.8,10,742,131,112,24440,2680,Medium,9.2
1587,YouTube,60+,Other,Japan,Mobile,Mobile Data,Premium,Text,4.0,21,202,17,98,27335,4917,High,2.6
1588,Snapchat,60+,Other,Brazil,Tablet,WiFi,Free,Video,5.6,19,42,109,131,58658,1439,Medium,7.5
1589,Pinterest,19-25,Other,Singapore,Desktop,Mobile Data,Premium,Video,0.6,34,422,198,54,45391,204,High,7.5
1590,TikTok,19-25,Male,Australia,Tablet,WiFi,Free,Image,2.6,13,82,70,48,62854,3551,High,3.3
1591,Facebook,60+,Female,Germany,Mobile,WiFi,Premium,Text,3.3,13,156,62,115,46235,87,Medium,10.0
1592,Pinterest,36-45,Male,Brazil,Mobile,WiFi,Premium,Text,1.0,1,212,27,135,10014,1552,Medium,8.6
1593,LinkedIn,13-18,Female,India,Tablet,Mobile Data,Free,Image,5.7,17,427,193,57,84467,1647,Medium,2.8
1594,LinkedIn,60+,Other,UAE,Tablet,WiFi,Free,Text,6.0,23,34,168,51,41977,1821,Medium,7.9
1595,Facebook,19-25,Male,India,Mobile,WiFi,Premium,Mixed,4.2,24,1,9,39,44104,962,High,8.0
1596,Reddit,60+,Other,Brazil,Tablet,WiFi,Free,Video,2.5,37,481,38,83,24482,2713,Medium,9.0
1597,Reddit,13-18,Male,Canada,Desktop,Mobile Data,Premium,Video,4.0,1,682,80,30,79262,3330,Medium,4.8
1598,YouTube,60+,Male,Japan,Tablet,Mobile Data,Free,Text,1.7,13,406,13,91,36520,2889,High,9.9
1599,Facebook,26-35,Male,Australia,Desktop,Mobile Data,Free,Video,5.0,6,54,118,82,25514,674,Low,4.0
1600,Reddit,13-18,Female,Canada,Tablet,WiFi,Free,Mixed,3.9,20,459,162,35,91217,4575,Low,0.8
1601,Twitter,46-60,Other,Brazil,Mobile,WiFi,Premium,Mixed,4.5,30,389,127,68,81069,3449,Low,6.3
1602,YouTube,19-25,Male,UAE,Mobile,WiFi,Premium,Mixed,3.3,2,445,109,36,93888,4302,High,0.6
1603,LinkedIn,13-18,Other,India,Tablet,Mobile Data,Premium,Mixed,4.5,39,754,22,68,56742,3367,Low,1.5
1604,Instagram,60+,Male,Japan,Desktop,Mobile Data,Premium,Video,4.4,15,13,193,132,36990,786,Low,7.2
1605,LinkedIn,26-35,Male,Germany,Mobile,WiFi,Premium,Text,0.7,23,15,44,52,21424,943,Low,9.4
1606,Twitter,46-60,Other,Singapore,Desktop,WiFi,Free,Video,0.5,16,281,6,23,25190,733,Low,2.0
1607,LinkedIn,60+,Other,Australia,Desktop,WiFi,Free,Image,3.0,28,100,38,115,79689,4231,Medium,8.5
1608,Snapchat,60+,Female,Japan,Tablet,Mobile Data,Free,Video,1.8,29,404,135,55,73579,4937,Medium,9.0
1609,Pinterest,13-18,Male,India,Mobile,WiFi,Premium,Video,2.3,22,557,134,36,26755,2977,High,3.9
1610,Instagram,46-60,Other,Australia,Mobile,Mobile Data,Free,Video,1.4,29,257,81,86,79737,4749,Low,9.0
1611,Instagram,60+,Female,Australia,Desktop,Mobile Data,Premium,Mixed,2.1,23,711,169,37,43675,94,High,5.1
1612,Snapchat,46-60,Other,Australia,Mobile,WiFi,Premium,Video,5.7,5,297,190,111,26782,719,Low,4.2
1613,Twitter,36-45,Female,India,Mobile,Mobile Data,Free,Video,3.0,30,289,10,114,67431,4055,Low,3.6
1614,TikTok,60+,Female,USA,Tablet,Mobile Data,Premium,Image,4.7,1,604,21,57,59203,2434,High,6.6
1615,Pinterest,19-25,Male,Australia,Desktop,WiFi,Premium,Image,3.2,32,461,35,0,19456,1576,Low,3.2
1616,Reddit,13-18,Female,Australia,Mobile,Mobile Data,Premium,Mixed,2.2,12,521,72,140,49050,617,Low,1.8
1617,Twitter,19-25,Male,Brazil,Desktop,Mobile Data,Premium,Video,5.5,19,567,1,59,60962,2684,High,3.2
1618,TikTok,13-18,Other,UAE,Desktop,Mobile Data,Free,Video,1.2,26,9,68,29,79877,2352,Medium,1.3
1619,Pinterest,13-18,Other,UK,Mobile,Mobile Data,Free,Mixed,3.6,24,639,73,2,10241,2289,Medium,8.5
1620,Instagram,60+,Other,Brazil,Mobile,WiFi,Premium,Image,1.2,12,102,143,120,3581,900,Low,6.7
1621,YouTube,19-25,Other,UK,Mobile,Mobile Data,Free,Video,3.6,38,46,34,31,72630,2557,Low,2.7
1622,Reddit,60+,Other,India,Mobile,WiFi,Premium,Video,5.7,2,161,12,102,23871,3673,High,1.2
1623,Pinterest,46-60,Other,India,Tablet,WiFi,Premium,Text,2.7,5,99,138,122,40195,3076,Low,8.7
1624,LinkedIn,46-60,Other,Germany,Mobile,Mobile Data,Premium,Text,3.8,5,721,139,37,46695,1255,Medium,7.4
1625,Facebook,13-18,Other,Australia,Mobile,Mobile Data,Free,Image,0.3,32,357,62,76,64867,1334,Medium,7.6
1626,LinkedIn,13-18,Male,USA,Desktop,WiFi,Premium,Image,5.7,7,478,42,117,65114,3798,High,6.6
1627,Pinterest,13-18,Male,Brazil,Tablet,WiFi,Free,Image,1.7,37,122,119,44,66847,3113,Low,7.6
1628,Snapchat,26-35,Other,Japan,Tablet,Mobile Data,Free,Text,5.0,23,588,195,25,12392,3888,Low,6.6
1629,Reddit,26-35,Male,Germany,Mobile,WiFi,Premium,Mixed,3.8,4,397,195,75,89152,4219,High,0.6
1630,LinkedIn,13-18,Other,Australia,Desktop,Mobile Data,Free,Text,5.7,6,723,171,125,67321,1995,High,5.4
1631,LinkedIn,13-18,Female,Japan,Desktop,Mobile Data,Premium,Image,1.1,36,681,81,132,96433,2596,Medium,3.4
1632,YouTube,19-25,Other,Japan,Desktop,Mobile Data,Free,Video,2.5,31,574,154,75,46939,4978,High,5.6
1633,Pinterest,36-45,Female,India,Desktop,WiFi,Free,Mixed,2.1,3,48,31,86,9968,850,High,0.7
1634,Facebook,36-45,Other,India,Mobile,Mobile Data,Free,Mixed,4.1,6,163,185,67,89634,866,Low,9.2
1635,LinkedIn,13-18,Other,Brazil,Mobile,WiFi,Free,Mixed,3.4,4,166,189,91,67809,3388,High,5.8
1636,Reddit,46-60,Female,Germany,Tablet,Mobile Data,Free,Video,0.8,40,273,19,44,60725,2856,High,2.7
1637,Pinterest,13-18,Other,USA,Mobile,WiFi,Free,Text,5.9,5,300,18,46,31873,2793,Low,9.1
1638,Snapchat,46-60,Male,UAE,Desktop,Mobile Data,Free,Mixed,3.0,8,564,89,80,7190,4819,Medium,2.9
1639,TikTok,26-35,Male,Australia,Desktop,Mobile Data,Premium,Mixed,5.4,6,71,115,11,72164,2929,Low,4.7
1640,YouTube,46-60,Male,UAE,Desktop,WiFi,Premium,Image,4.0,17,298,75,86,19610,1634,High,2.7
1641,Reddit,46-60,Female,India,Mobile,Mobile Data,Premium,Image,1.7,39,316,145,121,59203,2785,High,8.7
1642,Instagram,36-45,Other,Australia,Mobile,Mobile Data,Free,Image,4.1,3,530,9,111,41996,2943,High,1.9
1643,Pinterest,60+,Female,Brazil,Desktop,Mobile Data,Free,Text,3.5,9,163,132,136,22643,1056,High,2.2
1644,LinkedIn,60+,Male,India,Tablet,WiFi,Premium,Text,3.4,37,764,151,1,96091,1965,Low,9.7
1645,Reddit,19-25,Male,UK,Desktop,Mobile Data,Free,Mixed,3.7,16,362,50,131,61771,2913,Low,6.3
1646,LinkedIn,36-45,Female,India,Desktop,WiFi,Premium,Image,2.7,36,213,76,136,81472,500,Low,8.9
1647,Snapchat,60+,Female,Japan,Desktop,WiFi,Premium,Video,5.4,25,298,12,43,97728,2049,Low,7.0
1648,Twitter,46-60,Male,Canada,Desktop,WiFi,Free,Image,3.9,15,115,76,112,65344,1780,Low,5.7
1649,Facebook,46-60,Female,Canada,Desktop,WiFi,Free,Image,4.1,35,500,24,132,29983,2092,High,5.8
1650,YouTube,36-45,Female,UAE,Desktop,WiFi,Free,Video,2.5,34,332,174,121,93069,1741,High,9.0
1651,YouTube,36-45,Female,Singapore,Tablet,WiFi,Free,Mixed,5.8,1,348,139,94,95263,598,Low,2.6
1652,TikTok,60+,Male,USA,Tablet,WiFi,Free,Video,2.1,2,745,104,118,42453,3906,Medium,5.9
1653,Facebook,26-35,Female,UAE,Desktop,WiFi,Free,Video,4.4,18,600,90,129,31601,2365,High,3.6
1654,Facebook,13-18,Female,Australia,Mobile,WiFi,Free,Text,5.6,33,66,173,78,78162,3813,Medium,2.3
1655,Snapchat,36-45,Other,UK,Tablet,WiFi,Free,Mixed,1.8,7,621,124,17,73081,466,High,9.8
1656,Snapchat,19-25,Female,UAE,Desktop,Mobile Data,Free,Text,4.0,19,106,9,36,69091,2544,Low,4.4
1657,TikTok,19-25,Male,Brazil,Tablet,WiFi,Premium,Video,4.0,22,48,186,13,56282,2294,Medium,9.5
1658,Twitter,60+,Female,Germany,Mobile,Mobile Data,Premium,Image,0.3,21,145,97,71,53223,1878,Low,5.4
1659,Instagram,19-25,Male,UAE,Desktop,Mobile Data,Free,Mixed,3.7,1,272,14,136,89188,443,Medium,2.1
1660,Twitter,26-35,Male,Australia,Mobile,WiFi,Premium,Text,3.7,9,762,93,67,19839,4974,High,9.1
1661,Instagram,60+,Male,USA,Tablet,WiFi,Premium,Video,4.4,19,449,46,126,3371,2920,Medium,6.4
1662,Twitter,46-60,Female,India,Desktop,WiFi,Premium,Image,5.7,20,493,6,71,81443,1558,High,3.1
1663,Instagram,26-35,Female,USA,Desktop,Mobile Data,Premium,Video,3.5,8,375,89,110,92763,221,Low,1.5
1664,Reddit,26-35,Other,Singapore,Tablet,WiFi,Free,Text,6.0,25,417,89,4,88972,2679,Medium,7.1
1665,Reddit,13-18,Male,Canada,Tablet,WiFi,Premium,Image,5.5,27,65,22,60,58481,1663,Medium,2.3
1666,LinkedIn,26-35,Other,Japan,Tablet,WiFi,Premium,Video,3.2,3,623,43,110,99499,4825,Medium,3.0
1667,Facebook,19-25,Female,Australia,Mobile,Mobile Data,Free,Image,2.7,24,326,121,76,36505,82,Low,2.2
1668,Reddit,60+,Male,UAE,Desktop,Mobile Data,Free,Mixed,5.7,20,358,127,8,39424,3930,Medium,8.4
1669,Snapchat,36-45,Other,Brazil,Mobile,Mobile Data,Free,Mixed,3.5,40,526,175,46,57133,1405,Medium,6.7
1670,Reddit,60+,Female,Germany,Desktop,WiFi,Premium,Video,4.1,8,611,46,11,55539,4334,Low,2.0
1671,Instagram,26-35,Female,Canada,Desktop,WiFi,Premium,Image,3.2,8,461,6,30,79542,3421,Low,4.5
1672,Reddit,60+,Other,Germany,Mobile,WiFi,Free,Video,5.6,7,470,184,111,69696,1316,High,9.0
1673,Pinterest,46-60,Other,Brazil,Tablet,Mobile Data,Premium,Image,0.6,39,96,81,15,81327,4608,Low,6.8
1674,Snapchat,46-60,Male,USA,Desktop,WiFi,Premium,Mixed,5.2,29,635,123,9,65314,1404,Low,7.6
1675,Facebook,13-18,Female,USA,Desktop,Mobile Data,Premium,Image,3.3,8,48,184,85,3626,1984,Low,5.1
1676,Snapchat,36-45,Male,Australia,Tablet,WiFi,Premium,Mixed,0.3,14,643,166,144,48889,1520,Low,8.9
1677,TikTok,13-18,Other,Singapore,Mobile,Mobile Data,Free,Image,1.8,19,678,158,51,19600,2103,High,3.4
1678,YouTube,13-18,Female,Japan,Mobile,Mobile Data,Free,Mixed,3.4,35,672,4,10,52388,4136,High,8.5
1679,TikTok,60+,Male,UK,Desktop,Mobile Data,Free,Video,1.6,40,776,163,45,42681,1258,Medium,1.2
1680,Snapchat,36-45,Female,Germany,Desktop,WiFi,Free,Video,4.2,31,302,136,113,83808,4387,Low,4.5
1681,Instagram,26-35,Other,Australia,Tablet,Mobile Data,Premium,Text,3.3,32,580,113,104,36788,962,Medium,8.6
1682,YouTube,60+,Male,UK,Desktop,WiFi,Premium,Video,0.3,4,594,102,39,31315,2311,Medium,0.9
1683,YouTube,13-18,Female,Germany,Tablet,WiFi,Premium,Image,4.3,30,489,138,4,59987,3129,Low,9.3
1684,Pinterest,46-60,Male,Australia,Tablet,Mobile Data,Free,Text,5.1,3,59,68,79,21155,542,Medium,4.2
1685,Instagram,13-18,Male,Singapore,Desktop,Mobile Data,Premium,Text,5.4,20,32,105,46,43353,1670,High,8.7
1686,Reddit,36-45,Male,Germany,Mobile,WiFi,Premium,Image,4.1,7,704,151,27,64997,1241,Low,7.8
1687,TikTok,26-35,Other,India,Tablet,Mobile Data,Free,Video,5.2,2,638,168,133,41682,575,Low,9.3
1688,Reddit,19-25,Female,Brazil,Desktop,Mobile Data,Premium,Image,3.2,25,768,43,108,38468,4164,High,2.7
1689,YouTube,60+,Male,USA,Mobile,WiFi,Free,Mixed,3.5,9,482,30,140,51311,4630,High,8.1
1690,TikTok,19-25,Male,UAE,Desktop,Mobile Data,Free,Image,2.3,35,797,12,148,90473,4957,High,5.5
1691,Reddit,46-60,Male,Brazil,Mobile,WiFi,Free,Image,4.5,0,336,175,47,68270,3015,High,8.4
1692,Snapchat,26-35,Female,Japan,Mobile,Mobile Data,Premium,Mixed,3.6,28,138,71,107,30383,1722,High,6.8
1693,Reddit,13-18,Female,UAE,Tablet,WiFi,Premium,Text,0.6,31,286,191,5,81157,3706,Medium,8.6
1694,YouTube,26-35,Female,Japan,Tablet,Mobile Data,Premium,Video,3.6,30,277,173,89,76718,3386,High,2.8
1695,Twitter,13-18,Other,Australia,Desktop,WiFi,Premium,Text,0.9,5,275,120,94,32632,2726,Low,10.0
1696,Facebook,60+,Female,Singapore,Tablet,Mobile Data,Free,Video,5.8,3,162,82,19,65978,2486,Medium,3.6
1697,Reddit,60+,Female,Japan,Desktop,WiFi,Free,Text,5.3,16,403,123,11,78793,2843,Medium,8.7
1698,Snapchat,13-18,Male,Brazil,Tablet,Mobile Data,Free,Video,2.6,36,465,117,69,2508,1737,High,5.3
1699,Pinterest,60+,Female,Australia,Mobile,WiFi,Free,Video,5.7,23,227,132,6,1508,1102,High,3.4
1700,TikTok,60+,Female,Brazil,Tablet,Mobile Data,Premium,Text,3.2,19,149,72,15,50657,4791,Medium,2.9
1701,Twitter,13-18,Other,Germany,Tablet,Mobile Data,Premium,Video,5.9,25,118,87,64,41707,1971,High,5.0
1702,Reddit,46-60,Other,UAE,Tablet,WiFi,Premium,Mixed,0.4,23,730,44,123,12803,1598,Medium,9.2
1703,Twitter,19-25,Other,Singapore,Mobile,Mobile Data,Premium,Image,4.2,15,26,159,146,24963,3005,High,9.2
1704,Reddit,60+,Male,UK,Desktop,Mobile Data,Premium,Text,1.2,31,694,28,61,53110,2460,High,1.3
1705,YouTube,26-35,Male,Canada,Desktop,Mobile Data,Free,Video,5.8,22,564,79,63,94378,285,High,5.6
1706,Pinterest,46-60,Male,USA,Desktop,WiFi,Premium,Mixed,1.2,7,79,88,46,41332,757,Low,3.8
1707,LinkedIn,60+,Male,Singapore,Desktop,WiFi,Free,Image,2.9,8,215,15,30,29872,79,Medium,5.8
1708,YouTube,60+,Other,Brazil,Desktop,WiFi,Premium,Image,0.8,1,424,85,12,32832,4393,High,7.6
1709,TikTok,60+,Other,USA,Mobile,WiFi,Free,Image,4.4,32,354,71,117,74844,316,High,3.4
1710,LinkedIn,13-18,Other,India,Tablet,WiFi,Premium,Video,0.7,31,269,80,88,19515,885,High,2.1
1711,TikTok,13-18,Female,Brazil,Mobile,WiFi,Premium,Text,2.3,22,740,114,65,85983,1443,Medium,2.2
1712,LinkedIn,13-18,Other,Japan,Mobile,Mobile Data,Premium,Mixed,1.3,34,163,127,143,92676,1723,Medium,8.9
1713,Instagram,46-60,Other,India,Mobile,WiFi,Free,Text,0.5,5,221,14,105,97532,1399,Medium,8.8
1714,LinkedIn,13-18,Female,Australia,Tablet,Mobile Data,Premium,Text,6.0,37,452,101,51,32710,3579,High,5.0
1715,Instagram,60+,Other,Japan,Desktop,Mobile Data,Premium,Image,4.2,2,5,20,47,42371,3012,High,2.1
1716,YouTube,46-60,Other,UK,Tablet,WiFi,Free,Video,5.6,36,795,114,121,84645,4549,Low,9.1
1717,Facebook,13-18,Other,India,Desktop,WiFi,Free,Image,5.5,34,643,116,73,80990,3444,Medium,9.9
1718,Snapchat,13-18,Female,USA,Mobile,Mobile Data,Free,Text,5.0,16,772,92,71,81938,4060,High,5.9
1719,YouTube,36-45,Female,USA,Tablet,Mobile Data,Premium,Mixed,5.7,30,316,65,58,2606,2982,Medium,1.7
1720,LinkedIn,60+,Other,UAE,Tablet,Mobile Data,Free,Video,2.4,26,599,36,131,36597,4140,High,1.5
1721,Snapchat,26-35,Other,Germany,Mobile,Mobile Data,Premium,Text,1.5,32,662,56,34,5380,2157,Low,4.0
1722,Facebook,46-60,Other,UAE,Mobile,Mobile Data,Premium,Video,5.5,17,73,6,1,77150,1124,Low,5.7
1723,Facebook,19-25,Female,India,Tablet,Mobile Data,Free,Mixed,5.1,4,698,194,85,29973,1443,Low,4.6
1724,Pinterest,60+,Female,UK,Desktop,WiFi,Premium,Video,4.2,20,753,196,40,40788,947,Low,7.1
1725,Reddit,13-18,Female,UK,Desktop,WiFi,Premium,Mixed,2.5,21,258,146,41,5121,3735,High,7.3
1726,Instagram,19-25,Male,Germany,Tablet,WiFi,Premium,Mixed,3.4,20,684,43,47,51641,3691,Low,8.3
1727,Snapchat,36-45,Female,UK,Mobile,Mobile Data,Premium,Mixed,4.4,9,541,129,46,71973,1575,High,7.3
1728,Snapchat,19-25,Male,Japan,Tablet,WiFi,Premium,Video,1.0,5,279,167,77,26356,468,High,0.6
1729,LinkedIn,13-18,Female,UAE,Tablet,Mobile Data,Premium,Text,5.5,28,625,46,89,48762,98,High,4.2
1730,Pinterest,36-45,Male,Canada,Mobile,WiFi,Premium,Video,5.9,2,408,71,92,50534,4571,Low,2.1
1731,Reddit,36-45,Male,USA,Mobile,Mobile Data,Free,Text,5.1,26,765,176,60,29234,111,Low,1.6
1732,YouTube,60+,Male,UAE,Tablet,WiFi,Premium,Text,0.8,29,259,63,138,92907,4638,Low,7.5
1733,Twitter,36-45,Female,Singapore,Mobile,WiFi,Free,Mixed,3.3,19,740,35,31,72566,3087,Medium,3.7
1734,Snapchat,19-25,Female,India,Desktop,Mobile Data,Free,Image,1.9,15,769,109,148,12518,4874,Low,9.8
1735,Reddit,19-25,Female,UK,Tablet,Mobile Data,Free,Mixed,1.9,32,189,113,38,30629,1696,High,5.0
1736,Reddit,19-25,Other,Singapore,Mobile,WiFi,Free,Text,1.7,31,86,39,112,94617,2784,High,3.9
1737,Pinterest,60+,Other,Australia,Desktop,WiFi,Premium,Text,3.9,31,15,81,6,43820,3316,Low,1.9
1738,Pinterest,36-45,Other,Australia,Tablet,WiFi,Free,Mixed,1.8,29,181,43,101,13417,806,Medium,5.1
1739,Instagram,26-35,Female,Singapore,Tablet,Mobile Data,Free,Image,1.9,1,121,59,100,97079,501,Low,7.6
1740,TikTok,19-25,Male,Germany,Desktop,Mobile Data,Free,Video,2.7,14,126,83,84,39731,4741,High,3.9
1741,Snapchat,46-60,Male,Japan,Desktop,Mobile Data,Free,Text,4.5,13,529,166,140,41969,661,High,2.9
1742,LinkedIn,36-45,Male,Brazil,Tablet,Mobile Data,Free,Text,3.1,36,793,169,21,57109,3723,High,8.6
1743,Reddit,60+,Other,Brazil,Mobile,Mobile Data,Free,Text,2.4,22,240,101,139,95633,1804,Medium,0.7
1744,LinkedIn,26-35,Male,UAE,Tablet,Mobile Data,Premium,Video,3.7,35,667,154,134,60540,3757,High,4.9
1745,Twitter,36-45,Male,Australia,Desktop,WiFi,Free,Text,1.6,12,629,130,8,37247,4916,Medium,9.6
1746,LinkedIn,46-60,Other,USA,Mobile,Mobile Data,Free,Mixed,4.9,2,648,194,75,38387,3002,Low,4.1
1747,Instagram,19-25,Female,Singapore,Mobile,WiFi,Premium,Video,1.3,30,776,109,32,17291,2829,Low,7.9
1748,Twitter,46-60,Female,USA,Mobile,WiFi,Premium,Video,1.5,1,28,107,111,6065,4580,Medium,3.3
1749,YouTube,60+,Female,Brazil,Mobile,Mobile Data,Free,Image,2.2,40,403,182,64,45406,1398,High,8.4
1750,YouTube,46-60,Male,USA,Tablet,WiFi,Free,Text,3.8,34,585,126,126,88500,4649,High,5.6
1751,Instagram,36-45,Male,Japan,Tablet,WiFi,Premium,Mixed,2.2,4,564,145,125,13938,2774,High,6.0
1752,Reddit,36-45,Other,Canada,Desktop,Mobile Data,Free,Mixed,0.7,27,221,165,87,7692,524,High,4.0
1753,Facebook,46-60,Female,Germany,Mobile,Mobile Data,Free,Image,4.6,40,329,132,44,67561,1665,High,7.9
1754,Reddit,46-60,Male,USA,Tablet,WiFi,Free,Image,5.9,40,92,2,96,27962,2789,High,4.5
1755,Pinterest,46-60,Male,UK,Tablet,WiFi,Free,Image,2.8,15,228,186,113,70919,1642,Low,3.8
1756,Twitter,36-45,Other,UAE,Mobile,WiFi,Free,Image,2.8,20,448,133,74,81260,808,High,1.5
1757,Facebook,36-45,Male,Japan,Desktop,WiFi,Free,Video,1.1,5,206,31,98,24239,2345,Medium,7.1
1758,Facebook,13-18,Female,Brazil,Tablet,Mobile Data,Premium,Image,2.9,1,613,50,107,75768,852,High,5.4
1759,LinkedIn,60+,Other,Canada,Desktop,Mobile Data,Free,Text,0.7,37,499,129,131,80553,2749,High,2.6
1760,LinkedIn,13-18,Female,UK,Mobile,Mobile Data,Free,Video,2.2,13,725,96,103,91172,449,High,5.3
1761,Pinterest,36-45,Female,Brazil,Mobile,WiFi,Premium,Text,3.8,16,575,8,147,39254,2400,Medium,1.5
1762,Snapchat,19-25,Female,Canada,Mobile,WiFi,Premium,Image,2.3,10,282,3,57,15204,3590,Medium,8.5
1763,Reddit,46-60,Other,Germany,Desktop,WiFi,Premium,Video,0.7,39,677,49,6,76549,1350,High,6.4
1764,Reddit,46-60,Female,USA,Tablet,Mobile Data,Premium,Video,0.9,6,551,109,116,15608,4933,Medium,6.1
1765,Reddit,60+,Female,Singapore,Mobile,Mobile Data,Free,Video,1.0,29,467,177,10,315,1556,Medium,4.9
1766,Pinterest,60+,Other,Singapore,Desktop,WiFi,Premium,Text,3.7,30,666,122,77,98276,3924,Medium,1.7
1767,TikTok,13-18,Other,Canada,Desktop,Mobile Data,Free,Video,0.7,15,296,82,64,15697,526,High,0.6
1768,Snapchat,36-45,Female,Australia,Tablet,WiFi,Free,Video,5.0,23,397,186,64,95105,970,Low,7.3
1769,LinkedIn,46-60,Female,Germany,Tablet,Mobile Data,Premium,Image,5.4,25,59,61,111,85813,4986,High,6.8
1770,YouTube,36-45,Other,Brazil,Mobile,WiFi,Premium,Text,1.2,30,130,70,61,2156,573,Low,2.9
1771,Reddit,60+,Other,Singapore,Desktop,Mobile Data,Premium,Video,2.8,4,496,149,50,20164,2881,Medium,3.1
1772,Facebook,19-25,Other,UAE,Desktop,WiFi,Free,Video,1.1,16,622,20,102,60414,4329,Low,8.4
1773,YouTube,19-25,Female,Canada,Tablet,Mobile Data,Free,Image,2.4,31,668,96,15,75680,2359,Medium,9.0
1774,Instagram,60+,Female,Australia,Mobile,Mobile Data,Free,Video,5.4,14,122,42,24,34017,462,Low,7.5
1775,Pinterest,60+,Male,Japan,Desktop,WiFi,Premium,Image,4.0,37,277,9,123,25342,3385,Medium,6.1
1776,Snapchat,13-18,Male,Brazil,Desktop,Mobile Data,Free,Mixed,4.1,13,457,145,125,45701,1046,Low,6.6
1777,Instagram,13-18,Other,India,Desktop,Mobile Data,Premium,Mixed,1.7,39,38,142,3,16170,3778,High,2.6
1778,Instagram,26-35,Female,UK,Mobile,WiFi,Premium,Video,6.0,8,343,174,35,14683,1839,Medium,2.4
1779,Instagram,13-18,Female,Japan,Tablet,WiFi,Free,Image,3.0,18,484,162,40,4480,3874,Low,1.2
1780,Reddit,26-35,Other,India,Desktop,WiFi,Free,Video,1.8,9,276,50,0,71328,2485,Medium,9.4
1781,Snapchat,36-45,Female,Japan,Desktop,Mobile Data,Premium,Text,3.9,16,793,122,92,70459,1661,Low,7.3
1782,LinkedIn,46-60,Male,Brazil,Desktop,Mobile Data,Premium,Text,5.0,36,412,190,85,90417,2100,High,7.3
1783,Pinterest,26-35,Male,Australia,Tablet,WiFi,Premium,Video,1.6,40,199,186,59,11509,3567,High,9.0
1784,Twitter,46-60,Female,Canada,Mobile,Mobile Data,Premium,Image,4.9,34,234,40,58,15373,1410,Medium,5.1
1785,Twitter,13-18,Female,India,Desktop,Mobile Data,Premium,Video,1.0,10,585,78,65,72300,3178,High,7.3
1786,Twitter,46-60,Male,Brazil,Mobile,Mobile Data,Free,Text,4.2,10,1,43,94,73984,1231,Low,4.5
1787,LinkedIn,13-18,Female,Germany,Tablet,WiFi,Free,Text,0.9,6,56,151,84,10382,2310,Low,9.0
1788,LinkedIn,46-60,Male,UK,Tablet,Mobile Data,Premium,Video,2.1,28,188,126,39,6587,3622,Low,7.7
1789,Facebook,19-25,Male,India,Mobile,Mobile Data,Premium,Video,3.4,27,316,137,86,22539,2945,Low,3.4
1790,Twitter,46-60,Female,UAE,Tablet,WiFi,Premium,Mixed,2.8,5,83,152,11,85281,3586,Medium,4.8
1791,Pinterest,36-45,Male,Germany,Tablet,Mobile Data,Premium,Image,4.4,11,434,116,64,34493,4325,Low,2.1
1792,Pinterest,46-60,Female,Canada,Tablet,WiFi,Free,Text,0.3,0,133,84,33,95701,1353,High,1.4
1793,TikTok,13-18,Other,Australia,Desktop,WiFi,Free,Mixed,0.7,18,49,75,100,161,4212,Low,4.0
1794,LinkedIn,36-45,Other,Germany,Tablet,WiFi,Free,Mixed,4.3,9,300,24,75,17978,2932,Medium,8.3
1795,TikTok,36-45,Female,Japan,Desktop,WiFi,Free,Mixed,0.2,8,221,96,67,22701,4986,Low,2.3
1796,Snapchat,19-25,Male,Singapore,Mobile,WiFi,Free,Text,3.9,36,374,188,29,96554,2170,High,5.1
1797,Pinterest,26-35,Other,Brazil,Mobile,WiFi,Free,Text,1.3,19,344,50,74,32509,4089,Medium,3.9
1798,LinkedIn,46-60,Female,UAE,Desktop,WiFi,Free,Image,5.4,30,463,121,40,91912,3187,Low,8.9
1799,Snapchat,46-60,Other,UK,Mobile,Mobile Data,Free,Image,3.3,3,596,183,46,26081,4925,Low,0.9
1800,Instagram,46-60,Other,UAE,Desktop,WiFi,Premium,Video,5.1,31,692,181,149,4585,2137,High,6.5
1801,LinkedIn,36-45,Female,Canada,Tablet,Mobile Data,Premium,Image,3.8,20,161,97,30,63908,581,Medium,1.5
1802,LinkedIn,46-60,Female,Singapore,Tablet,WiFi,Premium,Image,4.6,30,328,22,78,113,271,High,4.4
1803,TikTok,26-35,Male,Germany,Tablet,Mobile Data,Free,Text,2.7,40,217,81,118,85391,935,High,3.8
1804,LinkedIn,13-18,Other,UK,Mobile,WiFi,Free,Text,2.3,0,391,154,40,30877,2405,Low,1.8
1805,Pinterest,46-60,Female,India,Desktop,WiFi,Free,Image,1.2,18,733,130,118,36425,4222,High,7.8
1806,Instagram,26-35,Male,India,Tablet,WiFi,Free,Text,2.3,9,430,75,6,75445,4065,Medium,9.9
1807,TikTok,13-18,Other,Singapore,Desktop,Mobile Data,Premium,Image,3.0,9,665,65,100,94520,3900,Low,5.5
1808,TikTok,26-35,Other,Japan,Desktop,WiFi,Premium,Image,1.2,17,463,46,63,75046,4001,Low,6.1
1809,Twitter,60+,Female,Brazil,Mobile,Mobile Data,Premium,Video,5.1,5,447,107,93,61433,2779,Medium,8.0
1810,YouTube,19-25,Female,India,Desktop,Mobile Data,Premium,Text,2.5,12,635,133,99,43717,3618,Medium,1.8
1811,YouTube,26-35,Female,Germany,Mobile,Mobile Data,Premium,Mixed,1.9,7,120,6,17,26820,2649,Medium,5.5
1812,YouTube,46-60,Other,Australia,Desktop,WiFi,Premium,Text,4.9,27,415,13,128,73037,808,Medium,1.7
1813,Facebook,26-35,Female,India,Mobile,WiFi,Free,Image,2.2,32,95,196,75,86403,1515,High,5.5
1814,Facebook,13-18,Other,Australia,Desktop,WiFi,Free,Mixed,2.4,28,553,165,64,50647,253,Medium,0.7
1815,YouTube,46-60,Other,Germany,Mobile,WiFi,Free,Video,5.1,37,67,98,47,55670,4372,High,9.3
1816,Instagram,19-25,Male,UK,Tablet,Mobile Data,Premium,Mixed,3.9,24,471,2,91,94597,3389,Low,1.3
1817,Instagram,26-35,Other,UAE,Tablet,Mobile Data,Premium,Video,4.6,25,430,58,126,99399,1201,High,8.8
1818,Twitter,36-45,Male,India,Desktop,Mobile Data,Free,Video,1.5,30,427,25,4,22188,4819,Low,8.1
1819,YouTube,60+,Female,Japan,Desktop,Mobile Data,Premium,Mixed,1.3,6,617,0,10,33898,1536,High,5.2
1820,Twitter,13-18,Other,UAE,Tablet,Mobile Data,Premium,Mixed,5.8,8,778,9,29,31965,266,Medium,1.3
1821,YouTube,19-25,Male,Brazil,Mobile,WiFi,Premium,Text,1.4,25,490,112,26,20138,3872,High,4.4
1822,Facebook,60+,Other,UAE,Tablet,Mobile Data,Premium,Video,3.4,25,184,0,73,51603,2445,Low,6.5
1823,Facebook,46-60,Female,Australia,Mobile,WiFi,Free,Image,0.8,4,683,196,48,65622,4286,Medium,6.6
1824,Snapchat,36-45,Other,India,Mobile,WiFi,Premium,Video,5.1,25,535,159,126,10388,3576,High,3.1
1825,Instagram,46-60,Other,UAE,Tablet,Mobile Data,Free,Mixed,5.9,26,431,172,26,42809,4402,High,8.5
1826,YouTube,60+,Female,India,Desktop,WiFi,Free,Mixed,4.5,4,773,42,63,62772,3947,High,9.8
1827,YouTube,19-25,Other,Germany,Mobile,Mobile Data,Premium,Mixed,1.2,26,492,119,12,3545,1055,High,9.4
1828,Reddit,36-45,Female,USA,Tablet,WiFi,Premium,Video,1.9,11,499,69,90,70785,986,High,3.1
1829,Facebook,46-60,Female,USA,Tablet,WiFi,Free,Image,5.6,11,265,126,94,37243,2968,Low,9.8
1830,LinkedIn,26-35,Other,UK,Mobile,WiFi,Premium,Mixed,1.5,23,200,96,19,70038,2889,High,7.4
1831,Reddit,19-25,Other,Canada,Tablet,Mobile Data,Free,Image,3.8,30,316,61,119,19751,1364,High,2.8
1832,Reddit,36-45,Other,Singapore,Tablet,WiFi,Free,Image,2.9,15,83,134,82,54369,4708,Medium,2.1
1833,Pinterest,36-45,Female,Germany,Tablet,WiFi,Premium,Mixed,2.2,31,13,102,75,82903,4878,High,4.0
1834,Instagram,46-60,Female,India,Mobile,WiFi,Premium,Image,4.1,39,260,73,149,13354,3617,High,6.4
1835,Reddit,36-45,Other,Japan,Desktop,Mobile Data,Premium,Mixed,1.5,35,148,71,110,61212,3745,Low,6.6
1836,YouTube,36-45,Other,USA,Tablet,Mobile Data,Premium,Mixed,1.2,3,584,11,117,58587,982,Low,3.7
1837,Instagram,26-35,Male,Canada,Mobile,WiFi,Premium,Mixed,1.0,7,457,165,137,83151,1290,High,9.9
1838,LinkedIn,46-60,Female,UK,Mobile,WiFi,Premium,Text,5.7,22,37,102,58,21709,2352,High,7.0
1839,LinkedIn,60+,Female,Canada,Mobile,Mobile Data,Premium,Mixed,1.7,35,678,146,16,53499,643,High,4.3
1840,Facebook,46-60,Male,UK,Mobile,WiFi,Free,Video,3.7,1,708,42,53,44973,1160,High,3.3
1841,Reddit,19-25,Female,Australia,Tablet,Mobile Data,Premium,Video,4.0,23,530,119,113,85262,1454,High,5.5
1842,Twitter,36-45,Female,UAE,Desktop,WiFi,Free,Video,5.3,25,616,66,119,72205,1646,High,6.3
1843,LinkedIn,46-60,Female,UK,Mobile,Mobile Data,Free,Image,0.6,19,551,25,145,49713,1833,Medium,5.4
1844,LinkedIn,46-60,Female,Brazil,Tablet,WiFi,Free,Mixed,0.6,8,301,18,21,88687,4637,Medium,6.3
1845,Facebook,26-35,Female,Japan,Desktop,WiFi,Premium,Text,3.2,8,457,24,21,11397,3817,Medium,6.3
1846,Snapchat,46-60,Female,USA,Desktop,Mobile Data,Free,Text,1.4,1,707,4,49,99317,4531,Medium,7.6
1847,Reddit,13-18,Male,Japan,Mobile,WiFi,Premium,Image,5.4,37,585,77,97,55552,587,Medium,1.3
1848,TikTok,60+,Male,Canada,Tablet,Mobile Data,Free,Video,0.5,35,567,183,124,14327,1326,High,4.6
1849,Snapchat,60+,Other,UAE,Mobile,WiFi,Free,Text,4.0,28,434,24,85,48159,4658,Medium,9.6
1850,Pinterest,26-35,Male,USA,Mobile,WiFi,Premium,Image,4.0,0,479,40,18,28468,2713,Low,6.6
1851,Reddit,46-60,Female,Germany,Desktop,WiFi,Free,Mixed,2.5,38,450,9,67,78085,1993,Low,4.9
1852,Snapchat,13-18,Female,Germany,Desktop,WiFi,Premium,Image,2.3,15,718,69,136,58661,891,High,2.6
1853,Instagram,60+,Female,Brazil,Desktop,Mobile Data,Free,Image,3.3,17,565,164,149,44428,1029,Low,8.7
1854,Facebook,13-18,Male,India,Desktop,WiFi,Premium,Mixed,4.7,33,690,123,75,35225,4961,Low,5.5
1855,LinkedIn,26-35,Male,UK,Mobile,Mobile Data,Premium,Video,5.0,11,593,161,145,89813,4290,High,1.3
1856,Twitter,19-25,Female,UK,Tablet,WiFi,Premium,Video,2.9,32,604,77,14,35650,4443,High,2.7
1857,Pinterest,26-35,Male,India,Tablet,Mobile Data,Free,Image,2.5,27,519,167,79,71169,275,Medium,2.9
1858,TikTok,60+,Female,USA,Tablet,WiFi,Free,Video,5.2,18,462,1,138,36933,1395,High,1.2
1859,Facebook,26-35,Female,Brazil,Mobile,WiFi,Premium,Mixed,0.5,40,247,179,61,12731,3123,Low,8.8
1860,YouTube,46-60,Male,Japan,Tablet,Mobile Data,Free,Video,1.7,28,100,140,127,64123,2215,Medium,1.6
1861,Twitter,60+,Other,Canada,Mobile,Mobile Data,Free,Text,2.7,34,259,88,110,4736,141,Low,3.2
1862,TikTok,60+,Male,Australia,Mobile,Mobile Data,Premium,Mixed,0.8,39,468,190,92,66403,2046,High,3.8
1863,Pinterest,13-18,Male,India,Desktop,WiFi,Free,Mixed,4.8,31,717,155,112,46126,790,Medium,9.5
1864,Twitter,60+,Male,India,Desktop,WiFi,Free,Mixed,0.5,40,733,100,59,61971,4316,Low,6.3
1865,Facebook,19-25,Male,Brazil,Mobile,WiFi,Free,Mixed,1.6,33,526,72,116,60727,2196,Low,1.9
1866,Reddit,60+,Male,USA,Tablet,WiFi,Free,Video,3.6,7,764,159,22,53577,820,High,3.3
1867,Facebook,46-60,Other,Japan,Tablet,WiFi,Free,Text,0.9,9,627,60,70,67523,4492,Low,1.3
1868,Snapchat,60+,Other,UK,Mobile,WiFi,Premium,Image,1.5,28,731,122,85,15012,2568,Low,2.4
1869,LinkedIn,60+,Other,Germany,Tablet,Mobile Data,Free,Mixed,2.0,14,743,81,145,26467,4461,Low,1.5
1870,Instagram,60+,Female,UAE,Mobile,Mobile Data,Premium,Video,4.6,38,677,141,33,57191,696,High,7.2
1871,Facebook,36-45,Male,Japan,Desktop,Mobile Data,Premium,Image,1.3,34,35,49,7,69834,439,High,3.1
1872,YouTube,19-25,Other,USA,Tablet,Mobile Data,Premium,Text,1.1,9,264,38,27,45511,1494,Low,1.4
1873,TikTok,36-45,Other,Canada,Mobile,WiFi,Free,Text,4.8,31,87,193,95,73132,1266,Medium,4.5
1874,Snapchat,60+,Male,Brazil,Desktop,WiFi,Premium,Video,3.8,17,528,190,143,33210,1422,Low,4.1
1875,Snapchat,60+,Female,Brazil,Desktop,WiFi,Premium,Text,2.8,30,285,30,72,88797,4507,Low,8.6
1876,Instagram,60+,Male,Brazil,Tablet,WiFi,Free,Mixed,0.6,6,713,151,65,86181,124,Medium,5.4
1877,Instagram,26-35,Male,USA,Mobile,Mobile Data,Free,Text,0.3,20,478,121,29,12620,2365,High,3.5
1878,LinkedIn,13-18,Female,Brazil,Mobile,WiFi,Free,Video,1.9,36,665,191,108,7018,1079,High,9.8
1879,Reddit,26-35,Other,UAE,Desktop,Mobile Data,Free,Image,2.5,32,723,180,122,56640,4768,High,8.0
1880,Pinterest,26-35,Male,Australia,Desktop,Mobile Data,Premium,Image,1.4,7,324,84,67,7208,1670,Medium,6.0
1881,Instagram,13-18,Male,Singapore,Desktop,Mobile Data,Premium,Text,2.5,31,163,123,145,25549,4200,High,9.2
1882,Facebook,19-25,Other,Germany,Tablet,Mobile Data,Free,Video,0.2,38,475,74,41,13594,2157,Low,4.2
1883,Reddit,60+,Other,UAE,Mobile,WiFi,Free,Image,5.0,8,80,106,94,98912,2294,Medium,7.7
1884,TikTok,26-35,Other,Singapore,Tablet,WiFi,Free,Video,1.7,34,578,69,63,43813,3871,Low,8.4
1885,Snapchat,19-25,Male,India,Mobile,WiFi,Free,Image,1.1,1,188,194,110,71830,354,Medium,6.8
1886,YouTube,60+,Other,Australia,Desktop,WiFi,Premium,Text,0.8,27,695,120,64,11039,3697,Medium,1.6
1887,Instagram,36-45,Male,UAE,Tablet,Mobile Data,Premium,Video,4.9,38,752,177,44,30127,2014,Medium,7.8
1888,Snapchat,60+,Female,Japan,Tablet,WiFi,Free,Video,4.7,24,345,178,115,73331,4562,Low,9.8
1889,Pinterest,19-25,Male,India,Desktop,Mobile Data,Free,Text,5.4,24,407,194,123,31483,1682,High,4.9
1890,Pinterest,13-18,Male,India,Tablet,Mobile Data,Premium,Image,5.4,9,132,30,92,10828,3602,Medium,1.3
1891,Pinterest,36-45,Other,Singapore,Tablet,WiFi,Premium,Video,0.6,15,463,192,10,25323,2753,High,7.3
1892,Instagram,46-60,Female,UAE,Mobile,Mobile Data,Premium,Video,2.0,22,396,11,98,3965,3023,Medium,1.3
1893,TikTok,36-45,Female,Australia,Mobile,WiFi,Free,Text,0.5,29,496,53,136,55302,3830,Medium,4.3
1894,Pinterest,46-60,Other,Brazil,Mobile,Mobile Data,Premium,Image,4.4,15,182,97,143,20955,3618,High,2.3
1895,Facebook,46-60,Male,UAE,Tablet,Mobile Data,Free,Video,5.4,34,659,140,54,84918,1000,High,0.8
1896,Facebook,13-18,Other,Australia,Tablet,Mobile Data,Free,Video,0.6,33,733,103,134,10420,1434,Medium,7.5
1897,Twitter,46-60,Female,Japan,Tablet,WiFi,Free,Image,3.5,19,181,4,87,16626,206,Medium,1.6
1898,YouTube,19-25,Female,Australia,Desktop,Mobile Data,Premium,Image,3.7,24,521,104,127,85593,304,High,1.3
1899,Snapchat,60+,Male,Japan,Tablet,WiFi,Free,Text,5.5,31,743,172,50,26313,1995,Low,9.1
1900,Pinterest,46-60,Other,Germany,Tablet,Mobile Data,Free,Text,1.8,26,39,130,16,45799,3781,Low,1.0
1901,Twitter,26-35,Male,Singapore,Desktop,Mobile Data,Premium,Text,3.3,34,732,164,122,16159,1355,Medium,2.1
1902,TikTok,46-60,Female,Japan,Mobile,Mobile Data,Free,Image,1.4,26,80,114,137,60229,2240,Low,4.3
1903,Pinterest,46-60,Male,Singapore,Mobile,WiFi,Free,Mixed,2.6,37,471,193,59,78104,2640,High,0.5
1904,Reddit,36-45,Male,USA,Tablet,WiFi,Free,Image,2.6,33,527,61,88,1016,3479,Low,8.3
1905,TikTok,36-45,Male,Japan,Mobile,WiFi,Free,Image,3.1,39,335,7,127,72467,3540,Low,3.0
1906,Facebook,36-45,Female,India,Mobile,WiFi,Free,Image,2.2,39,456,198,148,52506,1055,Low,7.1
1907,Pinterest,19-25,Male,UAE,Mobile,WiFi,Premium,Image,0.9,16,39,42,33,64382,2969,Low,5.0
1908,Reddit,19-25,Female,India,Mobile,WiFi,Premium,Video,0.3,8,117,49,120,64927,1638,Medium,9.1
1909,TikTok,46-60,Other,Australia,Mobile,WiFi,Premium,Video,1.5,21,27,102,118,6174,3241,High,5.2
1910,TikTok,26-35,Male,Australia,Mobile,Mobile Data,Premium,Text,2.4,6,192,58,35,43317,4387,Medium,8.1
1911,Pinterest,36-45,Male,Canada,Mobile,Mobile Data,Free,Text,3.1,17,270,53,139,87593,2276,High,2.3
1912,LinkedIn,19-25,Male,Singapore,Mobile,Mobile Data,Free,Mixed,3.7,28,489,94,3,3365,3842,Low,5.1
1913,YouTube,19-25,Other,UK,Mobile,WiFi,Premium,Text,2.9,4,34,43,105,6212,1948,Medium,3.6
1914,Instagram,60+,Male,Japan,Mobile,Mobile Data,Premium,Mixed,2.4,27,664,97,103,69397,87,Low,9.9
1915,Snapchat,36-45,Male,Germany,Tablet,Mobile Data,Free,Text,2.5,34,242,21,37,9410,4098,Low,8.8
1916,LinkedIn,60+,Male,India,Mobile,Mobile Data,Free,Image,5.7,24,767,151,60,79082,4902,High,2.7
1917,Facebook,19-25,Male,Germany,Mobile,WiFi,Free,Video,1.0,0,113,60,124,44526,4161,High,0.9
1918,LinkedIn,13-18,Male,Singapore,Mobile,Mobile Data,Premium,Mixed,3.0,6,663,136,48,72930,1684,High,0.6
1919,TikTok,36-45,Female,India,Tablet,Mobile Data,Free,Image,4.2,15,656,82,20,38823,2840,High,1.7
1920,Facebook,36-45,Other,Brazil,Mobile,Mobile Data,Premium,Text,4.6,20,598,47,93,36151,2618,Low,1.9
1921,TikTok,60+,Female,Singapore,Desktop,WiFi,Premium,Image,5.4,8,313,122,74,51665,739,Low,1.1
1922,Facebook,13-18,Female,USA,Desktop,WiFi,Free,Mixed,1.9,13,75,109,55,76014,3870,Low,7.5
1923,Instagram,36-45,Female,Australia,Mobile,WiFi,Free,Mixed,1.9,14,163,180,82,61947,2005,Low,1.4
1924,Snapchat,26-35,Other,Canada,Mobile,WiFi,Premium,Video,1.3,1,428,184,99,97332,350,Medium,3.9
1925,TikTok,26-35,Other,UK,Desktop,Mobile Data,Free,Video,1.2,12,279,48,59,227,1505,High,4.5
1926,YouTube,13-18,Other,India,Tablet,Mobile Data,Free,Image,5.5,0,685,90,129,76762,1717,Low,5.5
1927,Instagram,26-35,Other,India,Tablet,Mobile Data,Free,Image,0.3,20,593,143,93,13128,3441,High,7.6
1928,Twitter,46-60,Other,India,Desktop,WiFi,Premium,Image,4.8,28,225,99,52,30835,1975,Medium,9.5
1929,Pinterest,26-35,Female,Australia,Mobile,Mobile Data,Premium,Image,1.4,25,194,189,64,72999,2527,Low,1.5
1930,Reddit,19-25,Other,Singapore,Desktop,Mobile Data,Free,Mixed,0.8,35,26,157,101,65500,2974,Medium,5.5
1931,Instagram,60+,Other,USA,Mobile,WiFi,Free,Video,5.9,27,414,49,99,25280,2935,Medium,7.6
1932,Facebook,13-18,Male,Germany,Desktop,Mobile Data,Premium,Text,2.5,12,432,145,133,75195,2644,Medium,8.5
1933,TikTok,26-35,Male,Canada,Tablet,WiFi,Free,Text,0.6,5,686,104,133,65425,2096,High,5.6
1934,Facebook,36-45,Male,Japan,Tablet,Mobile Data,Free,Text,6.0,4,495,153,15,76441,3864,High,2.7
1935,Twitter,19-25,Other,Germany,Tablet,WiFi,Premium,Text,2.2,22,167,167,31,74675,3006,High,5.1
1936,Instagram,19-25,Female,India,Desktop,WiFi,Premium,Mixed,5.9,18,311,195,14,51210,126,Medium,9.7
1937,Facebook,46-60,Other,Japan,Mobile,Mobile Data,Premium,Video,5.2,26,441,182,24,97851,1954,Medium,3.5
1938,Reddit,46-60,Other,UAE,Desktop,WiFi,Premium,Image,1.0,2,188,77,7,82262,247,Low,10.0
1939,TikTok,36-45,Male,Australia,Mobile,WiFi,Free,Image,0.9,32,440,102,92,13637,476,Low,2.3
1940,YouTube,60+,Male,USA,Mobile,WiFi,Premium,Mixed,1.3,20,124,73,42,14420,4807,Medium,1.5
1941,TikTok,19-25,Other,Canada,Desktop,Mobile Data,Free,Video,1.8,30,544,128,12,41996,3111,Low,2.8
1942,YouTube,60+,Male,Brazil,Desktop,Mobile Data,Premium,Image,1.0,23,162,135,1,47364,3184,High,9.4
1943,Pinterest,36-45,Male,Australia,Tablet,WiFi,Premium,Mixed,0.3,11,637,18,62,56960,1720,High,8.7
1944,Reddit,46-60,Other,Germany,Desktop,Mobile Data,Premium,Image,0.5,18,329,181,144,79223,3383,High,5.0
1945,Reddit,46-60,Female,Singapore,Mobile,WiFi,Premium,Video,3.5,28,779,36,7,54555,2224,Low,0.9
1946,Twitter,13-18,Male,UK,Desktop,WiFi,Free,Video,0.4,40,560,53,124,47541,2591,High,4.0
1947,LinkedIn,60+,Male,Brazil,Mobile,WiFi,Premium,Text,3.2,16,313,75,133,5519,2673,Medium,5.4
1948,YouTube,46-60,Female,USA,Tablet,WiFi,Free,Image,3.7,24,546,29,58,28738,749,High,8.9
1949,Twitter,36-45,Female,Brazil,Tablet,Mobile Data,Free,Image,5.9,32,318,140,146,93,3566,High,2.9
1950,Twitter,13-18,Female,Japan,Desktop,WiFi,Premium,Video,1.9,22,361,32,129,85918,2527,High,0.9
1951,LinkedIn,19-25,Other,USA,Desktop,Mobile Data,Free,Video,2.0,7,455,8,29,43295,2128,Low,3.1
1952,LinkedIn,46-60,Male,Canada,Desktop,Mobile Data,Free,Mixed,4.6,13,674,5,87,6069,3183,Medium,2.3
1953,Snapchat,36-45,Other,UAE,Mobile,Mobile Data,Premium,Text,1.8,32,216,198,61,84606,2253,Medium,5.8
1954,TikTok,13-18,Female,USA,Tablet,WiFi,Free,Text,4.7,7,684,180,59,1921,4211,High,4.9
1955,YouTube,46-60,Other,USA,Mobile,WiFi,Free,Text,4.1,25,110,159,10,29802,489,Medium,8.4
1956,Pinterest,60+,Male,Australia,Tablet,WiFi,Premium,Image,3.3,32,324,121,3,81049,4981,Medium,4.5
1957,Instagram,13-18,Other,Germany,Tablet,Mobile Data,Free,Text,3.9,3,418,63,59,50128,1508,Low,2.6
1958,Snapchat,19-25,Other,Brazil,Tablet,WiFi,Free,Mixed,0.5,40,336,37,4,79690,3262,Medium,4.9
1959,Twitter,60+,Female,Japan,Desktop,Mobile Data,Premium,Video,2.2,32,260,103,105,87468,2297,Low,1.9
1960,Instagram,26-35,Female,Singapore,Tablet,Mobile Data,Free,Mixed,1.2,31,360,58,87,96815,1176,High,3.2
1961,Twitter,36-45,Male,Canada,Tablet,WiFi,Premium,Mixed,6.0,29,544,59,45,20509,3226,Low,3.6
1962,Reddit,36-45,Female,Australia,Desktop,WiFi,Free,Image,1.9,11,193,148,38,88175,803,High,0.9
1963,Reddit,26-35,Male,Singapore,Tablet,Mobile Data,Free,Text,5.0,6,282,70,14,14984,4674,Medium,2.9
1964,Pinterest,19-25,Other,Japan,Desktop,WiFi,Premium,Video,1.9,17,462,164,8,9169,1557,Medium,7.9
1965,Twitter,19-25,Female,Brazil,Mobile,WiFi,Free,Text,1.1,14,311,46,36,1155,2255,High,1.7
1966,Pinterest,36-45,Female,Australia,Mobile,WiFi,Premium,Text,5.7,23,118,122,34,17935,3323,Medium,4.1
1967,LinkedIn,36-45,Female,Canada,Desktop,WiFi,Premium,Text,3.7,31,287,184,86,12054,4926,High,8.7
1968,TikTok,46-60,Male,Australia,Mobile,Mobile Data,Premium,Video,5.2,15,664,157,109,29457,3630,Medium,1.3
1969,Facebook,60+,Male,Australia,Mobile,Mobile Data,Free,Mixed,5.9,5,638,146,13,63924,666,Medium,9.7
1970,Facebook,46-60,Female,Canada,Mobile,WiFi,Free,Video,3.6,40,109,71,13,19943,4178,Medium,1.0
1971,Instagram,60+,Male,UK,Desktop,WiFi,Premium,Mixed,1.4,9,184,93,29,24829,3397,High,4.7
1972,LinkedIn,60+,Other,Brazil,Desktop,WiFi,Premium,Video,5.6,25,265,194,61,58054,4755,High,3.1
1973,Snapchat,26-35,Female,UK,Tablet,Mobile Data,Premium,Video,3.4,21,682,101,73,22186,4591,Medium,1.8
1974,Instagram,60+,Female,Australia,Mobile,Mobile Data,Free,Video,1.2,37,335,114,128,8887,3028,Medium,9.7
1975,Instagram,26-35,Other,Japan,Desktop,WiFi,Free,Video,1.0,0,105,188,48,79754,311,High,6.2
1976,TikTok,60+,Female,Brazil,Mobile,WiFi,Free,Image,4.5,15,378,167,1,23592,4357,Medium,6.8
1977,Facebook,60+,Female,Brazil,Desktop,WiFi,Premium,Image,3.7,1,442,37,86,79090,4895,High,2.1
1978,YouTube,26-35,Female,UAE,Mobile,WiFi,Premium,Video,5.3,26,675,83,72,17173,4433,High,6.8
1979,LinkedIn,26-35,Female,Canada,Tablet,Mobile Data,Free,Mixed,3.7,5,440,183,44,45271,2946,Medium,2.9
1980,Snapchat,36-45,Other,Japan,Tablet,Mobile Data,Premium,Text,5.1,23,91,40,98,14371,4281,Low,8.2
1981,Snapchat,19-25,Other,USA,Tablet,Mobile Data,Premium,Text,5.6,10,245,102,3,3169,3867,Medium,4.9
1982,TikTok,26-35,Female,UAE,Tablet,WiFi,Premium,Mixed,0.9,13,344,37,96,68291,4848,High,7.5
1983,LinkedIn,19-25,Male,Germany,Tablet,Mobile Data,Premium,Image,4.1,31,468,186,149,25259,2136,Medium,7.7
1984,Snapchat,46-60,Male,Singapore,Tablet,WiFi,Premium,Image,1.7,32,82,36,131,39077,771,Low,2.7
1985,Facebook,46-60,Female,USA,Tablet,Mobile Data,Premium,Mixed,5.1,11,478,105,67,49213,3875,Low,0.5
1986,Facebook,46-60,Female,Japan,Tablet,Mobile Data,Free,Text,3.8,31,416,18,94,235,1948,Low,4.6
1987,YouTube,36-45,Male,Germany,Mobile,Mobile Data,Premium,Mixed,3.3,30,291,153,88,92854,144,Medium,4.3
1988,Snapchat,46-60,Female,USA,Desktop,Mobile Data,Free,Video,1.5,39,701,179,40,85389,2942,High,2.4
1989,YouTube,26-35,Female,Australia,Mobile,Mobile Data,Premium,Text,2.2,19,565,169,137,38493,2878,Medium,8.6
1990,Snapchat,19-25,Male,UK,Desktop,Mobile Data,Premium,Text,4.6,34,102,168,82,11598,3709,High,8.9
1991,Snapchat,26-35,Female,Japan,Tablet,Mobile Data,Free,Image,1.7,39,251,94,86,82468,1187,High,5.4
1992,YouTube,19-25,Other,Singapore,Tablet,WiFi,Free,Text,1.4,8,775,54,73,77103,1208,Low,9.4
1993,TikTok,13-18,Male,Japan,Tablet,Mobile Data,Premium,Image,5.2,30,5,89,61,20464,4047,Low,4.6
1994,YouTube,60+,Other,Australia,Desktop,WiFi,Premium,Text,4.7,10,430,24,75,31686,3649,Medium,9.5
1995,Snapchat,36-45,Female,Brazil,Mobile,WiFi,Premium,Text,5.4,8,198,192,84,85819,3826,Low,8.5
1996,Reddit,13-18,Other,Brazil,Desktop,Mobile Data,Free,Video,2.6,20,754,68,49,67119,4050,Low,0.6
1997,Facebook,26-35,Female,UAE,Desktop,WiFi,Premium,Video,0.7,37,309,42,44,63035,4807,High,0.7
1998,Snapchat,26-35,Female,Australia,Mobile,Mobile Data,Premium,Video,1.8,29,608,131,42,44644,4677,Medium,5.6
1999,Pinterest,46-60,Female,USA,Desktop,WiFi,Free,Video,1.0,14,739,147,69,37741,3444,High,6.8
2000,Facebook,26-35,Female,UAE,Mobile,Mobile Data,Premium,Video,4.8,0,348,6,21,7205,1140,High,1.9
2001,YouTube,19-25,Other,UK,Tablet,WiFi,Premium,Text,6.0,31,724,40,148,64085,970,Low,5.1
2002,Pinterest,26-35,Female,Australia,Tablet,WiFi,Free,Text,4.3,23,599,30,1,31205,1603,High,6.5
2003,TikTok,60+,Male,India,Desktop,WiFi,Free,Text,4.7,17,597,168,95,52117,4940,Medium,5.6
2004,Facebook,60+,Other,USA,Desktop,Mobile Data,Premium,Video,2.3,19,393,38,60,64950,2649,Medium,7.8
2005,Snapchat,36-45,Other,Canada,Mobile,WiFi,Premium,Video,5.9,23,50,24,127,82662,4745,Low,5.2
2006,Snapchat,46-60,Female,Germany,Desktop,Mobile Data,Free,Text,2.1,0,542,106,2,3891,1046,High,6.0
2007,Pinterest,13-18,Other,Japan,Tablet,WiFi,Free,Text,2.1,1,23,53,106,2639,207,High,8.9
2008,Snapchat,26-35,Male,UAE,Mobile,Mobile Data,Free,Image,3.7,28,493,178,100,83124,3620,Medium,1.1
2009,LinkedIn,60+,Female,UAE,Mobile,Mobile Data,Premium,Video,1.4,4,643,117,27,74852,776,High,6.9
2010,YouTube,26-35,Female,Canada,Desktop,WiFi,Premium,Text,3.9,31,611,75,99,41023,4967,Medium,1.3
2011,Pinterest,13-18,Other,USA,Tablet,Mobile Data,Premium,Mixed,2.6,10,27,38,124,22450,2816,Low,3.5
2012,Snapchat,19-25,Female,Canada,Tablet,Mobile Data,Premium,Image,3.7,2,317,147,74,17751,260,Medium,3.9
2013,Pinterest,60+,Other,Australia,Tablet,WiFi,Premium,Video,2.2,23,164,33,10,73169,4453,Medium,7.3
2014,TikTok,60+,Male,Japan,Desktop,Mobile Data,Free,Image,4.4,23,371,90,53,80138,1064,Medium,9.2
2015,LinkedIn,26-35,Other,USA,Desktop,WiFi,Premium,Mixed,3.4,6,614,52,81,48154,1949,High,6.6
2016,Instagram,26-35,Other,Japan,Desktop,Mobile Data,Free,Text,0.5,24,681,66,52,27394,1087,High,8.1
2017,Reddit,13-18,Other,Germany,Mobile,Mobile Data,Premium,Image,1.2,14,487,141,53,98142,2097,Low,0.8
2018,TikTok,36-45,Other,USA,Mobile,WiFi,Free,Text,5.7,40,150,69,114,72933,2083,High,3.7
2019,LinkedIn,46-60,Male,Canada,Tablet,Mobile Data,Free,Image,3.4,3,593,198,100,574,1689,High,8.4
2020,Reddit,46-60,Male,UK,Mobile,WiFi,Free,Text,4.3,14,341,42,136,98737,4026,High,8.2
2021,Instagram,46-60,Female,Brazil,Tablet,Mobile Data,Premium,Mixed,5.4,12,157,76,122,21535,888,High,3.7
2022,Twitter,13-18,Female,USA,Mobile,Mobile Data,Premium,Video,4.4,30,775,9,82,7487,2016,High,5.0
2023,Pinterest,60+,Male,Singapore,Tablet,WiFi,Premium,Video,5.1,30,193,69,109,32658,1099,High,3.2
2024,Facebook,13-18,Female,Brazil,Desktop,Mobile Data,Free,Text,1.2,9,595,52,6,66550,2423,Low,4.3
2025,TikTok,36-45,Other,Singapore,Desktop,WiFi,Free,Text,2.9,26,123,16,104,9862,4291,Medium,4.9
2026,Snapchat,46-60,Male,India,Desktop,WiFi,Free,Video,2.5,36,655,24,23,82161,4241,Low,2.0
2027,Instagram,60+,Female,Japan,Tablet,Mobile Data,Free,Mixed,2.6,15,39,158,136,51821,4552,Low,2.5
2028,Facebook,36-45,Other,UAE,Desktop,WiFi,Free,Mixed,3.9,32,549,18,6,6768,246,Low,7.5
2029,YouTube,36-45,Female,UK,Mobile,WiFi,Premium,Image,4.9,4,751,31,95,78619,2983,Low,6.3
2030,TikTok,36-45,Other,Japan,Mobile,WiFi,Premium,Video,4.5,34,389,34,5,61256,2009,High,2.9
2031,Facebook,13-18,Male,India,Mobile,Mobile Data,Free,Mixed,5.9,14,499,169,112,10330,1192,Low,1.1
2032,Snapchat,26-35,Other,Germany,Mobile,WiFi,Free,Mixed,2.1,11,462,116,126,52008,3639,Medium,8.5
2033,Snapchat,60+,Male,USA,Desktop,WiFi,Free,Mixed,3.8,35,128,73,28,51483,2401,Low,5.2
2034,TikTok,36-45,Male,Australia,Tablet,Mobile Data,Premium,Image,0.7,17,330,107,82,54975,1353,Medium,9.5
2035,LinkedIn,60+,Male,Canada,Desktop,Mobile Data,Premium,Mixed,3.4,6,777,172,80,42142,4814,Medium,1.0
2036,Facebook,26-35,Male,Australia,Tablet,WiFi,Premium,Mixed,0.2,39,208,32,35,49667,881,High,5.9
2037,Facebook,26-35,Female,UAE,Mobile,Mobile Data,Premium,Mixed,2.9,24,32,64,3,81540,2081,High,8.8
2038,YouTube,46-60,Other,Canada,Mobile,WiFi,Premium,Text,1.8,20,270,143,107,47801,3271,Low,4.7
2039,Reddit,13-18,Other,Australia,Mobile,WiFi,Free,Text,4.9,14,348,25,96,51693,1768,Medium,1.5
2040,LinkedIn,46-60,Female,Germany,Mobile,WiFi,Premium,Image,4.7,2,536,34,54,34677,2923,Low,3.9
2041,Facebook,26-35,Male,Canada,Mobile,WiFi,Free,Text,0.5,34,31,177,138,89206,1082,Medium,7.3
2042,Pinterest,36-45,Other,Brazil,Mobile,WiFi,Free,Image,0.6,18,186,19,21,49653,424,High,6.7
2043,YouTube,60+,Female,Australia,Tablet,Mobile Data,Premium,Video,4.4,35,509,81,106,69317,2101,Low,1.2
2044,Instagram,13-18,Other,Canada,Mobile,WiFi,Free,Mixed,1.6,24,48,79,149,84820,3244,Low,3.8
2045,LinkedIn,36-45,Female,UK,Mobile,Mobile Data,Premium,Mixed,2.0,1,373,6,78,64704,3029,Low,4.0
2046,Pinterest,26-35,Male,USA,Tablet,WiFi,Premium,Mixed,1.6,33,599,107,99,76796,1431,Medium,5.4
2047,Pinterest,46-60,Female,UK,Mobile,WiFi,Free,Mixed,3.4,6,260,35,43,48282,326,Low,8.2
2048,Reddit,13-18,Other,Canada,Desktop,Mobile Data,Free,Text,1.9,29,343,23,60,64788,2008,Medium,7.8
2049,TikTok,26-35,Other,Canada,Desktop,WiFi,Free,Mixed,4.0,21,106,9,24,43351,2406,Medium,6.6
2050,TikTok,46-60,Female,Germany,Tablet,WiFi,Premium,Image,2.1,3,715,11,114,11579,4091,Medium,9.1
2051,Twitter,46-60,Female,Brazil,Tablet,Mobile Data,Premium,Image,3.9,4,379,135,119,90645,1133,Low,7.8
2052,Twitter,36-45,Other,Germany,Tablet,Mobile Data,Free,Mixed,4.4,40,386,199,132,4726,1392,Medium,9.2
2053,Reddit,36-45,Male,Singapore,Desktop,Mobile Data,Premium,Image,0.8,30,525,112,137,4934,1071,Low,3.1
2054,Pinterest,36-45,Male,Australia,Desktop,Mobile Data,Premium,Text,2.0,9,626,0,142,63802,878,High,8.3
2055,Snapchat,19-25,Female,Japan,Tablet,Mobile Data,Free,Video,5.4,4,21,22,62,69274,559,Low,3.3
2056,Reddit,13-18,Other,Japan,Mobile,WiFi,Premium,Mixed,3.0,27,268,15,97,2800,2139,Low,1.5
2057,Reddit,60+,Other,USA,Tablet,Mobile Data,Free,Video,2.2,20,171,80,8,43671,2248,Medium,3.6
2058,Facebook,60+,Male,Japan,Desktop,Mobile Data,Free,Image,3.4,29,314,130,92,64155,3359,Medium,9.0
2059,Reddit,46-60,Other,UAE,Tablet,Mobile Data,Premium,Text,1.0,12,522,189,8,24726,1234,Medium,9.5
2060,Reddit,36-45,Male,Australia,Desktop,WiFi,Free,Image,1.7,24,622,65,96,95052,2000,High,0.7
2061,Twitter,46-60,Other,UAE,Desktop,WiFi,Free,Mixed,1.0,8,602,174,77,61537,921,Medium,8.4
2062,Twitter,19-25,Male,Singapore,Tablet,Mobile Data,Free,Video,4.3,10,204,44,18,25816,1449,Medium,7.1
2063,Pinterest,19-25,Other,UAE,Desktop,WiFi,Free,Image,1.7,7,616,143,76,87027,3611,Medium,6.6
2064,Instagram,36-45,Other,USA,Tablet,WiFi,Premium,Image,1.1,3,624,56,125,39736,4874,High,5.2
2065,Instagram,13-18,Female,Germany,Tablet,Mobile Data,Free,Mixed,5.6,32,734,145,57,97941,3041,Medium,0.8
2066,Instagram,36-45,Female,UAE,Mobile,Mobile Data,Free,Text,3.7,17,718,76,125,71770,1227,Low,8.7
2067,Pinterest,46-60,Female,Singapore,Mobile,Mobile Data,Free,Video,4.7,16,183,81,62,13397,2386,Medium,3.7
2068,Facebook,46-60,Other,UK,Tablet,Mobile Data,Premium,Video,0.3,30,675,51,129,21321,3009,High,6.0
2069,YouTube,46-60,Female,India,Desktop,Mobile Data,Free,Mixed,5.0,38,770,46,148,90713,909,Low,9.4
2070,LinkedIn,26-35,Other,Germany,Tablet,WiFi,Premium,Video,2.5,13,131,17,66,70495,3354,Medium,2.4
2071,Twitter,36-45,Other,Japan,Tablet,Mobile Data,Premium,Image,3.0,24,520,197,28,89902,3783,High,9.0
2072,LinkedIn,60+,Female,UK,Mobile,WiFi,Free,Text,6.0,22,20,199,60,36123,343,Low,7.3
2073,Instagram,26-35,Female,UAE,Desktop,WiFi,Free,Mixed,4.4,37,180,185,20,8085,2394,Medium,3.6
2074,YouTube,36-45,Male,Canada,Tablet,Mobile Data,Premium,Text,0.8,0,334,41,3,64973,1118,Low,3.1
2075,Reddit,19-25,Male,Canada,Mobile,Mobile Data,Free,Mixed,4.3,27,440,84,19,26465,1166,High,1.8
2076,Snapchat,46-60,Female,UK,Tablet,Mobile Data,Premium,Image,3.6,37,639,8,127,63894,1830,Medium,1.7
2077,Twitter,13-18,Female,UK,Mobile,WiFi,Premium,Image,5.4,15,612,44,120,88526,4065,High,5.8
2078,LinkedIn,36-45,Female,USA,Mobile,Mobile Data,Free,Text,1.6,4,779,46,4,6855,276,Low,9.0
2079,Instagram,19-25,Other,UK,Desktop,WiFi,Premium,Video,1.1,31,711,166,119,88672,926,Low,5.5
2080,Reddit,36-45,Male,Germany,Mobile,Mobile Data,Premium,Text,5.7,27,710,125,108,2802,598,High,7.2
2081,Pinterest,13-18,Other,Singapore,Tablet,WiFi,Free,Mixed,1.0,17,259,53,144,20979,4924,Medium,7.2
2082,YouTube,19-25,Other,Germany,Desktop,Mobile Data,Premium,Mixed,4.7,1,476,106,125,6300,3396,High,4.3
2083,Facebook,60+,Male,Germany,Tablet,Mobile Data,Premium,Image,2.8,9,599,117,30,75500,3221,Low,8.9
2084,Snapchat,19-25,Male,UK,Desktop,WiFi,Premium,Image,1.0,34,177,75,83,84323,1356,High,9.4
2085,Twitter,19-25,Male,Brazil,Mobile,WiFi,Premium,Mixed,4.8,4,146,114,54,59119,4029,High,6.1
2086,Instagram,13-18,Male,India,Desktop,WiFi,Premium,Image,5.5,19,145,59,109,34135,4826,Low,9.0
2087,YouTube,13-18,Female,UK,Tablet,WiFi,Free,Mixed,4.5,30,223,52,88,35267,510,Medium,8.1
2088,Snapchat,13-18,Female,UAE,Desktop,Mobile Data,Free,Text,4.0,13,121,75,6,51180,263,Medium,2.5
2089,LinkedIn,26-35,Other,USA,Tablet,Mobile Data,Premium,Text,5.2,27,157,40,26,36377,3438,Medium,7.2
2090,Facebook,60+,Other,Australia,Mobile,WiFi,Premium,Video,0.8,36,386,64,118,46350,2658,Medium,8.6
2091,Pinterest,60+,Female,USA,Mobile,WiFi,Premium,Text,1.7,27,251,127,11,52140,3179,Low,9.6
2092,YouTube,13-18,Male,Australia,Mobile,Mobile Data,Premium,Mixed,5.9,32,255,5,5,17456,4950,Low,0.7
2093,Instagram,46-60,Female,Japan,Desktop,Mobile Data,Free,Text,5.5,5,755,158,30,27377,3054,Medium,5.6
2094,Facebook,19-25,Other,Canada,Desktop,Mobile Data,Free,Video,2.1,3,25,191,116,81868,1625,Medium,6.9
2095,YouTube,36-45,Female,Japan,Desktop,WiFi,Free,Mixed,3.4,38,100,78,74,47850,4619,Low,3.9
2096,Snapchat,26-35,Other,India,Desktop,Mobile Data,Premium,Video,5.3,11,747,36,64,54115,1828,Low,8.2
2097,Reddit,46-60,Male,Germany,Mobile,WiFi,Free,Text,3.3,8,760,12,26,22019,1211,High,6.4
2098,Pinterest,46-60,Other,Brazil,Desktop,Mobile Data,Premium,Mixed,2.6,15,364,94,25,68277,2739,Low,2.1
2099,TikTok,26-35,Male,UK,Tablet,WiFi,Free,Image,3.6,31,757,80,103,35349,124,Low,2.9
2100,Twitter,36-45,Male,Japan,Mobile,Mobile Data,Premium,Image,4.1,17,376,138,45,26491,1736,Low,7.0
2101,Pinterest,13-18,Male,Canada,Tablet,Mobile Data,Premium,Mixed,0.8,2,252,196,150,90059,490,High,6.2
2102,LinkedIn,13-18,Other,Canada,Tablet,Mobile Data,Free,Video,0.4,33,8,38,10,68216,1767,Low,5.4
2103,Twitter,60+,Male,Japan,Mobile,Mobile Data,Premium,Mixed,4.4,13,586,133,5,29903,96,High,8.3
2104,Pinterest,60+,Male,Canada,Desktop,WiFi,Free,Mixed,3.6,10,97,64,100,2480,3383,High,1.4
2105,YouTube,13-18,Other,Canada,Tablet,WiFi,Premium,Mixed,2.4,37,690,129,33,67707,1614,High,3.4
2106,Snapchat,13-18,Female,UK,Mobile,WiFi,Free,Image,0.8,5,142,145,127,32232,970,Low,7.4
2107,Instagram,19-25,Male,Germany,Desktop,Mobile Data,Premium,Text,5.1,15,3,100,32,41375,1622,Medium,3.7
2108,Pinterest,46-60,Other,UK,Mobile,Mobile Data,Free,Image,0.6,28,168,174,94,5648,2186,Low,0.8
2109,LinkedIn,26-35,Female,UAE,Mobile,Mobile Data,Premium,Video,2.8,21,555,187,20,70875,1875,Low,9.5
2110,Facebook,36-45,Other,Canada,Tablet,WiFi,Free,Text,3.7,7,68,103,70,73779,666,Medium,8.6
2111,Pinterest,60+,Other,UK,Tablet,Mobile Data,Premium,Text,3.9,27,656,48,115,55509,3096,Low,3.3
2112,Pinterest,26-35,Male,USA,Tablet,WiFi,Premium,Text,0.7,6,159,62,113,63653,844,Medium,2.1
2113,Reddit,36-45,Male,India,Desktop,Mobile Data,Premium,Mixed,0.3,8,491,154,30,52956,212,Medium,1.6
2114,YouTube,46-60,Female,Canada,Mobile,WiFi,Premium,Mixed,1.0,25,435,80,9,50882,2449,High,3.0
2115,Snapchat,46-60,Male,Japan,Desktop,WiFi,Free,Text,2.5,16,785,108,99,75995,4042,Low,7.8
2116,YouTube,13-18,Other,Japan,Mobile,WiFi,Free,Video,2.4,20,104,1,135,65852,1222,Low,6.7
2117,Reddit,19-25,Other,Singapore,Tablet,Mobile Data,Premium,Text,2.4,34,495,39,32,36922,4860,High,4.0
2118,YouTube,46-60,Other,UAE,Mobile,WiFi,Free,Video,5.3,11,623,50,27,46333,2065,High,5.9
2119,Twitter,36-45,Other,Canada,Mobile,Mobile Data,Premium,Mixed,1.4,26,384,0,40,50794,4677,High,9.6
2120,Instagram,46-60,Female,UK,Mobile,Mobile Data,Premium,Text,2.9,16,4,14,107,18127,1855,High,8.3
2121,Twitter,26-35,Female,UK,Tablet,WiFi,Premium,Text,1.7,18,504,5,95,9825,4555,High,3.7
2122,Reddit,60+,Male,Germany,Desktop,WiFi,Premium,Video,2.4,25,626,189,145,73212,619,Medium,1.9
2123,Reddit,26-35,Female,Singapore,Mobile,Mobile Data,Premium,Video,1.8,36,259,84,81,38744,1978,Low,3.6
2124,TikTok,36-45,Male,Australia,Mobile,WiFi,Premium,Image,2.3,21,196,45,20,50773,2019,Low,2.8
2125,LinkedIn,13-18,Female,USA,Mobile,WiFi,Premium,Text,2.2,21,150,59,108,79257,3981,Medium,4.4
2126,TikTok,46-60,Male,UK,Tablet,Mobile Data,Free,Text,0.3,23,344,69,50,54617,2606,Low,1.0
2127,Facebook,19-25,Female,UAE,Mobile,WiFi,Premium,Image,5.8,12,660,59,21,79151,3380,Low,3.9
2128,YouTube,36-45,Male,Canada,Tablet,WiFi,Free,Video,1.3,0,732,93,57,80684,3603,Medium,6.5
2129,Facebook,60+,Other,UAE,Tablet,WiFi,Free,Text,5.7,17,786,123,126,42048,1333,Low,4.9
2130,Snapchat,46-60,Other,USA,Tablet,Mobile Data,Free,Text,1.7,34,220,163,55,34928,2410,High,8.9
2131,TikTok,13-18,Male,India,Tablet,Mobile Data,Premium,Video,1.7,10,224,108,87,6140,3056,Medium,6.1
2132,YouTube,60+,Female,Canada,Tablet,Mobile Data,Free,Mixed,4.1,14,542,30,25,32486,4816,High,3.0
2133,Twitter,60+,Female,Brazil,Mobile,Mobile Data,Free,Text,3.9,37,603,137,139,92474,3148,Medium,9.7
2134,Twitter,36-45,Male,Singapore,Tablet,WiFi,Free,Text,5.9,2,745,3,94,4681,872,Medium,0.8
2135,Snapchat,46-60,Male,Australia,Desktop,Mobile Data,Premium,Video,2.6,24,191,181,128,90152,2184,Medium,0.6
2136,Reddit,60+,Other,Brazil,Tablet,WiFi,Premium,Image,3.1,1,765,168,124,43034,2001,High,8.7
2137,Reddit,46-60,Other,Japan,Desktop,Mobile Data,Free,Video,4.5,17,732,62,81,95190,706,High,8.5
2138,Facebook,13-18,Other,India,Mobile,WiFi,Free,Video,5.2,33,96,88,2,4918,2155,High,7.7
2139,Reddit,26-35,Female,UK,Tablet,WiFi,Premium,Video,1.0,24,347,182,60,25334,4681,Low,1.1
2140,Twitter,19-25,Male,USA,Tablet,WiFi,Premium,Video,0.5,14,706,57,17,18564,526,High,10.0
2141,Pinterest,26-35,Female,UAE,Mobile,WiFi,Premium,Video,5.1,28,798,90,13,46603,362,High,1.3
2142,YouTube,26-35,Female,UAE,Mobile,Mobile Data,Premium,Video,2.1,10,794,42,109,64737,2964,Medium,6.5
2143,Reddit,13-18,Male,Australia,Desktop,WiFi,Free,Image,0.7,36,713,72,140,33379,4245,Medium,7.5
2144,Instagram,26-35,Male,Canada,Mobile,Mobile Data,Premium,Text,3.9,36,119,7,39,4676,2516,High,7.7
2145,YouTube,13-18,Other,Germany,Desktop,Mobile Data,Premium,Text,3.9,26,493,39,108,46598,264,High,7.3
2146,Instagram,60+,Other,India,Mobile,WiFi,Free,Mixed,3.6,24,344,127,130,80936,1429,Low,6.5
2147,TikTok,13-18,Other,Canada,Desktop,Mobile Data,Premium,Mixed,1.0,21,272,104,40,47200,891,High,8.5
2148,Snapchat,13-18,Other,Brazil,Desktop,WiFi,Free,Mixed,4.9,40,798,170,83,56413,3178,Medium,4.9
2149,Facebook,19-25,Other,Canada,Tablet,WiFi,Free,Image,4.3,19,6,65,66,42880,647,High,4.6
2150,Reddit,46-60,Other,UK,Tablet,WiFi,Premium,Image,4.1,5,722,108,60,29833,2830,Medium,2.8
2151,TikTok,13-18,Other,Singapore,Desktop,Mobile Data,Premium,Mixed,1.8,19,770,122,32,40239,4106,Medium,2.2
2152,LinkedIn,26-35,Female,UAE,Tablet,Mobile Data,Free,Image,1.3,6,129,155,113,32517,279,Medium,6.0
2153,TikTok,36-45,Female,India,Mobile,WiFi,Free,Video,1.5,14,487,25,64,91840,3023,Medium,1.0
2154,Snapchat,46-60,Male,USA,Mobile,WiFi,Premium,Image,4.7,25,31,89,132,28446,4950,Low,6.0
2155,Pinterest,36-45,Other,UAE,Tablet,Mobile Data,Premium,Text,2.9,38,451,122,104,72716,4881,Medium,0.6
2156,YouTube,46-60,Male,USA,Mobile,Mobile Data,Free,Image,5.9,19,320,69,130,68532,2631,Low,5.7
2157,LinkedIn,26-35,Other,India,Tablet,WiFi,Free,Mixed,2.9,35,225,136,123,60184,322,Low,5.0
2158,Twitter,60+,Female,Singapore,Desktop,WiFi,Free,Image,1.5,8,524,146,146,27133,3410,Medium,1.9
2159,Facebook,36-45,Female,Australia,Tablet,Mobile Data,Free,Image,0.6,11,172,156,18,23774,3353,Low,9.9
2160,Facebook,60+,Other,Germany,Desktop,Mobile Data,Premium,Image,1.6,31,572,112,54,11527,2031,High,3.5
2161,Facebook,36-45,Female,Brazil,Mobile,Mobile Data,Premium,Video,4.0,2,619,1,89,64734,4185,Low,9.8
2162,YouTube,60+,Other,Singapore,Desktop,WiFi,Premium,Text,4.8,22,89,125,107,45514,234,High,5.9
2163,LinkedIn,60+,Other,Singapore,Tablet,Mobile Data,Premium,Video,1.5,4,542,14,68,60686,1183,Medium,3.1
2164,YouTube,46-60,Female,Australia,Mobile,Mobile Data,Premium,Mixed,4.2,23,735,147,42,2497,3813,Medium,1.6
2165,Reddit,26-35,Male,UAE,Desktop,WiFi,Premium,Mixed,2.7,18,326,128,90,2079,4174,Low,0.6
2166,TikTok,13-18,Female,Brazil,Desktop,WiFi,Premium,Mixed,5.5,14,373,167,96,6505,2990,Medium,5.7
2167,Snapchat,19-25,Other,Australia,Tablet,Mobile Data,Premium,Mixed,2.0,7,800,186,119,90400,2093,High,3.7
2168,Pinterest,46-60,Other,Australia,Mobile,WiFi,Free,Image,3.3,23,599,159,110,97497,1919,Medium,3.5
2169,LinkedIn,60+,Female,Singapore,Tablet,Mobile Data,Free,Mixed,0.3,36,582,133,48,57455,1835,Medium,5.5
2170,LinkedIn,46-60,Male,UK,Desktop,Mobile Data,Free,Mixed,5.9,4,164,72,108,94773,3898,Low,2.2
2171,Reddit,36-45,Male,India,Mobile,WiFi,Premium,Mixed,4.7,1,164,118,13,35824,1064,Low,5.0
2172,Pinterest,19-25,Other,Brazil,Tablet,Mobile Data,Free,Video,4.4,34,759,162,99,78971,4107,Low,6.4
2173,Reddit,19-25,Other,Canada,Mobile,Mobile Data,Free,Video,1.9,0,584,115,112,11846,390,Medium,3.4
2174,Snapchat,46-60,Female,Brazil,Desktop,Mobile Data,Free,Video,0.6,35,420,63,47,39645,3229,High,1.2
2175,Snapchat,60+,Male,Australia,Tablet,Mobile Data,Premium,Mixed,1.2,23,601,28,56,6904,4182,High,1.2
2176,Pinterest,26-35,Other,UK,Desktop,Mobile Data,Premium,Video,3.5,32,444,109,3,74086,4039,Low,6.0
2177,LinkedIn,60+,Male,Canada,Tablet,WiFi,Premium,Video,1.5,0,730,11,76,78668,2911,High,7.2
2178,Snapchat,19-25,Other,UK,Tablet,Mobile Data,Premium,Mixed,3.3,24,142,94,23,15490,1334,Low,9.5
2179,LinkedIn,36-45,Female,USA,Mobile,Mobile Data,Premium,Text,3.0,26,678,111,77,36953,4461,High,8.5
2180,Reddit,13-18,Other,UK,Tablet,Mobile Data,Premium,Mixed,0.8,6,533,34,134,64321,1676,Medium,4.7
2181,Snapchat,26-35,Other,Japan,Desktop,WiFi,Premium,Text,0.9,25,509,18,85,84435,1163,Low,6.9
2182,TikTok,13-18,Male,Australia,Desktop,WiFi,Premium,Image,3.4,39,236,182,66,2894,4133,Medium,3.8
2183,Instagram,60+,Male,Australia,Mobile,WiFi,Premium,Video,4.6,24,407,15,80,89119,1776,Low,9.8
2184,LinkedIn,13-18,Male,UAE,Desktop,Mobile Data,Free,Video,2.4,9,471,134,70,5041,3065,High,2.0
2185,TikTok,19-25,Other,Australia,Tablet,Mobile Data,Premium,Mixed,2.8,17,388,180,143,20786,1103,High,3.0
2186,Twitter,19-25,Other,Canada,Desktop,WiFi,Free,Video,5.8,25,743,36,2,54342,3133,Low,8.2
2187,Pinterest,60+,Male,USA,Tablet,Mobile Data,Free,Image,5.2,16,185,184,60,53301,3309,Low,5.7
2188,Facebook,26-35,Other,UAE,Desktop,WiFi,Free,Video,3.0,31,41,83,116,83017,4765,High,4.7
2189,Twitter,13-18,Female,India,Tablet,Mobile Data,Free,Mixed,3.2,36,562,90,144,14276,1384,High,6.1
2190,YouTube,13-18,Other,UAE,Desktop,Mobile Data,Premium,Image,4.4,11,143,144,143,61780,1392,High,8.9
2191,TikTok,60+,Male,Brazil,Tablet,Mobile Data,Free,Video,4.2,13,270,10,94,41786,4525,Medium,2.0
2192,Pinterest,46-60,Male,USA,Mobile,WiFi,Premium,Text,0.5,32,487,94,81,14644,1810,Medium,2.8
2193,Twitter,19-25,Male,USA,Tablet,WiFi,Premium,Mixed,2.6,28,17,51,40,53484,4559,High,3.3
2194,Snapchat,26-35,Female,India,Desktop,WiFi,Premium,Video,3.6,34,418,79,80,63227,4384,Low,4.1
2195,TikTok,26-35,Female,Brazil,Mobile,Mobile Data,Free,Text,2.9,17,87,167,109,86676,703,High,2.2
2196,Snapchat,60+,Female,Australia,Mobile,Mobile Data,Premium,Mixed,3.0,22,64,148,122,75491,1113,Medium,9.9
2197,YouTube,60+,Female,Australia,Tablet,Mobile Data,Free,Mixed,5.1,13,520,140,1,73003,421,Medium,4.5
2198,YouTube,13-18,Other,USA,Desktop,Mobile Data,Premium,Text,5.7,34,597,88,103,29067,2012,Low,3.7
2199,Pinterest,19-25,Female,Canada,Desktop,WiFi,Free,Image,4.8,7,613,132,40,62234,1674,Low,8.7
2200,TikTok,46-60,Male,India,Desktop,Mobile Data,Free,Video,5.9,35,295,45,55,1158,1413,High,3.8
2201,Pinterest,46-60,Female,Australia,Desktop,Mobile Data,Free,Video,1.1,35,98,171,143,18244,1943,High,2.0
2202,TikTok,46-60,Female,Singapore,Tablet,Mobile Data,Premium,Image,4.2,23,130,25,61,40612,3769,High,0.9
2203,Pinterest,60+,Male,Brazil,Mobile,Mobile Data,Premium,Text,0.6,25,515,193,87,36090,354,High,1.5
2204,Reddit,13-18,Female,Germany,Mobile,WiFi,Free,Video,2.5,9,116,155,64,94720,79,High,6.7
2205,Snapchat,13-18,Male,Germany,Desktop,WiFi,Free,Mixed,3.7,35,3,49,99,1347,221,Low,2.1
2206,Twitter,19-25,Male,UAE,Mobile,WiFi,Premium,Text,4.3,6,674,31,136,57348,460,High,5.0
2207,Reddit,19-25,Other,USA,Desktop,WiFi,Free,Image,0.4,0,16,126,43,88139,2913,High,3.5
2208,TikTok,13-18,Other,UAE,Desktop,WiFi,Free,Video,4.6,9,131,90,11,84210,4996,Medium,2.6
2209,Reddit,36-45,Female,UAE,Tablet,Mobile Data,Free,Image,5.3,15,741,99,3,58072,2327,High,0.8
2210,Instagram,19-25,Male,USA,Desktop,WiFi,Premium,Video,0.6,34,163,152,116,67401,3984,High,6.4
2211,Pinterest,36-45,Male,Brazil,Desktop,WiFi,Free,Mixed,3.5,20,44,78,13,91218,1285,Medium,4.4
2212,TikTok,13-18,Male,USA,Desktop,Mobile Data,Free,Image,5.6,13,43,143,119,83744,2088,High,8.4
2213,Instagram,19-25,Female,Singapore,Mobile,WiFi,Free,Image,5.7,25,573,52,2,18494,2299,High,0.8
2214,YouTube,36-45,Other,Japan,Tablet,WiFi,Free,Mixed,4.6,12,513,185,5,6656,1583,Low,1.5
2215,Twitter,46-60,Male,UK,Tablet,WiFi,Free,Text,1.6,8,747,13,94,88872,3520,Medium,3.3
2216,Twitter,46-60,Female,India,Desktop,WiFi,Premium,Image,0.6,6,113,140,19,92468,852,High,2.7
2217,TikTok,19-25,Other,Japan,Tablet,Mobile Data,Premium,Video,1.0,2,606,38,67,535,2886,High,6.0
2218,Snapchat,13-18,Female,Australia,Mobile,Mobile Data,Free,Video,3.4,17,581,163,85,35933,532,High,1.9
2219,Facebook,46-60,Male,Germany,Mobile,WiFi,Premium,Video,2.6,19,199,1,53,87871,4964,Medium,1.4
2220,Facebook,26-35,Other,India,Tablet,Mobile Data,Premium,Text,5.1,38,361,102,35,36954,2574,Medium,1.5
2221,Twitter,60+,Other,UK,Desktop,Mobile Data,Premium,Image,0.5,26,324,110,126,2061,3007,Medium,8.3
2222,LinkedIn,36-45,Other,UK,Tablet,Mobile Data,Premium,Video,4.4,7,330,173,140,93178,4075,High,10.0
2223,Snapchat,46-60,Other,Canada,Desktop,WiFi,Premium,Mixed,1.5,26,316,153,1,16428,4164,Low,9.0
2224,Twitter,13-18,Male,Brazil,Mobile,WiFi,Free,Mixed,2.7,25,147,69,54,52320,1934,Low,4.8
2225,YouTube,36-45,Female,Brazil,Tablet,Mobile Data,Free,Mixed,2.1,39,207,121,29,82672,3274,High,5.6
2226,Twitter,26-35,Female,India,Desktop,Mobile Data,Free,Video,1.4,28,62,89,149,60026,795,High,7.9
2227,Snapchat,13-18,Female,Australia,Mobile,Mobile Data,Free,Text,2.9,37,144,97,111,48198,3942,Low,9.8
2228,Reddit,26-35,Other,Germany,Tablet,WiFi,Premium,Video,3.5,40,546,100,143,19022,3168,High,2.6
2229,Facebook,46-60,Male,Japan,Desktop,WiFi,Premium,Image,3.1,34,323,57,31,43817,809,High,9.7
2230,Reddit,46-60,Other,USA,Mobile,Mobile Data,Free,Image,2.4,23,262,96,102,80706,4093,Low,1.2
2231,Pinterest,19-25,Male,India,Desktop,WiFi,Free,Mixed,1.7,1,190,39,88,95362,3382,Medium,4.2
2232,Reddit,46-60,Male,India,Desktop,WiFi,Free,Mixed,0.2,24,511,158,55,24255,104,Low,1.8
2233,Snapchat,19-25,Male,USA,Tablet,Mobile Data,Premium,Video,2.5,40,32,98,70,70796,3497,Low,3.2
2234,LinkedIn,60+,Male,UAE,Mobile,Mobile Data,Premium,Mixed,1.3,26,726,182,107,44396,4166,High,2.2
2235,YouTube,46-60,Other,Singapore,Mobile,WiFi,Premium,Text,0.6,3,210,36,1,6333,271,High,5.5
2236,YouTube,19-25,Female,USA,Tablet,Mobile Data,Free,Video,4.8,6,69,10,38,99196,3942,Low,7.2
2237,Pinterest,19-25,Male,UK,Mobile,WiFi,Premium,Mixed,1.3,33,406,139,60,33287,4458,High,5.2
2238,Twitter,46-60,Female,USA,Desktop,WiFi,Premium,Mixed,1.2,18,219,169,49,2497,914,High,5.8
2239,TikTok,36-45,Other,USA,Mobile,WiFi,Premium,Mixed,5.5,16,15,122,24,34323,4990,Medium,6.8
2240,Twitter,46-60,Other,Germany,Mobile,WiFi,Premium,Video,6.0,39,156,195,69,57787,4909,Medium,2.2
2241,Pinterest,60+,Male,Australia,Desktop,Mobile Data,Free,Mixed,4.5,38,450,98,101,99801,1553,High,5.8
2242,Twitter,13-18,Other,Japan,Mobile,WiFi,Premium,Mixed,4.9,30,509,22,132,90727,3480,Low,3.0
2243,Twitter,46-60,Other,USA,Tablet,WiFi,Premium,Text,1.3,4,539,127,21,89690,1447,Low,2.6
2244,Pinterest,46-60,Male,USA,Desktop,WiFi,Free,Video,1.7,14,229,56,34,66313,872,High,5.7
2245,TikTok,36-45,Female,Brazil,Tablet,Mobile Data,Free,Text,1.1,38,708,59,133,56262,882,Medium,4.1
2246,Reddit,26-35,Other,Canada,Tablet,Mobile Data,Free,Text,3.1,16,441,180,17,21625,3323,High,2.5
2247,TikTok,36-45,Other,UK,Desktop,Mobile Data,Free,Mixed,2.4,36,292,135,46,81093,2408,Medium,4.6
2248,Facebook,19-25,Other,Australia,Desktop,WiFi,Premium,Mixed,2.8,35,234,194,32,32149,801,Medium,5.6
2249,Facebook,46-60,Female,Germany,Desktop,Mobile Data,Premium,Image,0.9,20,547,150,56,83401,4819,High,4.8
2250,Twitter,36-45,Other,Japan,Desktop,WiFi,Premium,Text,2.2,26,701,187,76,93261,154,High,4.7
2251,LinkedIn,36-45,Other,India,Desktop,WiFi,Free,Image,4.4,25,74,105,6,89317,1692,Medium,9.2
2252,Pinterest,19-25,Other,India,Desktop,Mobile Data,Premium,Mixed,1.5,31,55,55,36,51422,2126,High,1.3
2253,YouTube,19-25,Male,Singapore,Mobile,WiFi,Free,Text,3.2,7,655,159,9,70969,3281,Medium,4.9
2254,Instagram,26-35,Female,UK,Mobile,WiFi,Premium,Image,4.9,8,131,20,121,71027,2879,Medium,5.6
2255,YouTube,19-25,Other,Germany,Tablet,WiFi,Free,Mixed,2.8,25,535,123,66,43114,4041,Medium,4.9
2256,Snapchat,19-25,Male,India,Tablet,WiFi,Premium,Video,5.1,34,29,152,72,90779,1855,Low,1.7
2257,Pinterest,26-35,Male,USA,Desktop,WiFi,Free,Text,3.0,4,549,5,93,27100,4479,Low,7.4
2258,Pinterest,46-60,Female,Germany,Desktop,WiFi,Premium,Video,3.5,27,648,81,31,6051,1740,Medium,7.0
2259,Reddit,26-35,Male,Singapore,Tablet,WiFi,Free,Video,4.8,12,799,53,31,79886,725,Low,7.9
2260,Reddit,46-60,Female,Singapore,Mobile,Mobile Data,Free,Video,1.5,20,58,192,52,32978,2405,Low,4.3
2261,Reddit,60+,Male,Japan,Mobile,WiFi,Free,Text,2.5,3,499,135,82,50214,2527,High,5.6
2262,YouTube,13-18,Female,Brazil,Desktop,Mobile Data,Premium,Text,5.7,17,687,76,37,33997,1009,Low,2.2
2263,Reddit,26-35,Male,Germany,Mobile,WiFi,Free,Video,3.3,35,318,71,101,53813,1947,High,9.5
2264,TikTok,19-25,Other,Japan,Tablet,Mobile Data,Free,Video,1.8,18,699,180,13,50262,4526,High,2.9
2265,Snapchat,36-45,Other,Singapore,Desktop,WiFi,Free,Mixed,0.7,19,732,23,19,62203,334,Low,7.8
2266,Snapchat,13-18,Male,Japan,Tablet,Mobile Data,Premium,Video,3.6,16,474,148,25,11529,1480,Medium,9.5
2267,Twitter,13-18,Male,UAE,Desktop,WiFi,Free,Image,4.3,2,435,144,68,59765,3226,High,6.9
2268,LinkedIn,26-35,Other,Japan,Desktop,WiFi,Premium,Video,4.0,23,22,130,111,16471,4448,High,1.3
2269,TikTok,26-35,Female,UAE,Tablet,Mobile Data,Premium,Image,4.8,14,689,138,22,16278,4215,Low,2.8
2270,Twitter,13-18,Other,India,Tablet,WiFi,Free,Image,3.4,14,53,142,96,47761,1425,High,2.0
2271,LinkedIn,26-35,Male,Brazil,Tablet,WiFi,Free,Mixed,2.8,35,601,69,62,91794,4944,High,7.8
2272,YouTube,46-60,Male,UK,Desktop,WiFi,Free,Video,5.7,40,182,34,70,4632,469,High,1.3
2273,Instagram,19-25,Male,Singapore,Tablet,Mobile Data,Premium,Video,4.0,13,570,152,147,54057,463,High,9.7
2274,Reddit,13-18,Other,USA,Mobile,WiFi,Premium,Video,4.9,8,632,137,1,25546,2948,Medium,8.0
2275,Snapchat,26-35,Other,Japan,Desktop,WiFi,Premium,Text,1.9,8,309,30,5,57552,688,Medium,6.9
2276,Facebook,46-60,Male,Brazil,Mobile,WiFi,Premium,Image,0.3,25,720,125,45,98545,1794,Low,5.4
2277,Instagram,13-18,Male,Singapore,Mobile,WiFi,Premium,Text,1.4,0,758,31,91,42154,3164,Low,2.7
2278,TikTok,36-45,Female,Brazil,Desktop,WiFi,Free,Text,0.3,8,54,116,43,6959,4865,High,1.9
2279,Snapchat,19-25,Male,Japan,Tablet,WiFi,Free,Text,2.8,40,625,68,83,2378,4148,Low,8.3
2280,Instagram,13-18,Female,Singapore,Desktop,Mobile Data,Premium,Image,3.1,10,160,65,108,44819,702,Medium,9.4
2281,TikTok,60+,Other,Germany,Desktop,Mobile Data,Free,Text,5.9,6,367,52,28,46060,4807,Low,3.2
2282,Facebook,13-18,Male,Japan,Mobile,Mobile Data,Premium,Video,2.5,3,256,164,32,24453,3248,High,6.7
2283,Facebook,13-18,Male,Singapore,Desktop,WiFi,Free,Text,5.7,15,677,129,30,90131,3740,Low,1.9
2284,Instagram,60+,Other,UAE,Mobile,Mobile Data,Free,Image,2.5,4,239,97,146,98186,405,Low,9.3
2285,TikTok,46-60,Female,Singapore,Mobile,Mobile Data,Premium,Image,1.7,24,736,57,114,8256,972,High,5.7
2286,Reddit,60+,Female,Japan,Desktop,WiFi,Premium,Mixed,3.6,36,615,27,118,84437,4008,Medium,6.6
2287,Snapchat,26-35,Female,India,Desktop,WiFi,Premium,Mixed,0.6,40,503,101,106,1396,2220,Medium,3.5
2288,YouTube,36-45,Other,Brazil,Mobile,WiFi,Premium,Text,2.1,21,309,84,104,28150,1609,High,1.8
2289,LinkedIn,36-45,Male,Singapore,Desktop,WiFi,Free,Video,1.3,33,594,75,59,95304,2784,Low,1.0
2290,YouTube,13-18,Female,Australia,Desktop,Mobile Data,Premium,Image,5.5,21,364,41,12,68071,2620,Medium,8.7
2291,Pinterest,13-18,Female,Brazil,Tablet,Mobile Data,Premium,Video,4.6,38,797,158,88,10775,2963,High,2.1
2292,Pinterest,26-35,Female,Singapore,Tablet,WiFi,Free,Video,3.7,36,744,184,108,32063,734,Medium,3.8
2293,Pinterest,26-35,Male,Australia,Desktop,Mobile Data,Free,Image,4.0,12,152,46,53,89141,3460,Low,9.6
2294,Pinterest,19-25,Other,Brazil,Mobile,Mobile Data,Premium,Image,1.8,13,4,185,147,89643,1084,Low,5.0
2295,Pinterest,36-45,Male,India,Desktop,Mobile Data,Free,Text,3.3,8,551,81,43,20186,465,High,5.0
2296,LinkedIn,46-60,Other,UK,Desktop,Mobile Data,Free,Text,2.8,22,55,1,38,66836,1085,Medium,4.3
2297,TikTok,36-45,Female,Singapore,Desktop,WiFi,Free,Video,3.3,18,664,30,142,39932,2974,Medium,1.4
2298,YouTube,36-45,Female,India,Mobile,WiFi,Premium,Video,0.6,40,31,193,54,13962,4379,Low,2.1
2299,YouTube,19-25,Male,UAE,Mobile,WiFi,Free,Video,4.9,32,441,39,135,17447,3810,Medium,5.6
2300,Snapchat,13-18,Other,Germany,Mobile,WiFi,Premium,Text,5.7,2,351,32,104,10275,2807,High,6.3
2301,Facebook,36-45,Male,UK,Tablet,WiFi,Free,Video,1.7,2,437,121,149,42871,2549,Medium,3.4
2302,Pinterest,19-25,Male,UAE,Tablet,WiFi,Premium,Text,0.4,16,170,9,136,83107,3620,Medium,2.8
2303,Snapchat,60+,Other,Australia,Tablet,WiFi,Free,Mixed,2.3,17,179,112,147,55902,2766,High,7.6
2304,Twitter,46-60,Male,UAE,Desktop,WiFi,Free,Text,1.8,14,344,165,132,55416,2117,Medium,8.6
2305,Pinterest,13-18,Female,Germany,Mobile,WiFi,Premium,Mixed,0.4,8,381,155,121,72272,4119,High,6.4
2306,Twitter,13-18,Other,Singapore,Desktop,WiFi,Free,Image,3.8,13,763,181,79,35440,2131,Medium,2.4
2307,Reddit,36-45,Female,India,Tablet,WiFi,Premium,Image,3.5,37,615,24,141,4363,2753,Medium,9.1
2308,Twitter,46-60,Female,India,Tablet,WiFi,Premium,Video,2.2,8,536,177,117,196,806,Medium,7.7
2309,Reddit,36-45,Other,Germany,Desktop,WiFi,Premium,Video,3.7,27,624,170,47,45890,3738,Low,1.7
2310,LinkedIn,36-45,Female,Japan,Tablet,WiFi,Free,Text,5.5,30,159,175,18,34522,2722,Medium,2.7
2311,Instagram,36-45,Other,Australia,Desktop,Mobile Data,Premium,Video,4.7,16,600,151,26,5703,3586,Medium,4.5
2312,TikTok,46-60,Male,Japan,Tablet,WiFi,Free,Image,4.6,33,738,92,67,90118,1485,Low,3.7
2313,Twitter,46-60,Female,Japan,Mobile,Mobile Data,Free,Video,5.4,10,783,132,18,57417,1834,Low,8.2
2314,Reddit,60+,Male,India,Mobile,Mobile Data,Premium,Video,0.5,6,430,193,102,72950,4142,Medium,7.3
2315,Pinterest,19-25,Male,UAE,Tablet,WiFi,Premium,Mixed,5.4,2,206,62,64,75872,4179,High,9.9
2316,YouTube,13-18,Male,Japan,Desktop,WiFi,Free,Image,4.0,28,141,72,94,81073,840,Medium,4.6
2317,Reddit,46-60,Other,Brazil,Desktop,WiFi,Premium,Mixed,3.2,11,513,94,67,80467,4761,Medium,4.4
2318,Twitter,36-45,Female,Germany,Desktop,WiFi,Free,Image,0.7,10,261,99,100,75463,253,Low,9.0
2319,TikTok,60+,Female,UAE,Tablet,Mobile Data,Premium,Video,5.8,3,132,198,69,75051,4453,Low,4.1
2320,Snapchat,60+,Female,USA,Desktop,Mobile Data,Premium,Text,3.3,23,575,1,96,89195,2179,Medium,5.2
2321,LinkedIn,60+,Male,Japan,Tablet,Mobile Data,Premium,Video,3.2,39,258,161,11,80954,1912,Low,2.7
2322,YouTube,36-45,Female,UAE,Tablet,Mobile Data,Free,Text,0.3,31,640,127,110,53672,1530,Medium,1.1
2323,Instagram,19-25,Female,USA,Desktop,WiFi,Free,Mixed,2.4,32,344,28,61,47071,983,High,7.6
2324,Twitter,46-60,Female,India,Tablet,WiFi,Premium,Text,1.6,30,338,96,100,76351,278,Medium,3.2
2325,YouTube,26-35,Male,UK,Mobile,Mobile Data,Free,Video,2.7,2,215,136,4,92141,3958,Low,4.4
2326,Facebook,19-25,Male,Japan,Mobile,WiFi,Premium,Video,3.7,22,423,16,3,52049,116,Low,2.6
2327,LinkedIn,36-45,Other,Brazil,Desktop,WiFi,Premium,Video,2.6,30,708,123,1,60299,3198,Low,9.1
2328,YouTube,26-35,Male,UAE,Desktop,Mobile Data,Free,Text,3.5,34,84,143,83,87131,3807,High,8.0
2329,TikTok,36-45,Male,Australia,Tablet,WiFi,Premium,Video,1.8,33,783,104,58,57169,2465,Medium,5.6
2330,Instagram,36-45,Female,Brazil,Mobile,WiFi,Premium,Video,3.1,6,373,92,131,89656,2510,Medium,1.4
2331,Facebook,19-25,Male,UK,Desktop,WiFi,Premium,Video,5.4,30,659,17,73,85137,2327,Low,2.9
2332,Pinterest,36-45,Male,Australia,Desktop,WiFi,Free,Text,3.2,21,314,20,116,35830,3601,Low,3.5
2333,LinkedIn,36-45,Female,Australia,Mobile,Mobile Data,Premium,Video,0.2,36,379,198,69,39710,654,High,3.7
2334,TikTok,46-60,Other,Singapore,Desktop,Mobile Data,Free,Text,4.3,7,436,121,99,6833,2600,Low,3.6
2335,LinkedIn,60+,Female,India,Tablet,WiFi,Free,Video,5.6,32,356,6,149,24168,3122,Medium,3.9
2336,LinkedIn,13-18,Other,Singapore,Desktop,WiFi,Free,Text,2.8,7,58,106,96,82732,1567,Low,3.2
2337,Snapchat,60+,Male,Australia,Desktop,Mobile Data,Free,Mixed,4.3,35,786,38,27,429,4261,High,6.8
2338,Facebook,46-60,Female,Singapore,Desktop,WiFi,Free,Mixed,1.3,13,775,72,70,12095,2973,High,1.1
2339,Instagram,26-35,Female,UAE,Desktop,WiFi,Premium,Image,5.6,1,610,74,26,25447,729,High,7.0
2340,TikTok,46-60,Female,UK,Mobile,Mobile Data,Free,Image,0.3,29,499,196,78,96305,3993,Medium,1.4
2341,TikTok,46-60,Female,UAE,Desktop,Mobile Data,Free,Mixed,6.0,6,30,16,10,42982,3334,Medium,2.3
2342,TikTok,26-35,Other,UK,Tablet,Mobile Data,Premium,Video,3.2,34,699,12,89,87995,4417,Low,9.5
2343,Snapchat,13-18,Other,Australia,Mobile,Mobile Data,Free,Video,2.0,27,194,89,33,49001,3011,Low,8.3
2344,Snapchat,46-60,Other,UAE,Desktop,WiFi,Premium,Mixed,4.6,40,705,5,35,32396,2800,Medium,4.9
2345,Snapchat,26-35,Other,Brazil,Tablet,Mobile Data,Premium,Video,0.2,6,556,103,66,70426,2584,Low,1.8
2346,LinkedIn,36-45,Other,UK,Tablet,WiFi,Free,Image,5.4,2,147,63,146,34096,1946,High,7.6
2347,Snapchat,46-60,Other,Japan,Mobile,Mobile Data,Premium,Video,1.2,33,128,41,25,89074,4837,High,6.5
2348,Twitter,36-45,Other,Brazil,Desktop,WiFi,Free,Image,3.0,16,400,181,17,14450,978,Medium,8.1
2349,LinkedIn,46-60,Male,Germany,Mobile,WiFi,Free,Image,0.8,31,793,16,145,93795,328,Low,1.1
2350,LinkedIn,60+,Male,USA,Tablet,WiFi,Premium,Video,2.9,30,260,108,35,72453,3672,Low,3.2
2351,Twitter,13-18,Male,UK,Mobile,WiFi,Premium,Text,5.4,13,203,19,56,7551,4333,Low,8.6
2352,Facebook,13-18,Other,Australia,Desktop,WiFi,Premium,Mixed,4.4,19,233,95,99,39345,3047,Medium,0.6
2353,Pinterest,46-60,Female,UK,Mobile,WiFi,Premium,Video,2.2,23,320,114,146,56135,2699,High,4.1
2354,Reddit,26-35,Male,Canada,Mobile,WiFi,Free,Video,1.8,16,99,128,18,65576,1816,High,9.1
2355,LinkedIn,60+,Other,Singapore,Desktop,WiFi,Premium,Image,1.6,26,717,5,141,1987,788,Low,7.6
2356,Twitter,19-25,Female,Australia,Tablet,WiFi,Free,Image,4.2,22,673,83,3,89458,3491,Medium,3.8
2357,TikTok,36-45,Other,UAE,Desktop,WiFi,Premium,Video,5.7,26,736,65,69,73022,2616,Low,2.9
2358,Facebook,36-45,Other,Canada,Mobile,Mobile Data,Premium,Text,5.5,1,219,161,123,97046,2109,Medium,1.7
2359,LinkedIn,36-45,Male,Brazil,Tablet,WiFi,Free,Video,5.8,7,112,70,80,72131,87,High,8.4
2360,Instagram,26-35,Male,Japan,Tablet,WiFi,Free,Video,4.7,36,458,91,55,16117,409,Low,9.6
2361,Facebook,13-18,Female,USA,Mobile,Mobile Data,Premium,Video,1.6,4,347,22,143,90325,65,Low,0.9
2362,Instagram,36-45,Female,Singapore,Mobile,WiFi,Free,Image,3.9,17,434,117,15,136,3358,Low,6.3
2363,Facebook,26-35,Female,Australia,Tablet,WiFi,Premium,Text,5.4,4,398,66,122,44115,3790,High,1.2
2364,LinkedIn,46-60,Female,UAE,Mobile,WiFi,Free,Video,3.8,13,119,80,75,15471,266,Low,6.8
2365,TikTok,19-25,Male,UK,Tablet,Mobile Data,Free,Text,5.4,22,325,29,143,87703,1403,High,3.3
2366,Facebook,19-25,Female,USA,Desktop,Mobile Data,Premium,Video,6.0,6,585,162,47,67459,3895,High,6.0
2367,Reddit,46-60,Male,UAE,Tablet,WiFi,Free,Text,3.2,17,322,185,108,15553,440,Medium,9.7
2368,Twitter,36-45,Other,India,Mobile,Mobile Data,Free,Mixed,5.3,27,664,164,130,69473,2909,High,10.0
2369,LinkedIn,60+,Male,Australia,Tablet,Mobile Data,Free,Mixed,5.6,8,698,170,68,65930,3256,Medium,2.2
2370,LinkedIn,13-18,Other,USA,Tablet,WiFi,Free,Video,5.8,4,251,108,68,84459,2834,Medium,2.4
2371,Facebook,13-18,Male,India,Tablet,WiFi,Premium,Mixed,2.2,13,757,78,14,70956,3048,High,1.7
2372,Reddit,36-45,Female,India,Mobile,WiFi,Premium,Mixed,4.3,34,727,187,11,48805,1153,Medium,6.9
2373,Snapchat,46-60,Male,Japan,Desktop,Mobile Data,Premium,Mixed,1.1,31,316,186,96,33941,4672,High,3.8
2374,YouTube,46-60,Other,UAE,Mobile,WiFi,Free,Mixed,4.5,38,793,66,27,48885,3525,Medium,4.6
2375,TikTok,19-25,Other,Germany,Desktop,WiFi,Free,Image,0.2,15,91,121,2,94537,570,Low,4.2
2376,TikTok,60+,Male,Brazil,Mobile,WiFi,Free,Video,1.7,6,792,39,36,81937,3252,Medium,3.7
2377,Facebook,26-35,Other,Japan,Tablet,WiFi,Free,Image,4.2,15,408,72,127,58072,92,High,9.9
2378,Snapchat,60+,Male,UK,Tablet,WiFi,Free,Image,0.5,38,320,8,123,44115,3044,Medium,8.1
2379,Instagram,36-45,Male,Germany,Desktop,Mobile Data,Premium,Mixed,2.8,19,748,105,134,58095,3637,Medium,4.8
2380,Snapchat,60+,Other,Australia,Mobile,WiFi,Premium,Mixed,2.3,12,65,138,147,82941,1253,High,3.8
2381,TikTok,60+,Other,Brazil,Desktop,WiFi,Premium,Image,4.3,9,242,53,133,9678,3350,Low,6.4
2382,Twitter,26-35,Female,Japan,Tablet,Mobile Data,Free,Image,3.8,20,617,19,46,28980,4187,Medium,2.1
2383,Instagram,36-45,Other,Brazil,Desktop,WiFi,Premium,Video,1.3,1,758,100,2,5537,3581,Medium,5.3
2384,TikTok,26-35,Male,Brazil,Tablet,WiFi,Premium,Text,1.6,27,655,86,4,85399,4517,High,4.9
2385,Pinterest,26-35,Male,UAE,Mobile,WiFi,Free,Image,1.2,10,245,28,13,35882,4958,High,5.6
2386,Twitter,46-60,Male,Brazil,Desktop,Mobile Data,Premium,Text,5.4,7,499,52,57,48353,2218,Low,2.0
2387,Twitter,26-35,Other,Brazil,Desktop,WiFi,Free,Mixed,6.0,40,734,163,148,26776,4750,Medium,4.4
2388,Instagram,60+,Other,Canada,Desktop,Mobile Data,Premium,Video,0.4,34,765,24,63,67024,2992,High,6.7
2389,Instagram,36-45,Female,Australia,Mobile,Mobile Data,Premium,Text,1.7,25,131,45,73,51067,480,Low,4.9
2390,Twitter,36-45,Male,Japan,Tablet,Mobile Data,Premium,Video,2.0,18,743,16,100,98233,4939,Low,5.6
2391,LinkedIn,13-18,Other,UK,Tablet,WiFi,Premium,Image,5.1,0,15,73,98,39629,733,Low,1.1
2392,Snapchat,26-35,Female,UK,Tablet,WiFi,Free,Mixed,5.7,7,691,197,94,59549,4698,Low,2.4
2393,Reddit,19-25,Other,UAE,Tablet,WiFi,Free,Text,4.9,2,613,113,134,74213,4246,Low,9.0
2394,Pinterest,19-25,Female,Australia,Mobile,Mobile Data,Free,Mixed,2.2,3,485,108,70,69682,4850,Medium,6.4
2395,Instagram,46-60,Male,UAE,Tablet,WiFi,Free,Mixed,0.8,23,597,91,82,44307,2756,Medium,7.3
2396,Snapchat,19-25,Female,Canada,Desktop,Mobile Data,Premium,Text,0.6,7,64,99,7,48216,4973,High,4.3
2397,Facebook,19-25,Female,UK,Tablet,Mobile Data,Premium,Image,2.9,2,719,68,86,62072,2162,Medium,7.1
2398,Pinterest,19-25,Male,USA,Tablet,WiFi,Free,Mixed,4.0,13,108,21,135,18624,1261,Medium,2.4
2399,Facebook,46-60,Female,India,Mobile,Mobile Data,Premium,Video,5.6,11,491,108,79,86253,3338,High,2.8
2400,Reddit,36-45,Female,Germany,Tablet,Mobile Data,Free,Mixed,0.3,33,519,188,74,80973,4716,Low,1.9
2401,TikTok,26-35,Male,India,Mobile,Mobile Data,Free,Video,3.8,13,760,194,23,62996,636,Low,1.2
2402,Facebook,19-25,Other,Canada,Tablet,WiFi,Free,Mixed,4.2,9,383,63,147,6595,253,Medium,9.4
2403,Twitter,46-60,Other,Germany,Mobile,WiFi,Premium,Image,0.4,6,288,132,8,61128,4103,High,6.3
2404,Twitter,60+,Other,Canada,Mobile,Mobile Data,Free,Mixed,4.9,3,287,43,82,9462,4263,Low,8.1
2405,Facebook,46-60,Male,Japan,Mobile,Mobile Data,Premium,Mixed,0.8,28,340,1,144,47663,917,High,2.8
2406,Pinterest,26-35,Male,USA,Desktop,WiFi,Free,Image,3.8,20,645,181,105,53033,124,Low,9.8
2407,Pinterest,19-25,Male,UAE,Mobile,WiFi,Premium,Mixed,2.5,14,340,82,57,68177,3042,High,7.2
2408,Pinterest,19-25,Other,USA,Tablet,WiFi,Free,Image,4.5,27,540,145,76,73001,2751,Low,1.3
2409,LinkedIn,36-45,Other,Japan,Mobile,WiFi,Premium,Video,2.2,1,482,106,29,93980,353,Medium,4.8
2410,Snapchat,46-60,Female,Germany,Desktop,WiFi,Free,Image,3.6,23,777,121,126,47149,1428,Low,6.1
2411,Reddit,60+,Female,USA,Mobile,WiFi,Premium,Video,0.3,10,183,53,2,9213,1015,Medium,3.0
2412,TikTok,13-18,Male,Germany,Tablet,WiFi,Premium,Image,4.4,28,720,166,95,3844,4616,High,8.7
2413,Pinterest,36-45,Other,UAE,Tablet,WiFi,Free,Image,4.5,29,733,154,113,74867,2361,Medium,0.6
2414,Pinterest,60+,Male,UK,Desktop,WiFi,Premium,Mixed,1.5,22,49,173,137,65939,1082,High,9.7
2415,TikTok,36-45,Female,India,Tablet,Mobile Data,Premium,Mixed,1.1,20,287,119,98,80154,646,High,9.5
2416,Facebook,19-25,Other,Australia,Desktop,Mobile Data,Premium,Mixed,2.4,1,617,162,144,13641,4988,High,3.9
2417,Instagram,36-45,Male,Germany,Tablet,Mobile Data,Premium,Image,5.1,23,87,82,143,16369,697,Low,6.2
2418,Twitter,26-35,Other,UAE,Tablet,WiFi,Premium,Text,3.0,34,761,7,25,38832,1399,High,5.3
2419,Instagram,13-18,Male,Japan,Tablet,WiFi,Free,Mixed,5.6,1,306,65,28,18021,4487,Low,1.4
2420,Pinterest,36-45,Female,Australia,Mobile,WiFi,Premium,Image,3.7,33,0,184,99,9264,1827,High,1.9
2421,Pinterest,19-25,Female,UAE,Mobile,Mobile Data,Premium,Mixed,2.1,29,394,194,38,58997,2783,Low,0.6
2422,Facebook,46-60,Male,USA,Desktop,WiFi,Premium,Mixed,0.6,25,388,85,132,20214,2866,Low,5.4
2423,Pinterest,26-35,Male,Canada,Desktop,Mobile Data,Premium,Mixed,2.0,34,35,141,135,80853,2425,High,6.3
2424,YouTube,46-60,Male,Japan,Desktop,Mobile Data,Free,Text,3.2,29,711,69,145,43885,2118,High,8.5
2425,YouTube,36-45,Male,Brazil,Desktop,Mobile Data,Premium,Mixed,3.1,16,40,193,112,62519,3977,High,6.6
2426,Pinterest,46-60,Male,Australia,Tablet,WiFi,Premium,Mixed,2.1,40,288,118,59,78946,3406,Low,8.4
2427,LinkedIn,19-25,Female,Australia,Desktop,Mobile Data,Free,Image,3.2,23,577,175,48,66483,513,High,6.6
2428,YouTube,46-60,Female,Brazil,Mobile,WiFi,Premium,Mixed,1.4,20,710,67,66,82019,568,Low,3.7
2429,Pinterest,46-60,Male,Brazil,Mobile,WiFi,Premium,Mixed,4.1,2,238,97,2,83976,493,Medium,4.4
2430,LinkedIn,26-35,Female,Brazil,Tablet,WiFi,Free,Video,1.9,0,741,32,90,13958,2656,High,2.0
2431,Snapchat,13-18,Female,USA,Desktop,Mobile Data,Free,Mixed,2.9,40,722,7,71,97028,1478,Medium,5.0
2432,TikTok,19-25,Other,Japan,Tablet,WiFi,Free,Image,1.6,18,430,82,55,54495,3755,Low,4.0
2433,Reddit,36-45,Male,Singapore,Tablet,WiFi,Premium,Image,3.4,29,370,67,92,76115,706,Medium,1.4
2434,TikTok,19-25,Other,Singapore,Desktop,WiFi,Free,Video,0.4,29,258,73,56,88223,3085,Medium,2.2
2435,Snapchat,26-35,Other,Singapore,Desktop,WiFi,Premium,Image,1.7,21,126,124,102,77049,2780,High,4.8
2436,Snapchat,36-45,Male,Japan,Tablet,Mobile Data,Premium,Video,1.2,34,275,54,111,35581,4587,High,9.7
2437,Snapchat,46-60,Female,India,Mobile,Mobile Data,Premium,Text,1.5,34,749,5,66,29711,3495,High,1.6
2438,Facebook,13-18,Other,India,Desktop,Mobile Data,Premium,Video,4.8,32,433,42,101,17182,172,High,9.9
2439,YouTube,46-60,Female,UAE,Desktop,WiFi,Free,Text,4.4,39,326,11,122,64304,1397,Medium,4.9
2440,Reddit,13-18,Other,Canada,Tablet,WiFi,Free,Mixed,0.6,34,258,200,109,39411,1975,Low,7.4
2441,Pinterest,26-35,Female,UAE,Desktop,WiFi,Premium,Video,3.2,19,615,96,116,27849,3303,Medium,5.8
2442,Pinterest,36-45,Female,India,Tablet,Mobile Data,Premium,Mixed,5.2,34,642,46,17,7965,2042,Low,5.0
2443,Facebook,36-45,Other,Brazil,Tablet,WiFi,Free,Image,4.7,0,592,178,145,93415,2125,Medium,3.9
2444,YouTube,13-18,Female,Germany,Mobile,WiFi,Free,Mixed,3.0,5,733,137,1,21337,4111,Low,0.5
2445,Facebook,13-18,Other,UAE,Tablet,WiFi,Premium,Video,3.0,7,694,12,119,56459,1809,High,3.2
2446,Snapchat,19-25,Other,UAE,Desktop,Mobile Data,Premium,Mixed,1.7,14,37,44,136,13703,3384,High,6.2
2447,Instagram,36-45,Other,Brazil,Mobile,Mobile Data,Free,Image,4.6,22,664,51,48,17297,743,High,2.6
2448,Twitter,46-60,Female,Canada,Desktop,Mobile Data,Premium,Video,3.4,23,70,39,83,68041,2002,High,7.3
2449,Facebook,60+,Female,Japan,Desktop,Mobile Data,Free,Image,4.4,28,14,158,14,94075,4937,Medium,0.7
2450,LinkedIn,13-18,Female,Brazil,Desktop,Mobile Data,Premium,Mixed,0.3,34,51,68,69,38779,3923,Medium,6.4
2451,Twitter,60+,Other,Japan,Mobile,WiFi,Premium,Image,5.0,28,425,89,63,18263,3085,High,6.4
2452,YouTube,46-60,Female,India,Mobile,WiFi,Premium,Mixed,0.2,20,794,2,110,29583,891,High,8.4
2453,Facebook,13-18,Other,UK,Mobile,WiFi,Premium,Image,4.4,38,779,76,33,61380,4988,High,7.5
2454,LinkedIn,46-60,Other,Singapore,Tablet,WiFi,Premium,Image,1.3,13,594,197,123,36334,3359,Low,6.8
2455,Snapchat,60+,Other,Singapore,Desktop,WiFi,Premium,Video,4.6,18,563,80,23,71236,4407,Low,2.5
2456,Facebook,26-35,Female,Singapore,Mobile,WiFi,Premium,Mixed,0.7,29,410,100,93,10372,2254,High,2.0
2457,Reddit,36-45,Male,Australia,Mobile,WiFi,Premium,Video,1.8,6,407,138,73,34558,2732,Medium,8.0
2458,Reddit,13-18,Female,Germany,Tablet,Mobile Data,Premium,Image,0.3,34,660,49,49,47116,2468,Medium,7.5
2459,Pinterest,26-35,Male,USA,Mobile,WiFi,Premium,Video,1.3,9,258,25,99,37015,3731,Medium,6.1
2460,TikTok,13-18,Female,Brazil,Mobile,WiFi,Free,Mixed,4.9,14,178,149,149,97456,4891,Medium,5.6
2461,Pinterest,60+,Other,USA,Tablet,WiFi,Free,Image,2.2,0,202,101,8,44140,3927,High,2.4
2462,Reddit,19-25,Male,Canada,Desktop,WiFi,Premium,Video,3.0,16,762,53,68,84149,2474,High,2.6
2463,YouTube,26-35,Other,UK,Desktop,Mobile Data,Free,Video,3.3,31,738,67,2,93594,4303,Medium,3.4
2464,Pinterest,60+,Other,UK,Tablet,Mobile Data,Free,Text,1.4,6,253,150,70,16217,4945,High,6.9
2465,Reddit,36-45,Other,Canada,Mobile,Mobile Data,Free,Video,2.6,21,262,1,74,18186,1472,Medium,8.7
2466,YouTube,26-35,Female,Brazil,Tablet,Mobile Data,Free,Text,4.7,22,743,28,48,12904,3863,Low,3.7
2467,LinkedIn,19-25,Female,USA,Desktop,WiFi,Premium,Text,3.6,8,199,49,7,38009,2482,Low,6.8
2468,Instagram,46-60,Female,Brazil,Mobile,WiFi,Premium,Text,3.2,13,65,169,133,56824,3558,Medium,5.2
2469,Instagram,13-18,Other,UK,Mobile,Mobile Data,Free,Video,2.3,36,134,85,111,28300,389,Low,0.5
2470,Pinterest,36-45,Other,Brazil,Tablet,WiFi,Premium,Image,5.2,27,476,182,74,4046,2229,High,9.3
2471,Reddit,60+,Other,Japan,Desktop,Mobile Data,Free,Video,5.4,29,524,14,9,91531,938,Medium,3.8
2472,Pinterest,36-45,Other,Brazil,Mobile,Mobile Data,Free,Text,1.1,9,16,114,137,76353,368,High,2.4
2473,Pinterest,46-60,Other,UAE,Desktop,Mobile Data,Premium,Mixed,2.8,38,427,30,41,18770,3064,High,7.4
2474,Facebook,13-18,Other,Brazil,Tablet,WiFi,Free,Image,2.2,26,223,7,92,45001,4714,Medium,3.5
2475,YouTube,26-35,Other,USA,Mobile,WiFi,Premium,Image,1.5,26,436,155,13,55128,3463,Low,8.9
2476,Pinterest,36-45,Female,India,Mobile,Mobile Data,Premium,Video,3.4,31,276,76,120,11598,2486,High,1.8
2477,Reddit,13-18,Female,Brazil,Mobile,Mobile Data,Premium,Video,5.3,25,632,113,28,44001,1767,High,7.6
2478,TikTok,46-60,Female,UAE,Mobile,WiFi,Free,Video,2.5,3,7,129,45,4758,3310,Medium,7.5
2479,TikTok,46-60,Female,Singapore,Mobile,WiFi,Free,Video,2.2,39,761,138,43,95867,4020,High,8.4
2480,LinkedIn,46-60,Other,Japan,Desktop,WiFi,Premium,Mixed,3.4,13,350,196,35,63845,4991,Medium,4.3
2481,Twitter,26-35,Male,Brazil,Tablet,WiFi,Free,Mixed,5.4,40,375,39,109,37565,2077,Low,7.7
2482,Reddit,60+,Other,Japan,Tablet,WiFi,Free,Video,1.0,22,148,71,133,47550,487,Medium,6.3
2483,Facebook,19-25,Female,Australia,Tablet,WiFi,Premium,Mixed,0.5,1,472,77,14,30716,4917,Medium,0.9
2484,Facebook,19-25,Female,Australia,Mobile,WiFi,Premium,Text,4.3,7,40,46,133,33978,3347,Low,4.6
2485,Pinterest,60+,Female,Canada,Desktop,Mobile Data,Free,Image,2.1,32,16,68,124,59513,3793,Low,3.9
2486,Twitter,46-60,Other,UAE,Mobile,WiFi,Free,Mixed,5.3,7,83,98,63,539,184,Medium,9.4
2487,Pinterest,26-35,Male,UK,Tablet,Mobile Data,Premium,Image,3.5,17,423,35,133,64203,727,High,4.8
2488,Reddit,26-35,Male,UAE,Mobile,Mobile Data,Free,Mixed,1.2,13,522,144,81,19346,4122,Low,1.9
2489,TikTok,60+,Male,Brazil,Mobile,WiFi,Free,Image,1.7,10,442,23,72,46796,2032,High,5.6
2490,Instagram,26-35,Female,Brazil,Desktop,WiFi,Free,Image,0.5,7,627,31,69,8238,2407,High,5.5
2491,Snapchat,26-35,Other,UAE,Mobile,WiFi,Free,Video,3.0,21,707,116,94,54657,4413,Medium,10.0
2492,Pinterest,36-45,Male,UK,Tablet,Mobile Data,Free,Video,0.6,1,207,47,108,41320,3475,Medium,5.8
2493,Pinterest,19-25,Other,Australia,Tablet,Mobile Data,Premium,Video,1.6,12,84,114,97,84315,1476,High,6.2
2494,Facebook,36-45,Female,Germany,Desktop,Mobile Data,Premium,Image,3.4,3,763,145,150,39752,4721,Low,0.9
2495,TikTok,19-25,Male,Germany,Tablet,Mobile Data,Premium,Image,2.3,32,200,198,20,81032,3942,High,1.8
2496,Facebook,19-25,Female,Japan,Tablet,Mobile Data,Free,Mixed,3.0,20,646,70,117,72298,4735,High,8.0
2497,Pinterest,60+,Female,Japan,Mobile,WiFi,Premium,Text,1.4,11,618,100,22,837,4099,Medium,7.8
2498,YouTube,13-18,Female,UAE,Mobile,Mobile Data,Premium,Text,5.2,6,165,27,145,50105,3299,Low,5.8
2499,Pinterest,36-45,Other,UK,Desktop,Mobile Data,Free,Mixed,4.9,14,207,155,106,8080,3467,High,3.1
2500,Instagram,19-25,Other,Germany,Tablet,WiFi,Premium,Image,0.4,40,439,44,61,18126,148,Medium,2.2
2501,Snapchat,46-60,Male,USA,Tablet,WiFi,Free,Text,0.9,25,24,160,81,88143,2283,High,5.7
2502,YouTube,26-35,Female,Singapore,Mobile,Mobile Data,Free,Text,2.6,11,712,167,59,3948,4894,Low,6.5
2503,TikTok,13-18,Female,India,Desktop,Mobile Data,Free,Video,5.5,22,725,58,136,92891,2414,High,1.6
2504,YouTube,26-35,Female,Brazil,Tablet,WiFi,Free,Video,4.0,8,225,24,148,58001,4437,High,8.4
2505,Facebook,19-25,Male,Singapore,Tablet,WiFi,Free,Mixed,4.8,36,795,22,80,90428,388,Low,8.4
2506,Facebook,19-25,Male,Canada,Tablet,Mobile Data,Premium,Video,2.0,33,361,198,114,54584,3030,High,7.5
2507,Pinterest,19-25,Male,UK,Tablet,Mobile Data,Premium,Mixed,5.6,8,143,83,84,73634,1745,Medium,6.5
2508,Twitter,36-45,Male,Canada,Desktop,Mobile Data,Premium,Image,1.0,21,381,85,142,56115,1274,High,9.6
2509,LinkedIn,60+,Other,USA,Tablet,WiFi,Free,Mixed,3.8,17,658,47,19,53459,3488,Medium,6.1
2510,Pinterest,19-25,Female,India,Tablet,Mobile Data,Premium,Mixed,2.5,2,512,112,150,22910,4568,Medium,3.3
2511,Snapchat,13-18,Other,Japan,Mobile,WiFi,Premium,Mixed,4.4,30,96,44,79,54564,4172,High,0.6
2512,LinkedIn,19-25,Male,Japan,Tablet,Mobile Data,Premium,Mixed,4.9,32,250,88,129,54105,4265,Low,8.6
2513,YouTube,36-45,Female,UK,Tablet,WiFi,Premium,Text,3.8,1,565,90,115,30021,4247,Low,6.2
2514,Reddit,46-60,Male,Japan,Tablet,WiFi,Premium,Image,3.4,7,267,138,56,1144,4894,Medium,6.1
2515,LinkedIn,13-18,Female,Singapore,Tablet,WiFi,Premium,Text,3.5,38,699,91,107,44485,4412,Low,5.7
2516,Pinterest,60+,Male,Canada,Desktop,Mobile Data,Premium,Text,4.1,13,651,149,135,11213,105,Low,4.1
2517,Snapchat,13-18,Female,Canada,Tablet,WiFi,Free,Mixed,1.9,16,772,62,26,19995,3990,Medium,4.6
2518,YouTube,19-25,Female,Germany,Mobile,WiFi,Premium,Text,4.9,23,190,84,47,69990,4178,Medium,2.1
2519,LinkedIn,26-35,Other,UK,Mobile,Mobile Data,Premium,Mixed,2.2,3,516,83,29,54741,413,Medium,8.3
2520,Pinterest,13-18,Male,USA,Tablet,WiFi,Free,Mixed,3.9,25,334,122,150,58788,4590,Low,4.3
2521,Pinterest,13-18,Female,Germany,Tablet,Mobile Data,Premium,Text,0.3,20,537,83,77,68396,3897,Medium,4.0
2522,Twitter,26-35,Female,Germany,Mobile,WiFi,Premium,Mixed,1.6,28,283,121,50,24289,1612,Low,2.3
2523,Reddit,36-45,Male,Canada,Desktop,Mobile Data,Free,Text,3.8,9,249,11,1,76473,3181,High,8.7
2524,Snapchat,36-45,Female,Singapore,Tablet,Mobile Data,Premium,Text,1.2,23,242,176,62,31087,1108,Medium,3.9
2525,TikTok,26-35,Female,Australia,Mobile,Mobile Data,Premium,Mixed,3.5,22,507,18,146,45699,2841,Medium,9.3
2526,YouTube,36-45,Female,Japan,Mobile,Mobile Data,Premium,Image,5.2,33,439,157,112,73444,4830,Medium,2.3
2527,LinkedIn,13-18,Male,Singapore,Desktop,WiFi,Free,Video,2.6,27,514,184,16,94944,4802,High,8.3
2528,Reddit,36-45,Male,Germany,Tablet,Mobile Data,Free,Video,5.0,39,484,148,148,3337,3470,Medium,6.1
2529,YouTube,36-45,Other,India,Desktop,Mobile Data,Premium,Mixed,4.9,38,519,61,142,93630,2818,High,6.2
2530,Snapchat,13-18,Male,India,Tablet,Mobile Data,Premium,Text,4.1,14,518,159,82,88595,1933,High,3.7
2531,LinkedIn,19-25,Other,Germany,Mobile,WiFi,Premium,Image,1.4,7,638,28,74,95958,3144,High,6.1
2532,LinkedIn,36-45,Female,Germany,Mobile,Mobile Data,Premium,Video,1.4,15,276,41,10,47266,249,Medium,1.9
2533,Reddit,26-35,Male,Singapore,Mobile,Mobile Data,Premium,Mixed,0.4,17,302,138,79,10761,2620,High,5.1
2534,Instagram,36-45,Female,UAE,Desktop,WiFi,Free,Video,2.7,9,660,50,138,13414,887,Low,5.2
2535,Facebook,26-35,Other,Singapore,Mobile,Mobile Data,Free,Mixed,2.8,24,798,193,69,31811,4504,Low,8.8
2536,Reddit,60+,Male,Brazil,Mobile,Mobile Data,Premium,Video,2.3,36,341,144,49,5803,3303,Low,4.2
2537,Instagram,36-45,Other,UK,Tablet,WiFi,Premium,Video,1.8,26,367,120,106,29656,4667,High,3.8
2538,TikTok,26-35,Male,Australia,Desktop,WiFi,Premium,Image,3.1,1,417,3,29,73914,4874,High,3.6
2539,Twitter,26-35,Other,Singapore,Tablet,WiFi,Free,Video,3.1,40,340,49,98,84134,1333,Medium,2.8
2540,Instagram,13-18,Female,Germany,Desktop,Mobile Data,Free,Text,4.5,37,527,14,83,14924,2823,High,3.9
2541,Snapchat,13-18,Male,Canada,Mobile,WiFi,Premium,Mixed,0.9,11,703,167,47,71799,507,Low,3.2
2542,Reddit,13-18,Female,Canada,Mobile,Mobile Data,Premium,Image,3.2,26,666,154,110,99793,3294,Medium,4.6
2543,LinkedIn,60+,Female,Germany,Desktop,WiFi,Premium,Text,3.4,20,103,89,62,37418,2382,Medium,9.7
2544,Twitter,19-25,Other,Australia,Desktop,Mobile Data,Free,Mixed,2.9,24,55,158,88,71369,2070,Medium,6.1
2545,Facebook,46-60,Male,Germany,Tablet,Mobile Data,Free,Image,3.3,22,717,157,83,71016,3753,High,6.4
2546,Snapchat,36-45,Other,India,Tablet,WiFi,Free,Text,2.8,21,482,28,11,23397,3259,Low,2.4
2547,TikTok,46-60,Male,USA,Desktop,Mobile Data,Free,Image,1.1,18,374,26,115,92781,2695,High,1.4
2548,Instagram,13-18,Female,Brazil,Desktop,WiFi,Premium,Text,4.2,32,363,104,130,73268,3122,High,1.2
2549,Reddit,46-60,Female,UK,Tablet,Mobile Data,Free,Image,2.2,8,581,200,65,39113,4563,Low,8.4
2550,Facebook,46-60,Other,UK,Mobile,WiFi,Premium,Mixed,6.0,20,184,20,126,59564,3187,High,9.6
2551,Instagram,46-60,Other,Singapore,Tablet,WiFi,Free,Text,1.0,10,721,58,146,9449,3431,High,1.7
2552,Facebook,60+,Female,UAE,Desktop,WiFi,Premium,Image,5.5,13,6,50,136,73115,2604,High,9.6
2553,Reddit,46-60,Other,India,Mobile,WiFi,Premium,Image,1.4,16,677,154,66,25357,3979,Medium,8.8
2554,Pinterest,60+,Other,USA,Desktop,Mobile Data,Premium,Video,3.0,26,42,77,20,1846,1272,Low,5.6
2555,Snapchat,19-25,Other,Australia,Tablet,WiFi,Free,Mixed,1.3,18,136,139,113,71345,673,High,2.9
2556,Reddit,36-45,Female,Germany,Tablet,Mobile Data,Premium,Video,3.5,16,412,145,80,74898,2608,Low,9.3
2557,Reddit,13-18,Male,Australia,Tablet,Mobile Data,Premium,Text,1.6,30,727,80,134,87412,3641,Low,7.7
2558,Twitter,36-45,Other,Germany,Desktop,Mobile Data,Free,Video,0.5,28,124,85,93,41204,2951,Medium,5.6
2559,Instagram,60+,Female,Canada,Desktop,Mobile Data,Premium,Text,2.9,4,21,162,46,68268,1042,Medium,8.4
2560,Snapchat,46-60,Other,USA,Tablet,Mobile Data,Premium,Mixed,0.5,23,18,147,30,95031,2637,High,6.9
2561,YouTube,36-45,Male,Canada,Mobile,WiFi,Free,Text,5.1,21,172,85,26,47630,1678,High,1.7
2562,TikTok,19-25,Other,Germany,Tablet,WiFi,Premium,Text,2.0,17,527,115,121,79208,1708,High,3.6
2563,TikTok,19-25,Female,Canada,Desktop,Mobile Data,Premium,Video,4.5,24,148,73,130,64855,650,Medium,2.5
2564,TikTok,26-35,Other,USA,Mobile,Mobile Data,Premium,Mixed,4.9,10,689,148,29,63568,3136,Medium,1.3
2565,Snapchat,36-45,Female,UAE,Desktop,WiFi,Premium,Image,2.9,2,429,80,37,33134,107,Medium,8.9
2566,Pinterest,26-35,Female,USA,Tablet,WiFi,Premium,Video,5.7,26,451,200,121,22092,2783,Low,6.1
2567,LinkedIn,46-60,Male,UAE,Mobile,Mobile Data,Premium,Mixed,3.2,23,347,185,8,23555,1659,High,7.5
2568,Pinterest,36-45,Other,UAE,Tablet,Mobile Data,Premium,Image,2.1,23,623,86,72,36203,223,High,2.3
2569,TikTok,60+,Female,Germany,Mobile,Mobile Data,Free,Mixed,4.7,11,777,3,39,83958,4898,Medium,8.6
2570,YouTube,19-25,Male,UAE,Mobile,WiFi,Premium,Video,3.7,7,270,199,101,85732,2457,Medium,8.9
2571,LinkedIn,19-25,Other,Japan,Mobile,WiFi,Premium,Mixed,2.4,31,567,135,118,31663,542,High,5.0
2572,Twitter,13-18,Other,UAE,Tablet,Mobile Data,Free,Video,2.2,7,528,71,114,95834,2804,Medium,4.2
2573,Snapchat,60+,Male,UAE,Desktop,Mobile Data,Premium,Text,2.2,4,526,34,73,40780,4143,High,2.7
2574,Facebook,26-35,Male,India,Mobile,Mobile Data,Premium,Image,3.2,39,609,110,16,26427,605,Low,5.1
2575,YouTube,36-45,Male,Singapore,Tablet,WiFi,Premium,Mixed,4.7,12,127,64,49,60785,2410,Low,0.5
2576,Pinterest,60+,Female,Canada,Tablet,WiFi,Free,Image,3.5,13,491,181,143,38163,274,Low,6.4
2577,Twitter,19-25,Female,Australia,Tablet,Mobile Data,Free,Text,0.3,31,734,154,38,88852,3770,High,2.0
2578,Twitter,13-18,Other,India,Mobile,Mobile Data,Free,Text,2.9,11,181,158,85,59055,1344,Low,8.5
2579,Twitter,26-35,Other,UK,Mobile,Mobile Data,Free,Image,3.5,25,490,105,75,51337,584,Low,5.0
2580,Twitter,36-45,Other,Germany,Mobile,WiFi,Premium,Mixed,1.9,15,448,44,81,39611,1277,High,4.4
2581,YouTube,60+,Other,India,Mobile,Mobile Data,Free,Mixed,3.3,15,700,98,106,44590,2855,Low,4.5
2582,Instagram,13-18,Male,Canada,Desktop,WiFi,Premium,Video,2.4,29,579,38,45,64564,4863,High,4.7
2583,YouTube,60+,Other,Canada,Mobile,Mobile Data,Premium,Image,3.6,12,481,126,137,53944,3016,Medium,1.8
2584,YouTube,26-35,Male,Japan,Tablet,WiFi,Free,Video,2.8,34,751,46,4,62066,4681,High,1.0
2585,Facebook,36-45,Other,Japan,Tablet,WiFi,Free,Text,2.7,28,6,82,106,55934,488,Low,5.8
2586,Instagram,46-60,Other,USA,Tablet,Mobile Data,Premium,Image,3.1,13,323,122,15,11825,2332,Medium,2.5
2587,Facebook,46-60,Other,Japan,Mobile,Mobile Data,Premium,Mixed,5.2,2,392,143,142,53940,4744,Low,6.4
2588,Pinterest,60+,Male,Canada,Desktop,WiFi,Premium,Text,2.3,13,67,52,116,89240,1276,Medium,6.7
2589,Reddit,60+,Other,Brazil,Mobile,Mobile Data,Free,Image,0.8,18,344,26,43,50746,3305,High,1.1
2590,TikTok,60+,Other,Singapore,Tablet,Mobile Data,Premium,Text,0.6,35,794,28,53,24078,4903,Low,2.0
2591,Snapchat,26-35,Male,Canada,Desktop,WiFi,Free,Text,3.9,12,308,55,103,98714,993,High,3.5
2592,Instagram,60+,Male,UAE,Tablet,Mobile Data,Free,Text,5.7,40,475,35,68,3758,4380,High,2.8
2593,Snapchat,36-45,Male,Canada,Tablet,Mobile Data,Premium,Text,1.1,0,494,20,55,17953,3691,Medium,9.0
2594,Instagram,36-45,Female,Canada,Tablet,Mobile Data,Free,Video,1.0,23,304,192,46,94165,4120,Medium,4.9
2595,TikTok,46-60,Female,UK,Desktop,Mobile Data,Premium,Text,2.4,22,185,31,44,77407,2074,Medium,7.0
2596,LinkedIn,13-18,Male,USA,Desktop,Mobile Data,Premium,Video,2.5,11,708,45,81,31457,2443,Low,6.8
2597,Facebook,19-25,Male,UAE,Mobile,Mobile Data,Premium,Image,3.5,19,317,78,127,49651,2413,Low,6.7
2598,Pinterest,13-18,Other,USA,Mobile,WiFi,Premium,Video,0.6,12,233,136,48,69685,1575,Medium,6.6
2599,Twitter,26-35,Other,UAE,Desktop,WiFi,Free,Video,3.4,18,233,58,52,40281,59,Medium,2.8
2600,LinkedIn,13-18,Female,Brazil,Desktop,WiFi,Premium,Video,4.5,21,346,122,112,76788,3058,Medium,0.5
2601,Instagram,19-25,Male,USA,Mobile,WiFi,Premium,Mixed,2.0,15,62,6,131,76974,3254,High,8.1
2602,Twitter,19-25,Female,UAE,Tablet,Mobile Data,Premium,Mixed,4.3,18,248,140,85,55749,2432,Medium,9.4
2603,Reddit,46-60,Other,USA,Desktop,WiFi,Premium,Image,3.2,6,227,110,9,4438,2353,Low,9.3
2604,TikTok,60+,Male,Brazil,Mobile,Mobile Data,Premium,Video,2.6,21,328,109,18,46597,1946,Medium,5.0
2605,YouTube,36-45,Other,Brazil,Desktop,Mobile Data,Free,Image,3.9,39,679,53,142,70659,1418,Medium,7.0
2606,YouTube,46-60,Male,Japan,Tablet,WiFi,Free,Mixed,3.7,39,87,74,79,43410,1292,High,1.3
2607,Instagram,19-25,Female,Australia,Tablet,Mobile Data,Premium,Text,2.1,6,546,105,29,31782,916,High,4.1
2608,TikTok,13-18,Male,Brazil,Mobile,WiFi,Premium,Text,4.3,28,149,58,28,69654,1761,Medium,3.3
2609,TikTok,26-35,Other,Singapore,Desktop,Mobile Data,Free,Mixed,0.3,26,385,178,111,59547,3515,High,3.2
2610,TikTok,46-60,Female,Canada,Mobile,Mobile Data,Free,Video,5.9,40,17,4,16,87942,521,High,1.6
2611,YouTube,36-45,Male,UK,Mobile,WiFi,Free,Video,3.2,20,135,97,61,7435,234,Low,9.0
2612,TikTok,36-45,Other,Germany,Desktop,Mobile Data,Premium,Mixed,5.2,23,42,153,87,57403,92,Medium,1.6
2613,TikTok,36-45,Female,Japan,Tablet,WiFi,Free,Text,1.6,13,50,74,40,98206,643,Low,5.3
2614,Facebook,36-45,Female,UAE,Tablet,WiFi,Premium,Image,4.2,15,748,36,63,63987,3575,High,5.4
2615,Twitter,60+,Female,Australia,Desktop,Mobile Data,Premium,Video,4.6,13,394,132,102,16844,1525,Low,6.3
2616,Snapchat,60+,Male,Singapore,Desktop,Mobile Data,Free,Text,0.6,28,634,63,57,48936,2342,High,7.2
2617,LinkedIn,60+,Other,UAE,Mobile,Mobile Data,Free,Image,5.3,7,720,200,123,78169,1352,Low,8.5
2618,Reddit,19-25,Other,Singapore,Mobile,Mobile Data,Premium,Text,3.4,3,355,26,22,54474,3962,Low,2.2
2619,Reddit,46-60,Other,USA,Tablet,WiFi,Free,Video,5.1,13,176,45,136,94122,301,Low,9.4
2620,YouTube,36-45,Male,Australia,Mobile,Mobile Data,Free,Mixed,0.9,9,230,41,108,11035,3437,Low,3.5
2621,Pinterest,46-60,Male,Singapore,Desktop,WiFi,Premium,Image,1.4,22,616,182,80,52737,439,Low,1.1
2622,TikTok,36-45,Male,Canada,Desktop,Mobile Data,Free,Image,0.3,29,611,11,74,42403,2415,High,4.5
2623,Instagram,26-35,Male,Japan,Tablet,Mobile Data,Free,Video,4.5,25,370,112,100,8120,328,Low,2.2
2624,Snapchat,36-45,Male,UAE,Mobile,WiFi,Free,Mixed,6.0,15,588,45,58,95581,3708,Low,3.9
2625,YouTube,19-25,Male,UAE,Tablet,WiFi,Premium,Video,2.7,32,752,166,82,71033,4742,High,8.2
2626,Instagram,26-35,Female,Germany,Desktop,Mobile Data,Free,Text,3.7,0,186,117,5,2689,2187,Medium,3.9
2627,Reddit,36-45,Female,Singapore,Desktop,WiFi,Premium,Image,5.8,2,692,154,14,24260,2061,Medium,5.1
2628,YouTube,19-25,Other,Singapore,Mobile,WiFi,Free,Mixed,0.6,35,493,0,85,35048,2987,Low,4.4
2629,Pinterest,13-18,Female,Australia,Tablet,Mobile Data,Premium,Text,4.0,2,243,21,102,4133,2174,High,5.8
2630,YouTube,60+,Male,UAE,Desktop,Mobile Data,Premium,Image,0.6,39,543,200,25,33179,2475,Medium,8.9
2631,LinkedIn,26-35,Male,Australia,Mobile,Mobile Data,Free,Video,4.2,9,788,116,93,63356,2905,High,4.7
2632,LinkedIn,26-35,Other,USA,Desktop,Mobile Data,Free,Video,2.7,17,782,165,150,34723,4034,Low,0.9
2633,Pinterest,19-25,Other,UAE,Mobile,Mobile Data,Free,Video,5.7,21,582,77,69,69634,4925,Low,4.0
2634,YouTube,60+,Female,India,Tablet,Mobile Data,Premium,Image,0.8,29,56,136,7,80781,4617,Medium,8.2
2635,Facebook,19-25,Female,Canada,Mobile,Mobile Data,Free,Mixed,1.3,6,160,117,11,73937,4290,Medium,7.3
2636,Twitter,19-25,Male,USA,Tablet,WiFi,Premium,Text,4.8,38,262,11,69,97785,4526,High,3.5
2637,Snapchat,13-18,Male,UK,Desktop,Mobile Data,Free,Mixed,1.8,36,642,125,11,84052,1489,High,5.1
2638,LinkedIn,46-60,Male,Australia,Desktop,Mobile Data,Premium,Image,3.1,10,509,42,47,34912,4093,Medium,5.5
2639,LinkedIn,13-18,Female,Australia,Desktop,WiFi,Premium,Image,0.7,1,353,110,148,97223,3484,Low,2.9
2640,Facebook,60+,Male,UAE,Tablet,WiFi,Premium,Image,3.4,16,101,39,111,5355,504,High,9.6
2641,Snapchat,36-45,Male,UK,Tablet,Mobile Data,Premium,Video,4.7,33,80,104,76,24768,3956,Low,8.9
2642,Snapchat,13-18,Female,Germany,Mobile,WiFi,Free,Image,4.9,27,155,175,88,72280,1205,Low,4.8
2643,Facebook,46-60,Female,Japan,Mobile,Mobile Data,Free,Image,2.2,28,119,113,10,61736,3207,Medium,5.2
2644,Twitter,19-25,Female,UK,Tablet,Mobile Data,Premium,Image,6.0,31,346,146,128,7948,4412,High,9.5
2645,YouTube,60+,Male,UAE,Mobile,WiFi,Premium,Image,4.7,3,632,189,102,44141,1367,Low,9.5
2646,Facebook,26-35,Other,USA,Tablet,Mobile Data,Premium,Text,4.6,36,779,164,143,57792,2183,Medium,5.5
2647,Facebook,60+,Other,Canada,Desktop,Mobile Data,Free,Mixed,5.9,26,677,62,30,16517,2974,Low,1.8
2648,YouTube,19-25,Other,Germany,Tablet,WiFi,Premium,Image,1.4,36,109,41,128,12456,4263,High,8.1
2649,Twitter,13-18,Male,Singapore,Desktop,WiFi,Premium,Video,0.7,35,617,122,115,85831,1411,Medium,2.7
2650,Snapchat,26-35,Male,UK,Mobile,WiFi,Premium,Image,2.3,18,527,47,114,1114,4764,Medium,2.5
2651,YouTube,36-45,Female,India,Tablet,Mobile Data,Free,Image,4.9,29,508,87,87,574,2017,Low,7.6
2652,TikTok,60+,Female,Germany,Mobile,WiFi,Free,Image,3.0,9,221,41,84,81250,4548,High,9.5
2653,Facebook,26-35,Male,Canada,Mobile,Mobile Data,Free,Video,4.2,13,380,80,31,4640,2522,Medium,3.7
2654,TikTok,26-35,Male,India,Mobile,Mobile Data,Free,Video,5.2,9,221,176,116,13423,2419,Medium,0.9
2655,Snapchat,13-18,Male,UAE,Desktop,WiFi,Premium,Video,0.9,18,359,106,135,66516,331,High,9.8
2656,Pinterest,13-18,Other,Canada,Tablet,Mobile Data,Free,Mixed,3.9,20,477,81,85,69180,71,Low,3.1
2657,YouTube,46-60,Male,Germany,Mobile,WiFi,Premium,Image,5.3,7,229,11,28,67530,4594,High,9.3
2658,Twitter,26-35,Other,Australia,Tablet,WiFi,Premium,Mixed,2.6,14,488,101,88,6669,1446,Low,7.9
2659,Pinterest,46-60,Male,Germany,Mobile,Mobile Data,Premium,Video,0.5,16,597,101,43,81544,1236,Medium,3.9
2660,Instagram,60+,Male,India,Mobile,WiFi,Premium,Text,3.8,32,515,136,89,39899,767,Medium,0.6
2661,TikTok,36-45,Female,India,Desktop,WiFi,Premium,Image,4.5,29,337,107,59,64209,2531,Medium,0.8
2662,Facebook,26-35,Female,Japan,Desktop,WiFi,Premium,Text,5.7,30,458,165,14,467,4296,High,6.9
2663,Facebook,46-60,Female,Japan,Mobile,WiFi,Free,Text,4.8,16,311,81,37,58185,4254,Low,3.5
2664,TikTok,60+,Male,USA,Tablet,Mobile Data,Premium,Mixed,3.7,38,152,93,148,7623,1174,Low,8.6
2665,Snapchat,36-45,Other,Germany,Tablet,WiFi,Free,Video,1.1,37,502,19,122,10719,1093,High,1.1
2666,Pinterest,26-35,Male,USA,Mobile,WiFi,Free,Mixed,2.9,25,380,194,90,64900,537,Medium,6.2
2667,LinkedIn,36-45,Other,Germany,Desktop,Mobile Data,Free,Video,0.8,14,152,194,81,23047,3700,Medium,0.7
2668,Twitter,26-35,Male,Australia,Mobile,WiFi,Free,Video,0.4,18,436,62,95,80435,727,Medium,9.3
2669,Instagram,19-25,Other,Singapore,Tablet,Mobile Data,Free,Video,0.6,4,357,86,25,16998,3012,High,7.9
2670,Twitter,19-25,Male,Japan,Tablet,Mobile Data,Premium,Video,0.9,17,596,97,7,22328,4909,High,3.1
2671,TikTok,46-60,Other,USA,Tablet,Mobile Data,Free,Video,3.1,20,340,110,43,93666,859,Medium,9.5
2672,LinkedIn,36-45,Female,Germany,Desktop,WiFi,Free,Video,0.7,10,717,5,19,77210,3600,High,8.5
2673,LinkedIn,36-45,Other,Brazil,Desktop,WiFi,Premium,Image,5.1,16,79,77,14,95045,4710,Medium,3.7
2674,TikTok,46-60,Other,Japan,Desktop,Mobile Data,Premium,Mixed,5.9,36,454,15,25,97092,4191,Medium,6.1
2675,Pinterest,60+,Female,Singapore,Desktop,WiFi,Premium,Text,4.0,0,648,94,105,9335,529,Low,2.1
2676,YouTube,36-45,Female,Germany,Tablet,WiFi,Premium,Text,5.2,19,6,149,86,7878,3101,Low,9.0
2677,Pinterest,36-45,Female,USA,Mobile,Mobile Data,Free,Text,0.9,15,597,98,12,10869,2227,High,6.2
2678,TikTok,36-45,Other,Brazil,Desktop,Mobile Data,Premium,Text,5.2,14,2,106,85,40603,2344,Medium,5.0
2679,Pinterest,36-45,Female,UK,Tablet,WiFi,Premium,Mixed,4.0,4,157,66,73,60205,4748,High,2.4
2680,Instagram,13-18,Other,Singapore,Desktop,Mobile Data,Premium,Text,2.9,6,399,38,143,84890,3764,High,7.2
2681,Snapchat,46-60,Female,UK,Mobile,WiFi,Free,Text,4.6,24,663,114,78,77519,1326,Medium,3.2
2682,Pinterest,13-18,Female,India,Desktop,Mobile Data,Free,Image,3.4,27,2,196,31,5659,3466,Medium,4.5
2683,LinkedIn,46-60,Female,Japan,Tablet,WiFi,Free,Text,1.0,16,525,148,96,62322,3285,Medium,7.1
2684,LinkedIn,46-60,Female,Brazil,Mobile,WiFi,Premium,Mixed,2.9,2,526,144,146,69764,2381,Low,7.6
2685,Twitter,36-45,Other,Singapore,Tablet,Mobile Data,Free,Image,3.4,14,790,99,35,21019,2155,High,3.6
2686,Snapchat,26-35,Other,Germany,Mobile,Mobile Data,Free,Mixed,2.4,5,189,28,118,12027,2990,Low,3.1
2687,Twitter,60+,Male,Canada,Desktop,WiFi,Free,Mixed,1.3,2,286,54,28,90101,1665,Low,5.1
2688,Instagram,13-18,Other,Japan,Desktop,Mobile Data,Premium,Mixed,3.7,39,264,62,64,92228,3632,Low,6.5
2689,YouTube,36-45,Female,Brazil,Tablet,WiFi,Premium,Image,5.0,18,317,182,4,62723,3048,Low,3.0
2690,LinkedIn,13-18,Female,Germany,Desktop,Mobile Data,Free,Video,6.0,29,288,115,75,32117,3984,Medium,6.6
2691,Reddit,19-25,Female,Canada,Tablet,WiFi,Premium,Video,3.7,26,479,40,104,39546,4106,Low,8.0
2692,Pinterest,46-60,Other,Australia,Mobile,WiFi,Free,Text,5.9,35,646,178,114,10002,549,Low,4.0
2693,Facebook,46-60,Other,Germany,Tablet,Mobile Data,Free,Mixed,3.3,1,532,145,90,29875,4978,Low,9.4
2694,Reddit,13-18,Male,Singapore,Tablet,WiFi,Free,Text,1.6,2,598,15,117,39503,336,Low,2.1
2695,Snapchat,46-60,Female,India,Desktop,Mobile Data,Premium,Mixed,1.7,30,42,157,20,68276,2361,Low,5.8
2696,Instagram,60+,Male,India,Desktop,Mobile Data,Premium,Video,5.7,27,549,186,119,61065,80,Low,6.6
2697,Reddit,60+,Other,Canada,Mobile,WiFi,Premium,Mixed,0.6,21,225,140,115,306,4210,Low,7.7
2698,LinkedIn,26-35,Other,USA,Mobile,WiFi,Premium,Video,3.4,2,4,162,97,73579,4583,Low,8.1
2699,Snapchat,46-60,Male,Canada,Mobile,WiFi,Free,Mixed,3.0,30,543,12,30,56505,3448,High,6.5
2700,LinkedIn,13-18,Female,India,Desktop,Mobile Data,Free,Video,2.3,9,52,37,42,23150,2455,Medium,1.0
2701,YouTube,13-18,Male,Australia,Desktop,WiFi,Premium,Text,5.4,34,397,8,36,92818,189,Low,5.2
2702,LinkedIn,13-18,Other,Singapore,Desktop,Mobile Data,Premium,Mixed,3.3,40,514,180,55,32469,739,Low,4.3
2703,Reddit,46-60,Male,Australia,Mobile,Mobile Data,Free,Text,1.8,25,77,34,26,68070,3186,Low,2.2
2704,YouTube,19-25,Male,Canada,Tablet,WiFi,Premium,Text,2.6,26,783,14,11,1686,4633,Low,9.1
2705,Twitter,26-35,Male,USA,Mobile,WiFi,Premium,Image,1.5,8,592,102,51,7925,1659,High,5.9
2706,Pinterest,36-45,Male,Brazil,Tablet,WiFi,Free,Image,2.7,3,629,89,12,66002,625,Low,1.1
2707,Facebook,19-25,Male,India,Mobile,WiFi,Premium,Image,5.0,4,308,123,95,5911,4804,Medium,9.1
2708,Facebook,46-60,Male,Japan,Tablet,Mobile Data,Premium,Image,3.7,3,550,113,94,22853,756,Low,5.7
2709,Pinterest,26-35,Male,Germany,Mobile,Mobile Data,Premium,Video,3.5,30,247,185,127,8543,3671,High,4.7
2710,Twitter,60+,Female,Canada,Tablet,Mobile Data,Premium,Video,1.9,37,97,71,108,6909,1985,Medium,9.8
2711,Facebook,26-35,Other,India,Tablet,Mobile Data,Premium,Video,5.3,8,197,21,16,66966,3578,High,5.4
2712,Reddit,60+,Female,Singapore,Desktop,WiFi,Free,Text,4.0,0,377,33,135,49225,701,Medium,9.5
2713,TikTok,60+,Male,Brazil,Mobile,WiFi,Premium,Mixed,0.7,38,423,10,56,90733,204,Low,0.5
2714,Pinterest,60+,Other,UAE,Tablet,Mobile Data,Premium,Image,0.2,31,670,5,11,90468,2978,Low,5.2
2715,Reddit,26-35,Other,Australia,Mobile,Mobile Data,Premium,Text,1.6,37,398,198,130,49621,3774,Low,4.1
2716,Instagram,36-45,Female,UK,Mobile,Mobile Data,Premium,Image,5.3,6,497,27,112,66070,2031,Medium,6.7
2717,Snapchat,26-35,Male,UAE,Tablet,WiFi,Free,Mixed,3.1,38,264,67,4,38349,3827,Medium,5.4
2718,Facebook,36-45,Other,Australia,Desktop,Mobile Data,Premium,Video,3.4,11,550,177,55,12718,1097,Low,3.4
2719,Reddit,19-25,Female,Germany,Mobile,Mobile Data,Free,Mixed,5.7,39,204,175,102,17985,3262,Medium,2.2
2720,Snapchat,36-45,Male,Germany,Desktop,Mobile Data,Free,Video,3.5,35,800,177,97,37318,807,Low,2.7
2721,Facebook,60+,Other,Canada,Tablet,Mobile Data,Premium,Image,5.5,1,116,114,24,36498,3900,Medium,8.5
2722,Pinterest,36-45,Male,Brazil,Desktop,WiFi,Free,Mixed,4.5,24,613,167,19,86096,296,Medium,3.2
2723,LinkedIn,60+,Other,Singapore,Tablet,Mobile Data,Premium,Mixed,0.9,1,493,109,25,92582,518,Medium,5.7
2724,Pinterest,19-25,Male,UK,Tablet,WiFi,Premium,Text,5.8,35,345,181,68,88997,4102,Low,8.0
2725,Facebook,46-60,Female,USA,Desktop,Mobile Data,Free,Mixed,1.8,21,741,178,2,32184,1853,High,3.0
2726,Twitter,19-25,Male,Japan,Mobile,WiFi,Free,Mixed,4.4,33,588,117,97,89101,4255,High,4.6
2727,YouTube,60+,Other,Australia,Mobile,Mobile Data,Free,Video,4.1,0,576,145,61,16724,4832,Medium,5.3
2728,YouTube,19-25,Other,Australia,Mobile,WiFi,Free,Mixed,4.8,15,662,141,48,50726,1152,High,4.2
2729,Reddit,36-45,Female,Canada,Desktop,Mobile Data,Free,Video,3.9,3,354,185,101,91352,3044,High,2.5
2730,Twitter,36-45,Other,Brazil,Desktop,WiFi,Free,Video,4.1,34,107,200,36,25434,3954,High,2.6
2731,TikTok,60+,Other,Canada,Mobile,WiFi,Premium,Image,1.4,9,158,146,146,48521,565,Medium,3.9
2732,LinkedIn,46-60,Male,Canada,Desktop,WiFi,Free,Text,3.6,28,160,1,133,55811,4736,Low,4.5
2733,Snapchat,60+,Male,Brazil,Tablet,WiFi,Free,Video,1.4,1,752,17,49,53453,3101,Medium,1.9
2734,Instagram,26-35,Other,Canada,Mobile,Mobile Data,Free,Mixed,3.0,12,392,3,34,86414,968,Low,8.2
2735,Snapchat,26-35,Other,USA,Tablet,WiFi,Free,Mixed,5.2,9,621,29,61,2310,4088,Low,7.1
2736,Pinterest,60+,Male,UAE,Tablet,WiFi,Premium,Text,4.6,28,585,14,53,26107,4800,High,8.4
2737,YouTube,60+,Male,Brazil,Mobile,WiFi,Premium,Image,4.6,6,597,45,9,31483,2148,Medium,3.0
2738,Reddit,60+,Female,Brazil,Mobile,Mobile Data,Free,Image,0.8,26,657,81,114,45784,59,Medium,7.0
2739,LinkedIn,36-45,Male,Canada,Mobile,Mobile Data,Free,Mixed,3.1,31,337,177,86,78791,3780,Medium,1.8
2740,Snapchat,13-18,Female,Japan,Mobile,Mobile Data,Free,Video,0.3,11,78,14,122,98269,227,Medium,2.0
2741,Facebook,60+,Other,Singapore,Desktop,WiFi,Premium,Image,1.5,20,8,59,126,26695,1289,High,5.0
2742,Pinterest,13-18,Other,Brazil,Desktop,WiFi,Premium,Image,3.1,29,317,30,65,6407,4466,High,2.1
2743,LinkedIn,46-60,Male,UAE,Desktop,WiFi,Premium,Image,3.2,34,271,23,87,36981,3327,Medium,6.6
2744,Snapchat,46-60,Female,USA,Tablet,Mobile Data,Premium,Image,1.6,21,2,28,44,62421,3335,Medium,6.8
2745,TikTok,26-35,Male,Brazil,Desktop,Mobile Data,Premium,Mixed,4.9,39,694,103,31,21351,2504,High,7.1
2746,Snapchat,26-35,Male,UK,Desktop,Mobile Data,Free,Text,2.9,3,396,78,74,18813,1453,Low,6.8
2747,YouTube,36-45,Male,Brazil,Mobile,WiFi,Premium,Text,1.4,37,723,25,68,40523,1382,High,5.6
2748,LinkedIn,60+,Female,Germany,Desktop,WiFi,Premium,Video,0.7,32,376,41,80,45937,4013,High,6.5
2749,Reddit,60+,Female,Germany,Tablet,WiFi,Free,Image,3.8,10,151,86,98,87331,2199,Low,4.8
2750,YouTube,26-35,Male,Australia,Desktop,WiFi,Premium,Text,0.6,1,683,82,72,57155,4087,High,8.0
2751,LinkedIn,19-25,Other,India,Mobile,WiFi,Premium,Text,1.6,1,372,161,56,79022,3171,Medium,8.9
2752,YouTube,36-45,Other,Canada,Desktop,WiFi,Free,Text,5.8,6,62,85,23,55724,4663,Medium,1.8
2753,TikTok,19-25,Female,USA,Tablet,WiFi,Premium,Video,2.0,8,742,12,86,24637,3719,Low,8.7
2754,Reddit,46-60,Male,USA,Desktop,Mobile Data,Free,Image,1.6,25,263,138,150,16684,4944,High,4.4
2755,LinkedIn,46-60,Female,Singapore,Tablet,WiFi,Free,Video,0.6,15,18,41,36,97076,3837,Medium,1.4
2756,Instagram,19-25,Male,Brazil,Desktop,Mobile Data,Free,Mixed,2.1,17,787,48,108,77266,899,Medium,3.8
2757,Snapchat,26-35,Other,India,Desktop,Mobile Data,Premium,Video,2.7,0,352,38,137,20246,849,High,8.3
2758,Pinterest,13-18,Other,UK,Tablet,WiFi,Free,Text,2.0,24,406,15,35,51225,4633,High,9.5
2759,Reddit,36-45,Other,Japan,Desktop,WiFi,Free,Video,1.2,40,157,35,30,19607,3038,Medium,5.0
2760,TikTok,13-18,Female,Brazil,Mobile,WiFi,Premium,Video,1.6,36,736,184,53,39203,154,Low,7.3
2761,YouTube,13-18,Other,USA,Tablet,Mobile Data,Free,Video,4.0,39,636,49,63,95369,620,Low,1.0
2762,YouTube,26-35,Male,Singapore,Mobile,Mobile Data,Premium,Mixed,4.6,16,597,98,66,23260,3254,High,2.3
2763,Facebook,46-60,Female,UAE,Desktop,WiFi,Premium,Image,3.9,6,600,163,13,5337,3806,Low,4.3
2764,Snapchat,46-60,Male,Japan,Mobile,Mobile Data,Premium,Text,5.9,2,294,175,70,63445,4348,Low,8.1
2765,Instagram,19-25,Other,India,Mobile,Mobile Data,Free,Video,3.4,15,797,124,104,69459,2546,Low,7.9
2766,Facebook,19-25,Other,UK,Mobile,WiFi,Free,Image,2.4,20,506,196,43,85195,1090,Medium,7.4
2767,TikTok,26-35,Male,Japan,Mobile,Mobile Data,Free,Video,1.8,6,355,142,99,86867,1997,High,2.0
2768,TikTok,60+,Female,Singapore,Desktop,WiFi,Premium,Mixed,4.1,1,607,174,47,66999,1262,Medium,5.1
2769,Reddit,19-25,Male,UK,Desktop,WiFi,Premium,Video,2.0,5,323,152,71,76944,4290,Medium,2.1
2770,Instagram,13-18,Male,Singapore,Desktop,Mobile Data,Premium,Image,1.6,39,104,73,82,26253,4363,Medium,4.9
2771,Reddit,26-35,Other,Australia,Desktop,Mobile Data,Premium,Mixed,4.5,4,565,29,5,25064,2506,High,3.1
2772,YouTube,60+,Female,USA,Tablet,Mobile Data,Premium,Text,1.9,32,562,150,43,8317,1154,Low,9.6
2773,Reddit,46-60,Other,Brazil,Mobile,WiFi,Free,Text,4.9,39,62,38,87,14898,4893,Medium,5.3
2774,Twitter,60+,Male,Australia,Mobile,Mobile Data,Free,Image,1.3,16,778,152,33,68374,2464,Medium,4.7
2775,Reddit,13-18,Other,Germany,Desktop,WiFi,Free,Video,1.5,3,785,97,126,4688,2766,High,2.0
2776,LinkedIn,26-35,Male,Germany,Tablet,WiFi,Premium,Text,2.5,35,316,162,148,51644,1383,High,4.6
2777,Instagram,19-25,Male,Germany,Desktop,Mobile Data,Free,Mixed,4.2,3,174,44,55,60976,2486,Low,2.9
2778,YouTube,13-18,Female,USA,Mobile,WiFi,Free,Image,1.8,16,287,93,56,96083,3249,High,4.4
2779,Snapchat,19-25,Male,USA,Tablet,WiFi,Free,Text,3.8,30,492,147,143,43268,4144,High,8.4
2780,LinkedIn,13-18,Male,Brazil,Desktop,WiFi,Free,Text,2.0,18,351,198,134,14928,4624,High,9.6
2781,LinkedIn,46-60,Other,Singapore,Desktop,WiFi,Free,Image,3.3,2,43,66,128,82992,981,High,1.7
2782,Twitter,19-25,Other,India,Desktop,Mobile Data,Premium,Image,1.8,26,73,133,58,57744,4413,Low,2.9
2783,Snapchat,46-60,Other,Canada,Mobile,WiFi,Premium,Text,3.4,29,528,20,7,89841,4923,Low,1.0
2784,LinkedIn,26-35,Female,Germany,Desktop,Mobile Data,Free,Image,2.4,22,790,24,107,42195,1889,Medium,6.5
2785,TikTok,46-60,Female,Germany,Mobile,Mobile Data,Free,Image,5.5,26,112,45,43,39856,2372,Low,4.5
2786,Facebook,46-60,Female,Australia,Mobile,WiFi,Premium,Text,5.4,16,493,3,87,93736,723,Low,5.1
2787,Instagram,19-25,Other,Japan,Mobile,WiFi,Premium,Video,4.1,28,634,182,87,63406,2613,Low,4.7
2788,Facebook,46-60,Female,Canada,Mobile,Mobile Data,Free,Image,4.1,2,106,105,105,68870,1304,Low,1.5
2789,TikTok,46-60,Female,Brazil,Mobile,Mobile Data,Free,Video,4.1,40,601,126,135,2954,4490,High,6.9
2790,Reddit,13-18,Other,USA,Mobile,Mobile Data,Premium,Text,4.2,12,140,100,25,52379,2467,High,1.8
2791,TikTok,46-60,Female,Germany,Desktop,Mobile Data,Free,Video,4.6,20,446,173,40,17014,1362,Low,7.8
2792,Pinterest,60+,Male,Canada,Mobile,Mobile Data,Free,Video,2.2,4,423,129,15,67496,2744,Low,4.4
2793,TikTok,60+,Male,USA,Mobile,Mobile Data,Free,Mixed,0.8,5,610,169,28,30878,563,Medium,4.7
2794,Facebook,26-35,Female,Japan,Tablet,WiFi,Premium,Image,1.4,31,39,128,70,33415,2014,Low,0.7
2795,Facebook,60+,Male,Germany,Desktop,WiFi,Premium,Mixed,3.5,34,419,171,133,8707,3363,Medium,7.4
2796,TikTok,13-18,Other,UAE,Desktop,WiFi,Premium,Mixed,3.5,11,340,74,33,88099,1184,High,8.5
2797,Twitter,36-45,Male,UAE,Mobile,WiFi,Premium,Video,5.5,21,632,12,117,56571,4771,Low,8.2
2798,LinkedIn,19-25,Male,Australia,Tablet,Mobile Data,Premium,Video,0.7,15,586,40,5,47446,2222,High,1.3
2799,LinkedIn,46-60,Female,Brazil,Mobile,Mobile Data,Premium,Text,1.2,30,791,72,85,65238,2941,Low,1.1
2800,Facebook,36-45,Male,Japan,Desktop,Mobile Data,Free,Video,3.2,19,460,111,126,44503,603,Low,8.5
2801,Snapchat,36-45,Other,Brazil,Mobile,Mobile Data,Premium,Video,1.5,21,28,10,46,90192,4892,Low,1.9
2802,Snapchat,46-60,Other,Japan,Tablet,WiFi,Free,Mixed,2.1,18,60,10,88,11528,1025,High,3.9
2803,Instagram,19-25,Female,Japan,Mobile,Mobile Data,Premium,Image,5.8,27,740,106,118,94696,2458,High,3.9
2804,Twitter,60+,Other,Japan,Desktop,Mobile Data,Premium,Text,6.0,40,185,38,139,68420,4242,High,7.9
2805,Facebook,26-35,Other,UK,Mobile,WiFi,Premium,Text,4.1,16,318,199,97,16698,2719,Low,2.7
2806,Pinterest,13-18,Other,UAE,Tablet,Mobile Data,Free,Text,2.2,38,322,142,9,69260,856,High,9.3
2807,Snapchat,13-18,Other,Australia,Desktop,Mobile Data,Premium,Video,2.2,14,555,180,130,18016,4529,Low,5.1
2808,Twitter,60+,Female,Japan,Mobile,Mobile Data,Free,Text,4.1,12,36,20,135,95611,3532,Medium,2.0
2809,Instagram,26-35,Female,Germany,Mobile,WiFi,Premium,Text,3.1,26,538,119,41,58695,2688,Medium,6.1
2810,Twitter,60+,Male,India,Mobile,WiFi,Premium,Mixed,1.7,11,742,186,88,21926,4609,Low,9.5
2811,Instagram,36-45,Female,India,Mobile,WiFi,Free,Text,5.1,13,433,2,52,277,3005,Low,9.7
2812,TikTok,26-35,Other,Canada,Mobile,Mobile Data,Free,Video,5.7,11,118,23,82,7877,777,Medium,0.7
2813,Twitter,13-18,Male,Singapore,Desktop,Mobile Data,Free,Mixed,1.3,31,545,66,122,34345,4836,Low,1.8
2814,Pinterest,60+,Female,Germany,Desktop,WiFi,Premium,Text,5.9,18,420,98,82,59275,3017,Medium,1.5
2815,TikTok,46-60,Other,Japan,Desktop,WiFi,Premium,Image,2.1,17,598,196,49,18655,2375,Low,4.0
2816,LinkedIn,60+,Female,UAE,Tablet,Mobile Data,Free,Mixed,5.3,2,654,191,36,20962,4886,Medium,4.5
2817,Reddit,36-45,Female,UK,Tablet,WiFi,Free,Video,0.9,37,47,83,1,60517,1086,Medium,6.1
2818,Reddit,13-18,Other,Australia,Mobile,Mobile Data,Premium,Video,4.4,30,718,148,91,83450,4203,High,2.7
2819,Pinterest,26-35,Male,UK,Desktop,Mobile Data,Premium,Mixed,3.9,6,644,119,50,52512,1620,Medium,6.6
2820,YouTube,26-35,Female,Germany,Tablet,WiFi,Free,Video,3.3,30,10,104,129,60629,487,Medium,5.8
2821,Facebook,60+,Female,Germany,Desktop,Mobile Data,Premium,Video,0.8,28,622,112,119,14413,1427,High,3.9
2822,Twitter,26-35,Other,India,Desktop,WiFi,Premium,Video,5.2,20,224,93,94,63340,4717,Medium,8.0
2823,YouTube,36-45,Other,UK,Tablet,Mobile Data,Free,Text,0.5,24,503,2,147,74066,52,High,7.0
2824,TikTok,26-35,Female,UAE,Mobile,Mobile Data,Premium,Text,0.9,18,172,102,28,1865,4662,Low,8.8
2825,LinkedIn,26-35,Other,Australia,Desktop,WiFi,Free,Image,1.1,16,76,91,145,21599,1847,Medium,5.6
2826,LinkedIn,26-35,Male,Singapore,Desktop,WiFi,Free,Video,4.9,20,490,38,93,30286,2442,High,8.9
2827,Instagram,36-45,Female,Singapore,Tablet,WiFi,Free,Text,1.2,20,540,18,44,23956,4918,High,3.0
2828,Twitter,13-18,Male,Singapore,Tablet,WiFi,Free,Mixed,3.7,0,199,142,3,34839,3686,High,4.2
2829,Pinterest,19-25,Other,Japan,Desktop,WiFi,Premium,Image,2.4,38,748,70,56,92838,1299,Low,2.8
2830,YouTube,36-45,Male,Germany,Tablet,Mobile Data,Free,Text,2.8,6,525,112,31,75824,4152,Low,9.7
2831,Snapchat,19-25,Other,India,Mobile,Mobile Data,Free,Video,1.6,17,379,12,115,46451,2766,Low,6.0
2832,LinkedIn,13-18,Male,Brazil,Tablet,WiFi,Free,Text,2.2,21,482,88,130,80629,4494,High,1.9
2833,Facebook,19-25,Male,India,Tablet,WiFi,Free,Image,3.0,3,397,137,73,62601,3602,Low,7.4
2834,Facebook,19-25,Other,UAE,Mobile,WiFi,Free,Mixed,3.1,10,679,164,88,23429,100,Low,5.0
2835,Pinterest,13-18,Male,UK,Tablet,WiFi,Free,Image,1.4,3,153,129,12,97893,2343,High,7.5
2836,YouTube,60+,Male,Germany,Mobile,WiFi,Free,Image,5.6,15,123,86,51,53794,3061,Medium,5.3
2837,LinkedIn,36-45,Female,Singapore,Tablet,Mobile Data,Premium,Video,1.0,2,752,74,142,85737,3350,High,6.5
2838,Pinterest,36-45,Female,Singapore,Mobile,Mobile Data,Premium,Image,3.7,13,89,16,19,36557,2730,Low,2.8
2839,Instagram,46-60,Female,USA,Tablet,WiFi,Premium,Text,1.0,29,104,113,105,98584,2920,Low,5.3
2840,YouTube,46-60,Female,USA,Tablet,WiFi,Premium,Image,4.0,27,571,115,135,90299,3371,High,4.3
2841,YouTube,36-45,Female,Canada,Mobile,Mobile Data,Free,Mixed,4.1,20,102,72,132,63770,790,Low,1.1
2842,TikTok,13-18,Other,Germany,Tablet,WiFi,Free,Mixed,3.2,34,93,130,92,68279,3170,High,9.0
2843,Pinterest,46-60,Female,Germany,Tablet,Mobile Data,Premium,Text,4.9,31,591,24,12,70761,3739,Medium,6.2
2844,Twitter,13-18,Male,Canada,Desktop,WiFi,Free,Image,4.5,10,370,164,46,29857,1814,Medium,4.4
2845,Pinterest,36-45,Female,UK,Mobile,Mobile Data,Free,Video,4.7,9,502,144,98,15271,2496,Low,0.7
2846,Reddit,60+,Other,Japan,Mobile,Mobile Data,Free,Image,5.4,24,410,39,36,74691,700,Medium,8.1
2847,TikTok,26-35,Female,Japan,Mobile,WiFi,Premium,Video,4.8,5,552,177,89,9693,2815,Medium,5.0
2848,Pinterest,36-45,Male,Singapore,Tablet,Mobile Data,Premium,Video,3.3,0,427,185,130,1449,4377,Medium,8.3
2849,Reddit,26-35,Female,Canada,Desktop,Mobile Data,Premium,Text,3.6,35,288,162,78,65185,4089,Low,2.8
2850,Facebook,19-25,Female,Singapore,Tablet,WiFi,Premium,Mixed,2.2,18,699,43,123,42045,715,Medium,1.9
2851,LinkedIn,13-18,Other,UAE,Tablet,WiFi,Premium,Video,4.2,35,366,83,24,83193,542,Medium,4.5
2852,Facebook,36-45,Other,Japan,Tablet,Mobile Data,Free,Video,4.4,2,126,188,114,82780,4642,High,5.5
2853,YouTube,26-35,Female,Canada,Mobile,Mobile Data,Free,Video,1.6,3,492,197,87,25131,4261,High,7.0
2854,Pinterest,13-18,Other,Japan,Mobile,Mobile Data,Free,Video,2.7,17,664,53,127,50501,3533,High,1.3
2855,Instagram,26-35,Female,Japan,Desktop,WiFi,Free,Image,4.8,35,787,118,50,78104,3663,Medium,1.2
2856,Reddit,46-60,Female,Brazil,Desktop,WiFi,Free,Video,2.1,32,724,27,49,73171,4497,Medium,0.6
2857,YouTube,46-60,Other,Germany,Mobile,Mobile Data,Free,Mixed,5.7,35,491,92,37,65296,4055,Low,7.4
2858,Snapchat,13-18,Other,Canada,Mobile,Mobile Data,Free,Text,3.7,17,192,11,9,82686,891,High,4.3
2859,Twitter,13-18,Male,Germany,Mobile,Mobile Data,Free,Image,1.0,19,768,15,134,10618,4567,Medium,4.6
2860,Reddit,13-18,Female,India,Mobile,Mobile Data,Premium,Video,3.3,40,85,19,23,91601,3421,Low,9.4
2861,Reddit,36-45,Other,Brazil,Desktop,WiFi,Premium,Image,3.1,1,1,167,138,79605,2320,Low,8.2
2862,TikTok,13-18,Male,USA,Mobile,WiFi,Premium,Mixed,1.6,19,45,191,27,37674,1052,Medium,9.7
2863,Pinterest,60+,Male,Japan,Tablet,WiFi,Free,Mixed,4.9,7,24,101,127,22283,4918,Medium,0.6
2864,YouTube,36-45,Other,UK,Desktop,Mobile Data,Free,Text,5.5,34,726,64,41,87297,722,Medium,4.8
2865,Pinterest,13-18,Other,India,Desktop,Mobile Data,Free,Video,1.9,8,266,87,132,14414,4539,Low,3.2
2866,LinkedIn,26-35,Female,UAE,Mobile,Mobile Data,Free,Video,1.9,25,617,195,33,16908,4648,High,6.0
2867,Twitter,46-60,Female,UAE,Desktop,Mobile Data,Free,Video,4.1,30,362,11,144,37761,1252,Low,2.1
2868,Pinterest,26-35,Female,Germany,Mobile,Mobile Data,Free,Mixed,5.6,17,489,194,76,83194,3717,Low,3.4
2869,Instagram,13-18,Other,UAE,Desktop,Mobile Data,Free,Video,4.5,21,106,21,148,22856,326,Medium,3.8
2870,LinkedIn,46-60,Female,UAE,Mobile,Mobile Data,Free,Mixed,0.5,3,478,138,104,81589,2351,Medium,2.0
2871,TikTok,46-60,Other,Brazil,Desktop,Mobile Data,Premium,Text,5.2,23,265,94,46,8903,4604,Low,1.9
2872,Instagram,13-18,Female,Australia,Tablet,WiFi,Premium,Text,2.8,5,592,86,91,90359,168,Low,5.6
2873,Facebook,36-45,Other,Australia,Tablet,WiFi,Premium,Image,2.9,39,681,52,89,35608,2398,Low,7.8
2874,Snapchat,46-60,Female,India,Tablet,WiFi,Free,Text,5.7,33,90,194,11,38382,1621,High,9.0
2875,Instagram,13-18,Female,UK,Mobile,WiFi,Premium,Video,0.4,4,449,38,113,25322,1663,Medium,9.9
2876,Reddit,26-35,Male,Singapore,Desktop,WiFi,Free,Text,5.6,2,354,73,81,18626,1752,High,1.9
2877,Twitter,26-35,Female,UAE,Tablet,WiFi,Premium,Image,5.3,37,263,158,103,39445,1362,Low,4.0
2878,TikTok,19-25,Male,Singapore,Desktop,Mobile Data,Premium,Text,0.5,20,567,121,70,36219,1332,High,9.1
2879,Facebook,60+,Male,USA,Desktop,WiFi,Premium,Image,1.4,4,221,32,32,25300,2930,Medium,9.9
2880,Facebook,36-45,Male,Singapore,Desktop,WiFi,Free,Text,0.8,14,200,45,21,63544,2057,High,1.1
2881,Facebook,60+,Female,USA,Mobile,WiFi,Premium,Text,3.0,20,548,145,68,4607,1421,Medium,7.5
2882,Instagram,36-45,Other,Japan,Desktop,WiFi,Free,Video,2.7,28,746,98,7,53929,3330,Medium,1.8
2883,Instagram,13-18,Other,Brazil,Tablet,WiFi,Premium,Text,5.2,4,483,159,149,49670,813,High,4.9
2884,LinkedIn,19-25,Other,Australia,Tablet,Mobile Data,Free,Video,2.0,16,359,23,23,29630,4005,Medium,2.6
2885,LinkedIn,13-18,Other,Australia,Desktop,WiFi,Premium,Video,3.7,22,217,129,130,55096,2664,Low,8.0
2886,LinkedIn,13-18,Male,Germany,Desktop,WiFi,Premium,Text,2.2,14,215,72,108,78303,1670,Low,3.9
2887,YouTube,60+,Other,UK,Mobile,Mobile Data,Free,Mixed,2.8,34,109,25,112,88328,3383,Low,2.2
2888,YouTube,13-18,Female,Australia,Tablet,Mobile Data,Free,Image,5.0,38,258,105,150,73804,4934,Medium,1.2
2889,Snapchat,46-60,Female,UK,Desktop,WiFi,Premium,Mixed,0.5,23,409,119,100,87995,1457,Medium,4.4
2890,YouTube,13-18,Female,Germany,Tablet,WiFi,Free,Text,3.6,6,507,6,30,62872,4961,Low,8.8
2891,YouTube,46-60,Male,Australia,Mobile,WiFi,Premium,Mixed,2.2,5,84,120,127,43246,4159,High,7.8
2892,Pinterest,60+,Other,UK,Mobile,WiFi,Free,Mixed,4.0,35,436,63,90,68324,2688,High,8.2
2893,YouTube,36-45,Female,Brazil,Desktop,WiFi,Free,Video,2.6,18,28,199,69,87133,1995,Medium,8.5
2894,Instagram,26-35,Male,Brazil,Tablet,Mobile Data,Premium,Text,1.2,31,80,37,109,19376,2098,Medium,0.9
2895,TikTok,60+,Male,India,Tablet,Mobile Data,Free,Text,5.3,19,257,30,148,53266,2372,Low,6.7
2896,LinkedIn,13-18,Female,Canada,Mobile,Mobile Data,Premium,Mixed,2.7,25,481,46,24,61542,2348,Medium,6.1
2897,TikTok,60+,Female,Japan,Desktop,WiFi,Premium,Image,3.7,11,448,138,131,83050,1877,High,9.7
2898,TikTok,60+,Other,UAE,Desktop,WiFi,Free,Video,1.1,6,334,174,3,38121,3755,Medium,9.6
2899,Pinterest,19-25,Other,UAE,Desktop,WiFi,Free,Mixed,2.0,38,209,37,17,65376,2922,Low,8.1
2900,Instagram,19-25,Female,Brazil,Tablet,WiFi,Free,Image,2.7,30,104,179,136,78967,4379,Medium,4.4
2901,LinkedIn,19-25,Male,Brazil,Desktop,Mobile Data,Free,Mixed,5.5,30,246,103,79,2561,4283,High,9.4
2902,Twitter,19-25,Female,Australia,Tablet,Mobile Data,Premium,Image,5.9,11,436,37,135,63339,4144,High,4.8
2903,Reddit,19-25,Female,Germany,Desktop,Mobile Data,Premium,Video,5.1,15,129,119,44,19970,1678,High,2.0
2904,Pinterest,13-18,Female,Brazil,Tablet,WiFi,Premium,Image,2.8,36,653,117,12,26421,3679,Medium,4.0
2905,Pinterest,60+,Female,Brazil,Mobile,Mobile Data,Free,Mixed,2.0,23,750,62,66,74375,3547,Low,7.1
2906,TikTok,19-25,Male,Brazil,Mobile,WiFi,Free,Text,3.8,18,39,69,13,82645,596,Medium,5.4
2907,Pinterest,60+,Male,Australia,Tablet,WiFi,Premium,Video,4.9,12,247,131,26,80763,1489,Medium,5.4
2908,Instagram,19-25,Other,Brazil,Mobile,Mobile Data,Free,Video,1.0,27,191,175,147,74154,1087,Low,3.6
2909,Pinterest,19-25,Other,Singapore,Tablet,WiFi,Premium,Video,0.6,32,322,157,136,43169,2610,Low,2.5
2910,TikTok,36-45,Other,Japan,Tablet,WiFi,Free,Image,5.7,24,59,4,80,45034,3849,High,2.9
2911,Facebook,36-45,Other,UK,Desktop,Mobile Data,Premium,Text,0.3,5,94,76,61,33263,833,High,7.6
2912,Twitter,13-18,Other,USA,Mobile,WiFi,Free,Video,3.3,13,248,141,149,32702,4037,High,0.7
2913,Pinterest,36-45,Other,UK,Desktop,Mobile Data,Premium,Text,4.2,11,0,102,55,66690,2182,Low,3.5
2914,Pinterest,60+,Other,Japan,Tablet,WiFi,Free,Text,5.3,39,389,158,66,9691,406,Low,3.4
2915,Facebook,60+,Female,Australia,Mobile,WiFi,Premium,Text,2.2,18,215,61,15,92734,1153,High,2.4
2916,Snapchat,46-60,Female,Japan,Desktop,Mobile Data,Free,Text,5.5,9,232,112,18,49836,2457,Low,3.6
2917,Instagram,60+,Female,UAE,Mobile,WiFi,Free,Mixed,0.2,32,236,197,83,97575,2588,Low,2.5
2918,LinkedIn,26-35,Male,UK,Tablet,WiFi,Free,Text,0.5,27,377,187,107,22576,506,Medium,5.8
2919,LinkedIn,46-60,Male,UK,Desktop,WiFi,Premium,Mixed,4.5,32,640,66,26,59044,265,Low,3.7
2920,Facebook,60+,Male,UAE,Tablet,WiFi,Premium,Text,0.8,20,764,59,105,98037,2651,High,5.9
2921,Snapchat,60+,Female,Brazil,Tablet,WiFi,Free,Text,4.0,32,664,195,102,35221,2973,Medium,1.3
2922,YouTube,19-25,Male,Australia,Mobile,Mobile Data,Free,Mixed,1.4,35,157,185,64,43988,2521,Low,2.8
2923,Reddit,13-18,Male,Australia,Desktop,WiFi,Premium,Mixed,2.1,1,236,28,68,90525,4088,Medium,10.0
2924,Pinterest,26-35,Female,Japan,Desktop,Mobile Data,Premium,Mixed,5.1,39,286,115,31,12603,1981,Low,2.7
2925,Snapchat,13-18,Female,Australia,Tablet,Mobile Data,Free,Video,1.8,3,549,151,3,42050,1677,High,4.7
2926,Instagram,19-25,Other,India,Desktop,Mobile Data,Free,Video,5.0,24,203,82,93,48403,2466,Medium,7.5
2927,YouTube,19-25,Female,India,Desktop,Mobile Data,Free,Text,2.9,15,181,83,39,73032,950,High,7.2
2928,Pinterest,13-18,Other,UAE,Mobile,WiFi,Premium,Image,3.6,25,569,48,81,38700,1274,Medium,5.1
2929,Twitter,19-25,Other,Canada,Tablet,WiFi,Premium,Text,3.5,7,354,183,105,64803,1305,High,4.7
2930,Twitter,36-45,Other,Australia,Tablet,WiFi,Free,Image,5.6,26,562,130,85,43937,1758,High,7.4
2931,TikTok,60+,Other,Singapore,Desktop,WiFi,Premium,Mixed,1.9,35,507,93,126,75370,3360,Medium,0.6
2932,Reddit,36-45,Other,Brazil,Tablet,Mobile Data,Free,Mixed,1.5,3,546,155,49,36063,2300,Medium,6.2
2933,Instagram,46-60,Female,Canada,Desktop,WiFi,Free,Mixed,2.0,14,570,189,38,41517,1383,High,7.2
2934,Instagram,19-25,Other,UK,Tablet,WiFi,Free,Image,4.4,5,701,168,85,33984,2234,High,1.3
2935,TikTok,19-25,Male,Canada,Desktop,WiFi,Premium,Mixed,1.1,7,551,150,102,40031,3090,High,3.8
2936,Instagram,36-45,Female,Japan,Desktop,WiFi,Free,Image,4.2,23,398,164,52,6003,2127,High,7.5
2937,Instagram,36-45,Female,India,Tablet,Mobile Data,Premium,Mixed,0.7,33,249,3,68,18547,144,High,9.0
2938,TikTok,60+,Female,Australia,Desktop,WiFi,Free,Image,3.3,22,509,112,136,88017,4190,Low,6.1
2939,Facebook,46-60,Male,UAE,Desktop,WiFi,Premium,Mixed,1.9,37,589,40,81,74333,347,Medium,1.0
2940,Snapchat,36-45,Male,Germany,Tablet,WiFi,Premium,Text,0.8,36,627,68,130,38565,4662,Low,4.3
2941,Pinterest,19-25,Other,India,Tablet,Mobile Data,Premium,Video,3.6,15,328,12,113,72620,3444,Medium,3.8
2942,LinkedIn,19-25,Other,USA,Desktop,WiFi,Free,Mixed,3.1,16,372,94,53,70914,1328,High,5.9
2943,LinkedIn,26-35,Other,Singapore,Mobile,Mobile Data,Premium,Video,4.3,26,149,189,69,80046,2939,Medium,5.6
2944,Instagram,19-25,Other,Brazil,Mobile,WiFi,Premium,Text,2.1,0,433,125,11,27760,4256,Low,3.9
2945,Instagram,46-60,Female,USA,Tablet,Mobile Data,Premium,Mixed,5.7,19,348,110,28,28202,1306,Medium,5.1
2946,Reddit,19-25,Other,UAE,Mobile,WiFi,Premium,Text,4.0,28,246,38,84,95768,2992,Medium,3.3
2947,Pinterest,36-45,Female,UK,Tablet,Mobile Data,Free,Image,3.9,11,551,41,102,58107,2486,Medium,3.1
2948,Reddit,36-45,Female,Germany,Mobile,Mobile Data,Free,Text,5.9,15,651,171,17,96738,4412,Low,9.4
2949,Twitter,26-35,Female,India,Tablet,WiFi,Premium,Video,4.0,12,11,154,120,24670,1968,Low,5.6
2950,Snapchat,46-60,Male,UK,Tablet,WiFi,Premium,Video,4.7,3,210,145,66,87759,1770,Medium,5.1
2951,Facebook,19-25,Other,Canada,Desktop,WiFi,Free,Video,4.5,5,713,126,8,10183,2792,Medium,7.9
2952,TikTok,36-45,Other,USA,Desktop,WiFi,Free,Mixed,2.2,28,199,136,14,53572,953,Medium,9.5
2953,YouTube,46-60,Female,Germany,Mobile,WiFi,Free,Text,3.2,23,589,1,72,77388,664,Medium,8.7
2954,Reddit,60+,Female,Singapore,Desktop,WiFi,Premium,Text,4.4,32,153,128,50,35577,1306,Medium,6.6
2955,Reddit,26-35,Male,Australia,Desktop,WiFi,Premium,Text,1.4,40,89,169,149,50118,4590,Medium,7.5
2956,Facebook,19-25,Other,Canada,Desktop,Mobile Data,Free,Mixed,5.8,3,474,45,105,60639,2894,Medium,9.6
2957,Facebook,46-60,Male,Canada,Tablet,Mobile Data,Free,Image,3.7,19,398,174,59,32916,4073,Medium,4.4
2958,Reddit,36-45,Female,UK,Desktop,Mobile Data,Free,Mixed,0.5,5,769,149,86,39472,168,High,9.2
2959,Reddit,13-18,Other,Brazil,Tablet,WiFi,Premium,Video,3.3,14,360,10,116,9600,3806,Low,6.4
2960,Twitter,13-18,Male,UK,Desktop,Mobile Data,Free,Video,3.0,11,178,8,140,23842,2553,Medium,4.6
2961,LinkedIn,19-25,Female,Singapore,Mobile,WiFi,Premium,Video,2.0,25,107,185,53,97494,1692,Medium,1.3
2962,Facebook,46-60,Other,Germany,Tablet,Mobile Data,Free,Mixed,4.9,31,588,142,11,34201,4018,Low,9.6
2963,Snapchat,60+,Female,Singapore,Tablet,WiFi,Premium,Text,5.7,12,127,13,119,11774,550,Low,7.6
2964,LinkedIn,19-25,Female,Singapore,Desktop,WiFi,Premium,Mixed,2.7,6,51,168,98,21455,4928,Medium,2.2
2965,Facebook,13-18,Male,India,Desktop,WiFi,Premium,Mixed,2.0,12,73,118,62,1864,4977,High,8.9
2966,Reddit,19-25,Female,Canada,Tablet,WiFi,Free,Image,2.9,33,631,144,135,71543,4644,High,2.0
2967,TikTok,13-18,Male,Singapore,Desktop,WiFi,Premium,Text,1.8,3,451,113,52,56928,4494,High,6.0
2968,Facebook,26-35,Female,India,Mobile,Mobile Data,Free,Mixed,5.0,11,650,0,94,65074,2005,Medium,9.1
2969,Twitter,13-18,Other,Canada,Desktop,Mobile Data,Free,Mixed,1.2,32,427,71,5,62231,4675,High,8.5
2970,Twitter,26-35,Female,Japan,Desktop,Mobile Data,Free,Mixed,1.5,27,574,96,21,57237,4887,High,9.3
2971,Twitter,60+,Female,Japan,Tablet,Mobile Data,Premium,Mixed,3.7,35,456,124,134,70657,4130,High,5.5
2972,Facebook,60+,Female,USA,Desktop,Mobile Data,Free,Text,0.8,31,764,128,138,84182,1038,High,9.0
2973,Instagram,19-25,Female,India,Tablet,WiFi,Free,Text,0.6,12,445,155,123,93368,2714,High,8.5
2974,YouTube,19-25,Male,Japan,Desktop,WiFi,Premium,Text,3.9,32,293,169,128,95000,138,Low,5.9
2975,Twitter,19-25,Female,USA,Mobile,Mobile Data,Free,Mixed,0.6,35,571,46,13,66501,1430,Low,3.5
2976,Snapchat,60+,Male,Japan,Tablet,Mobile Data,Free,Video,5.1,6,18,168,62,34849,4725,Medium,7.8
2977,Facebook,19-25,Female,UK,Tablet,Mobile Data,Premium,Mixed,1.3,15,725,0,42,29282,2428,Low,6.0
2978,Facebook,19-25,Female,India,Desktop,Mobile Data,Premium,Video,3.4,3,75,124,37,99572,858,High,2.4
2979,Snapchat,60+,Other,Canada,Desktop,WiFi,Free,Text,5.9,23,249,22,10,65291,1595,High,8.7
2980,Twitter,36-45,Female,Germany,Mobile,Mobile Data,Premium,Mixed,4.7,33,403,89,6,50895,1511,High,1.0
2981,Snapchat,46-60,Other,India,Mobile,Mobile Data,Premium,Text,5.1,26,765,74,78,77747,4424,Low,5.9
2982,Snapchat,36-45,Female,Canada,Tablet,Mobile Data,Premium,Video,4.2,28,340,193,147,17068,4859,Medium,7.3
2983,TikTok,60+,Male,Canada,Desktop,WiFi,Premium,Video,4.9,23,105,144,81,59736,392,Low,3.5
2984,Reddit,13-18,Other,Australia,Desktop,Mobile Data,Premium,Mixed,3.0,16,195,63,10,78706,3936,Medium,6.9
2985,Snapchat,46-60,Female,Australia,Desktop,WiFi,Free,Text,5.8,2,145,97,106,87755,2980,High,6.7
2986,Snapchat,13-18,Male,India,Desktop,Mobile Data,Free,Text,1.4,30,578,186,57,5005,3340,High,2.2
2987,LinkedIn,13-18,Other,USA,Tablet,Mobile Data,Free,Mixed,2.7,24,107,107,7,53530,2801,Low,6.4
2988,TikTok,13-18,Other,Australia,Desktop,WiFi,Premium,Image,2.9,18,251,89,142,22947,1880,Low,5.3
2989,Reddit,60+,Male,Singapore,Desktop,WiFi,Free,Image,1.0,9,761,2,55,32508,4456,High,8.6
2990,Snapchat,60+,Female,Australia,Desktop,Mobile Data,Free,Image,3.7,4,263,5,94,17515,2675,Medium,7.3
2991,Snapchat,26-35,Male,USA,Mobile,WiFi,Premium,Image,2.8,25,788,177,17,71085,1661,High,2.3
2992,Twitter,26-35,Male,UAE,Tablet,WiFi,Free,Video,2.6,1,194,182,88,13942,1602,Low,4.5
2993,LinkedIn,13-18,Female,India,Mobile,WiFi,Free,Image,4.0,26,482,82,147,40823,3364,Low,1.7
2994,TikTok,26-35,Male,Canada,Tablet,Mobile Data,Free,Text,2.7,17,417,34,33,11287,1360,High,2.2
2995,Twitter,13-18,Other,Germany,Mobile,WiFi,Free,Image,3.6,2,386,0,90,56083,131,Medium,5.9
2996,Reddit,26-35,Other,India,Desktop,Mobile Data,Free,Text,4.1,9,763,164,13,87012,119,Low,7.5
2997,TikTok,46-60,Female,Singapore,Tablet,Mobile Data,Free,Image,3.4,35,514,27,131,83413,4019,Medium,8.9
2998,LinkedIn,60+,Other,Canada,Mobile,WiFi,Free,Video,2.2,32,53,107,114,58792,4658,High,3.9
2999,LinkedIn,36-45,Other,Brazil,Mobile,WiFi,Free,Mixed,3.4,31,88,143,148,88654,3002,Low,1.5
3000,Pinterest,13-18,Female,Singapore,Tablet,WiFi,Free,Video,5.1,35,334,116,31,63498,2933,Low,2.1
3001,LinkedIn,36-45,Male,Singapore,Desktop,WiFi,Free,Video,3.1,20,713,195,73,21842,1551,Medium,6.8
3002,Snapchat,46-60,Other,Japan,Desktop,Mobile Data,Premium,Text,3.3,4,272,105,4,45125,4975,Medium,2.3
3003,Instagram,26-35,Male,UAE,Desktop,WiFi,Premium,Mixed,2.5,1,422,50,56,98627,2792,Medium,6.2
3004,LinkedIn,13-18,Male,Germany,Tablet,WiFi,Premium,Mixed,1.4,11,415,23,36,61170,4961,High,5.8
3005,Instagram,60+,Male,Japan,Tablet,WiFi,Premium,Text,2.4,39,454,83,16,23414,2046,High,4.1
3006,YouTube,60+,Female,Germany,Mobile,Mobile Data,Premium,Mixed,2.8,30,182,11,95,37993,4809,Medium,3.6
3007,TikTok,19-25,Female,Canada,Mobile,Mobile Data,Premium,Video,2.6,16,719,186,79,81647,4797,Low,4.0
3008,Instagram,13-18,Male,India,Desktop,WiFi,Free,Text,2.3,21,159,66,34,39405,2308,High,8.9
3009,Twitter,13-18,Female,Australia,Mobile,Mobile Data,Free,Mixed,0.4,0,772,155,109,60449,4699,Medium,8.8
3010,Facebook,46-60,Female,Canada,Mobile,WiFi,Free,Text,1.9,32,692,137,81,97576,3968,Low,7.9
3011,Reddit,36-45,Other,Canada,Tablet,Mobile Data,Premium,Text,3.8,11,741,90,33,26983,4416,Low,5.9
3012,Reddit,19-25,Male,USA,Tablet,Mobile Data,Premium,Image,5.8,36,548,200,28,14736,2415,Medium,2.2
3013,YouTube,13-18,Other,USA,Tablet,WiFi,Premium,Image,0.4,13,506,117,139,20241,4498,High,7.8
3014,Snapchat,19-25,Male,Brazil,Desktop,WiFi,Premium,Text,3.1,37,141,106,131,35340,4767,High,4.3
3015,Reddit,36-45,Other,India,Tablet,WiFi,Free,Video,0.3,39,143,172,121,82428,926,Medium,9.6
3016,Reddit,26-35,Female,UAE,Desktop,Mobile Data,Free,Mixed,5.5,10,405,166,145,40644,2575,Low,6.6
3017,Twitter,36-45,Other,Singapore,Tablet,WiFi,Free,Image,4.5,7,606,101,143,72534,1198,Low,3.4
3018,YouTube,36-45,Female,UAE,Mobile,WiFi,Free,Image,3.3,16,322,78,143,87873,97,Medium,1.9
3019,TikTok,13-18,Female,UAE,Tablet,Mobile Data,Free,Video,4.2,39,627,86,80,18869,3203,High,7.1
3020,YouTube,19-25,Male,Australia,Desktop,WiFi,Free,Mixed,3.1,5,319,94,85,45526,609,Low,1.1
3021,Snapchat,13-18,Other,India,Tablet,Mobile Data,Premium,Text,5.9,32,444,188,55,12237,3420,High,2.9
3022,Facebook,26-35,Female,Germany,Mobile,Mobile Data,Free,Mixed,2.6,20,456,196,72,41279,81,Medium,2.8
3023,Instagram,46-60,Female,Australia,Mobile,Mobile Data,Premium,Video,5.7,38,448,72,137,44480,221,Low,4.7
3024,Facebook,46-60,Female,UK,Mobile,WiFi,Free,Image,1.8,24,165,120,119,6676,4912,High,3.4
3025,Instagram,19-25,Other,UAE,Mobile,WiFi,Premium,Video,5.6,32,208,132,72,93284,2741,High,1.5
3026,TikTok,26-35,Other,UAE,Desktop,WiFi,Premium,Image,1.0,40,746,5,13,76577,667,Medium,1.6
3027,YouTube,26-35,Other,Japan,Desktop,WiFi,Premium,Video,2.0,9,413,3,82,15733,1841,Medium,8.2
3028,Twitter,36-45,Other,Canada,Tablet,WiFi,Free,Video,2.8,34,145,28,23,81690,1391,High,7.3
3029,LinkedIn,60+,Male,Australia,Mobile,Mobile Data,Free,Mixed,3.5,38,247,10,82,50418,840,High,3.8
3030,YouTube,36-45,Other,UAE,Tablet,WiFi,Premium,Video,0.9,33,145,4,42,43805,1783,Low,5.5
3031,Pinterest,46-60,Female,UK,Mobile,Mobile Data,Free,Image,2.3,30,456,134,71,80201,2777,Medium,5.5
3032,Facebook,60+,Male,Singapore,Mobile,Mobile Data,Premium,Video,5.5,37,508,55,61,70521,2298,Medium,1.6
3033,TikTok,36-45,Male,USA,Desktop,WiFi,Free,Image,0.3,14,380,179,48,36815,3059,High,2.8
3034,TikTok,46-60,Other,Singapore,Desktop,WiFi,Premium,Text,0.2,30,358,38,25,29872,304,Low,8.5
3035,Facebook,60+,Male,UK,Mobile,WiFi,Premium,Text,1.6,38,599,111,135,56611,3585,High,7.5
3036,TikTok,36-45,Female,Canada,Mobile,Mobile Data,Premium,Text,5.6,0,751,48,136,83795,3893,Low,6.9
3037,Snapchat,60+,Other,Brazil,Mobile,WiFi,Premium,Text,1.9,36,445,111,41,94613,902,Low,10.0
3038,Snapchat,19-25,Female,Singapore,Tablet,Mobile Data,Premium,Video,5.9,5,474,5,17,12282,4176,Low,5.1
3039,Pinterest,46-60,Female,USA,Desktop,Mobile Data,Premium,Video,0.6,4,300,42,4,66220,2784,Medium,9.4
3040,YouTube,13-18,Female,Canada,Tablet,Mobile Data,Free,Mixed,1.1,30,772,166,2,72424,3896,Medium,1.5
3041,Reddit,19-25,Female,Canada,Mobile,WiFi,Premium,Text,3.8,32,684,156,30,83417,4900,Medium,7.7
3042,Reddit,46-60,Female,Canada,Tablet,WiFi,Free,Image,4.3,36,424,91,87,9811,4044,High,3.4
3043,Twitter,60+,Other,India,Tablet,Mobile Data,Premium,Video,2.1,8,347,4,141,16528,1053,Medium,0.9
3044,YouTube,13-18,Other,UK,Mobile,Mobile Data,Free,Image,4.8,35,46,77,55,24210,455,High,7.4
3045,Snapchat,46-60,Male,Canada,Tablet,Mobile Data,Premium,Image,1.3,28,683,6,141,64683,1644,Low,7.6
3046,TikTok,36-45,Other,Singapore,Tablet,WiFi,Free,Image,2.2,31,549,61,130,59697,3546,Low,1.5
3047,Reddit,36-45,Female,USA,Mobile,WiFi,Free,Text,4.3,32,392,138,126,80249,756,Low,2.8
3048,Reddit,13-18,Female,Japan,Desktop,Mobile Data,Free,Video,4.0,36,775,95,143,90604,4315,Medium,5.0
3049,YouTube,19-25,Other,Canada,Tablet,Mobile Data,Free,Text,5.5,17,84,101,124,27562,1836,Low,3.3
3050,Instagram,60+,Female,UAE,Mobile,WiFi,Free,Mixed,4.7,7,32,118,119,32014,3810,Low,3.6
3051,Facebook,19-25,Other,Germany,Mobile,WiFi,Premium,Text,0.8,20,86,115,68,8759,2762,High,1.3
3052,Facebook,60+,Male,UK,Desktop,WiFi,Premium,Text,4.9,6,26,88,95,39234,4098,Low,3.2
3053,YouTube,36-45,Female,Australia,Tablet,WiFi,Premium,Video,3.0,38,647,188,46,9297,1514,Medium,8.2
3054,Twitter,13-18,Other,Germany,Desktop,Mobile Data,Premium,Image,2.1,29,223,71,84,89793,589,High,9.9
3055,YouTube,26-35,Other,Canada,Desktop,WiFi,Premium,Image,3.7,39,61,108,87,67713,3130,High,0.9
3056,Pinterest,46-60,Other,UAE,Mobile,Mobile Data,Free,Image,2.2,26,619,75,71,62685,731,Low,6.6
3057,Pinterest,19-25,Other,Australia,Tablet,WiFi,Premium,Image,3.6,27,256,99,58,6052,3206,Low,7.0
3058,Pinterest,13-18,Male,USA,Desktop,Mobile Data,Free,Image,2.4,37,407,166,64,44686,536,Medium,5.2
3059,Instagram,19-25,Other,Singapore,Mobile,Mobile Data,Free,Mixed,2.7,13,174,157,109,94364,3691,High,3.5
3060,Snapchat,36-45,Other,UAE,Tablet,Mobile Data,Free,Video,5.7,33,373,65,90,47233,3270,High,7.8
3061,LinkedIn,13-18,Other,Canada,Desktop,WiFi,Free,Text,5.4,23,320,138,9,79441,3857,Medium,8.5
3062,Reddit,46-60,Other,Singapore,Mobile,Mobile Data,Free,Text,5.3,16,171,151,142,42269,1893,Low,2.0
3063,YouTube,19-25,Female,UK,Mobile,Mobile Data,Free,Text,3.6,29,775,27,122,68510,4739,Medium,3.8
3064,Instagram,19-25,Male,UAE,Mobile,WiFi,Premium,Image,3.2,23,457,166,128,95403,2615,High,8.1
3065,Pinterest,46-60,Male,Singapore,Mobile,Mobile Data,Free,Video,1.4,40,630,30,55,39027,4324,Low,9.5
3066,Pinterest,46-60,Female,UK,Tablet,Mobile Data,Free,Text,2.3,21,664,50,146,4823,1667,High,1.3
3067,TikTok,19-25,Female,UK,Tablet,WiFi,Free,Mixed,1.2,28,253,52,13,75848,77,Low,5.7
3068,Facebook,13-18,Other,Australia,Desktop,WiFi,Premium,Text,3.3,5,628,4,47,44727,2117,High,4.4
3069,TikTok,13-18,Male,Singapore,Mobile,Mobile Data,Free,Image,1.4,17,337,152,130,66039,364,Medium,10.0
3070,Instagram,60+,Other,Singapore,Tablet,Mobile Data,Premium,Mixed,3.5,32,337,175,93,98922,4842,High,8.2
3071,Twitter,46-60,Female,UK,Tablet,Mobile Data,Premium,Image,3.7,17,634,55,98,33563,2364,Medium,3.4
3072,YouTube,26-35,Female,UAE,Mobile,Mobile Data,Free,Text,2.6,16,80,157,62,95213,457,High,6.9
3073,Facebook,26-35,Female,Australia,Mobile,WiFi,Premium,Video,3.7,29,333,24,124,37755,3132,Medium,5.1
3074,Snapchat,46-60,Male,Germany,Tablet,Mobile Data,Premium,Mixed,2.1,15,269,35,63,40139,886,Medium,9.2
3075,Instagram,60+,Male,Australia,Desktop,WiFi,Premium,Text,1.1,30,431,184,39,80167,3858,Medium,9.8
3076,LinkedIn,19-25,Other,Australia,Tablet,Mobile Data,Free,Mixed,5.4,5,419,195,35,57254,1862,High,9.5
3077,Snapchat,13-18,Male,UAE,Desktop,WiFi,Free,Text,4.3,13,721,137,72,77426,1814,Low,7.1
3078,YouTube,46-60,Male,UK,Mobile,Mobile Data,Free,Text,3.1,37,202,117,118,75485,1338,Low,1.7
3079,Twitter,36-45,Female,Canada,Desktop,Mobile Data,Premium,Image,1.6,15,259,148,145,34162,2018,Low,8.3
3080,Snapchat,13-18,Female,India,Mobile,Mobile Data,Free,Image,3.0,34,410,117,136,83279,4787,Medium,5.4
3081,Facebook,36-45,Other,Brazil,Desktop,WiFi,Premium,Image,1.0,31,538,35,92,68215,246,Medium,3.8
3082,Snapchat,19-25,Male,Brazil,Desktop,WiFi,Free,Image,2.2,15,51,179,55,25963,3863,Medium,4.9
3083,Instagram,36-45,Other,USA,Tablet,Mobile Data,Free,Text,0.9,25,729,14,101,37779,3143,Medium,3.3
3084,Snapchat,46-60,Other,Germany,Mobile,Mobile Data,Premium,Video,3.7,5,289,158,10,62125,790,Low,2.1
3085,YouTube,26-35,Other,Brazil,Tablet,Mobile Data,Premium,Text,1.6,2,156,77,13,14188,4966,High,2.8
3086,LinkedIn,19-25,Other,USA,Desktop,WiFi,Free,Video,1.9,12,192,48,96,57485,3209,Low,5.7
3087,LinkedIn,26-35,Male,Australia,Tablet,WiFi,Premium,Image,0.6,35,699,48,124,42322,3129,High,9.7
3088,Twitter,46-60,Other,India,Desktop,WiFi,Free,Text,1.0,8,642,63,96,17402,2091,Medium,7.2
3089,Pinterest,13-18,Male,Canada,Tablet,WiFi,Free,Image,4.1,17,491,163,6,64257,846,High,9.7
3090,Snapchat,13-18,Female,USA,Mobile,WiFi,Premium,Video,2.2,18,176,198,113,70058,2725,Medium,0.7
3091,LinkedIn,46-60,Female,Japan,Mobile,Mobile Data,Premium,Mixed,5.6,30,327,18,134,26148,301,High,8.1
3092,YouTube,19-25,Female,Brazil,Mobile,Mobile Data,Premium,Mixed,3.4,15,572,19,42,89800,3106,High,8.4
3093,YouTube,19-25,Male,Australia,Tablet,Mobile Data,Free,Mixed,2.1,0,36,5,21,53897,1366,Low,9.8
3094,Facebook,36-45,Male,UAE,Desktop,WiFi,Premium,Text,4.6,15,354,51,129,94718,900,Low,9.9
3095,Pinterest,46-60,Female,Brazil,Mobile,WiFi,Free,Mixed,1.5,22,361,73,129,53495,1516,Low,0.7
3096,Pinterest,60+,Male,UK,Desktop,WiFi,Premium,Image,3.1,19,46,111,42,35221,2759,Medium,9.5
3097,Instagram,60+,Female,USA,Desktop,WiFi,Premium,Image,3.4,20,408,82,21,47856,4483,Medium,9.5
3098,Facebook,36-45,Male,Brazil,Mobile,Mobile Data,Free,Text,3.5,20,468,29,125,38602,1858,High,7.3
3099,LinkedIn,46-60,Male,Brazil,Tablet,WiFi,Free,Mixed,3.3,35,394,55,111,66154,3008,High,9.9
3100,YouTube,13-18,Other,USA,Tablet,Mobile Data,Free,Video,2.2,16,757,166,58,28301,4817,Medium,2.1
3101,Twitter,60+,Female,UAE,Mobile,WiFi,Free,Video,1.1,10,364,122,14,41384,1475,High,1.2
3102,Reddit,46-60,Female,Japan,Tablet,WiFi,Free,Mixed,0.9,18,176,141,145,11812,2673,High,3.4
3103,YouTube,13-18,Female,Australia,Mobile,Mobile Data,Premium,Video,3.8,12,788,61,22,60970,3560,Medium,5.9
3104,Snapchat,36-45,Male,Japan,Mobile,Mobile Data,Premium,Text,1.7,13,286,152,85,15055,4987,Low,9.4
3105,Instagram,26-35,Other,Japan,Mobile,Mobile Data,Premium,Video,4.0,15,14,197,133,27928,2674,High,2.3
3106,TikTok,26-35,Female,Germany,Desktop,Mobile Data,Free,Text,1.8,39,706,113,86,1235,1366,Low,0.5
3107,LinkedIn,36-45,Other,Australia,Tablet,WiFi,Premium,Mixed,5.1,2,611,138,19,13213,372,High,8.3
3108,Twitter,13-18,Male,Singapore,Desktop,Mobile Data,Free,Image,4.2,25,359,83,60,54394,1477,High,2.5
3109,TikTok,19-25,Other,Germany,Tablet,WiFi,Free,Text,1.1,26,240,168,53,54301,1193,Low,2.6
3110,TikTok,13-18,Female,UAE,Mobile,Mobile Data,Free,Image,2.9,5,62,17,82,70573,1685,High,5.5
3111,Facebook,60+,Male,Japan,Tablet,WiFi,Premium,Mixed,5.8,10,550,174,123,59146,1120,Low,7.8
3112,Facebook,26-35,Male,UAE,Desktop,WiFi,Free,Mixed,0.7,25,621,41,141,35739,162,High,5.2
3113,TikTok,60+,Other,UAE,Desktop,WiFi,Free,Image,4.8,34,68,78,118,9923,2314,Low,9.8
3114,Pinterest,60+,Male,USA,Mobile,Mobile Data,Premium,Mixed,3.5,10,574,168,87,36295,654,Medium,5.8
3115,LinkedIn,13-18,Female,UK,Desktop,Mobile Data,Free,Text,1.6,2,97,144,142,93228,403,Low,9.1
3116,Twitter,60+,Other,India,Mobile,WiFi,Free,Mixed,0.7,30,129,70,31,69987,4934,Low,5.1
3117,LinkedIn,36-45,Male,Germany,Tablet,Mobile Data,Premium,Image,0.3,4,157,122,96,79864,2003,Medium,3.4
3118,Twitter,26-35,Male,India,Mobile,WiFi,Free,Text,5.7,33,661,123,88,33992,3242,High,6.2
3119,LinkedIn,26-35,Other,UK,Desktop,Mobile Data,Premium,Text,5.7,30,75,150,74,70035,2144,Medium,1.9
3120,Reddit,26-35,Female,Germany,Mobile,Mobile Data,Free,Video,3.1,23,72,20,147,75415,2054,High,9.7
3121,Instagram,19-25,Male,India,Desktop,Mobile Data,Premium,Image,4.7,16,203,9,68,97313,473,High,4.7
3122,Instagram,36-45,Male,UAE,Desktop,Mobile Data,Free,Image,2.0,21,279,97,63,16751,2531,Low,5.4
3123,LinkedIn,26-35,Female,Japan,Mobile,WiFi,Free,Mixed,2.5,25,0,190,4,61237,2966,Low,2.5
3124,TikTok,60+,Female,Germany,Mobile,Mobile Data,Free,Video,1.6,25,384,168,97,29873,1771,Medium,4.3
3125,Twitter,60+,Male,Germany,Mobile,Mobile Data,Free,Mixed,2.6,15,687,4,7,71018,1825,Low,2.6
3126,Snapchat,60+,Other,India,Desktop,Mobile Data,Free,Text,4.6,14,661,107,141,68276,367,Low,2.2
3127,Twitter,26-35,Male,Canada,Mobile,Mobile Data,Free,Mixed,3.4,13,202,47,59,72261,3955,Low,4.8
3128,Reddit,46-60,Male,Australia,Desktop,Mobile Data,Premium,Text,1.0,18,462,97,39,69523,868,High,6.0
3129,Twitter,46-60,Other,USA,Tablet,WiFi,Free,Text,1.8,17,97,131,70,15798,205,Low,4.5
3130,Snapchat,13-18,Female,India,Desktop,WiFi,Premium,Image,5.8,20,31,66,67,53605,4517,High,8.4
3131,TikTok,19-25,Other,Singapore,Mobile,WiFi,Premium,Text,4.2,7,739,43,0,7277,984,Low,5.0
3132,Instagram,36-45,Male,UK,Mobile,Mobile Data,Free,Mixed,3.2,38,201,179,17,77482,2981,High,8.6
3133,Snapchat,13-18,Male,India,Tablet,WiFi,Free,Image,1.4,29,473,84,148,66339,469,Low,6.5
3134,Reddit,26-35,Other,Australia,Mobile,Mobile Data,Premium,Image,1.0,2,28,29,122,90639,2350,Medium,8.7
3135,Facebook,19-25,Female,Brazil,Desktop,Mobile Data,Premium,Text,2.4,38,63,168,0,11894,4779,Low,6.6
3136,TikTok,36-45,Other,Australia,Mobile,WiFi,Free,Mixed,2.6,36,484,26,83,30297,2564,Low,3.0
3137,TikTok,19-25,Other,Canada,Mobile,WiFi,Free,Video,0.2,12,212,144,129,85503,827,Medium,3.8
3138,Snapchat,19-25,Other,Singapore,Desktop,WiFi,Free,Video,3.8,4,40,47,115,9254,376,Low,5.0
3139,Instagram,26-35,Male,USA,Tablet,WiFi,Premium,Mixed,1.8,6,648,191,124,94354,2979,High,4.3
3140,Facebook,60+,Other,USA,Tablet,WiFi,Premium,Mixed,5.4,19,248,120,16,98927,2837,Low,3.5
3141,Facebook,46-60,Other,Germany,Desktop,WiFi,Free,Mixed,3.4,12,298,177,15,75399,1181,High,5.5
3142,Instagram,13-18,Other,Canada,Mobile,Mobile Data,Premium,Text,5.1,0,755,5,79,27841,2237,Medium,4.0
3143,Pinterest,19-25,Female,UK,Tablet,WiFi,Free,Video,3.2,24,666,70,74,59624,471,Medium,4.9
3144,Twitter,26-35,Other,Australia,Desktop,Mobile Data,Premium,Video,2.5,11,551,18,13,39447,3297,Medium,7.3
3145,Facebook,60+,Other,USA,Desktop,WiFi,Premium,Video,3.8,20,493,109,61,11792,1386,Medium,0.6
3146,TikTok,36-45,Male,USA,Tablet,Mobile Data,Premium,Mixed,2.0,17,32,55,11,95160,3159,Low,6.2
3147,YouTube,46-60,Male,UK,Desktop,Mobile Data,Premium,Video,4.9,12,192,142,137,13386,4041,Low,2.7
3148,Instagram,60+,Female,Australia,Desktop,WiFi,Premium,Text,1.8,31,493,31,78,28792,96,High,5.4
3149,Reddit,26-35,Female,USA,Mobile,Mobile Data,Free,Video,3.8,39,684,108,53,5175,924,High,1.8
3150,Twitter,13-18,Other,Germany,Mobile,WiFi,Free,Text,1.9,28,364,81,17,29757,2857,High,3.7
3151,TikTok,36-45,Other,USA,Desktop,WiFi,Premium,Image,1.5,38,614,130,150,60595,1581,Medium,3.6
3152,YouTube,19-25,Other,Singapore,Desktop,WiFi,Free,Video,2.9,2,153,126,40,17766,4902,Low,0.8
3153,LinkedIn,13-18,Other,UAE,Mobile,Mobile Data,Premium,Text,2.8,28,741,195,49,61734,3963,Low,1.9
3154,Reddit,60+,Male,Australia,Desktop,Mobile Data,Premium,Text,5.9,33,609,64,56,86364,342,High,6.2
3155,LinkedIn,19-25,Other,UK,Mobile,Mobile Data,Free,Text,0.9,15,418,177,121,1733,1391,Medium,5.7
3156,Snapchat,46-60,Male,Singapore,Mobile,WiFi,Premium,Image,1.9,6,13,104,139,66564,2935,Medium,7.5
3157,Twitter,36-45,Other,USA,Mobile,WiFi,Free,Video,0.8,11,442,174,40,69423,3151,Medium,2.9
3158,Facebook,13-18,Female,India,Mobile,Mobile Data,Premium,Video,4.0,32,784,75,99,98590,3706,High,1.9
3159,Twitter,13-18,Other,Brazil,Tablet,WiFi,Free,Video,3.2,7,455,154,92,27843,4278,Low,2.1
3160,Pinterest,60+,Female,Brazil,Tablet,WiFi,Premium,Text,2.9,6,228,110,143,84547,181,Low,3.0
3161,TikTok,19-25,Other,Japan,Desktop,WiFi,Premium,Image,1.6,35,661,19,39,44806,3927,High,5.2
3162,Pinterest,36-45,Male,UAE,Mobile,Mobile Data,Premium,Image,2.0,33,685,41,104,5374,1087,Low,9.7
3163,Facebook,36-45,Male,Brazil,Tablet,Mobile Data,Free,Video,2.9,12,398,3,10,91697,1647,Low,5.1
3164,TikTok,36-45,Other,Australia,Desktop,WiFi,Free,Mixed,2.6,11,645,138,15,17691,210,Low,4.6
3165,Twitter,60+,Male,UK,Mobile,Mobile Data,Premium,Mixed,1.0,27,229,112,142,40171,3059,Medium,1.6
3166,Snapchat,19-25,Female,Australia,Mobile,WiFi,Premium,Image,5.5,37,466,150,37,61598,416,Medium,7.1
3167,Instagram,60+,Male,UAE,Desktop,WiFi,Premium,Image,4.3,34,690,126,31,79916,2193,High,9.2
3168,Instagram,26-35,Other,Brazil,Tablet,Mobile Data,Free,Video,1.6,39,308,7,19,65544,4882,Medium,6.0
3169,YouTube,13-18,Female,UAE,Desktop,Mobile Data,Premium,Image,4.4,21,662,170,46,36660,2590,Low,8.6
3170,Reddit,60+,Other,UAE,Mobile,WiFi,Premium,Image,2.6,0,211,18,58,55440,3103,Medium,8.2
3171,Instagram,36-45,Other,India,Desktop,WiFi,Free,Mixed,1.0,18,543,189,149,15809,4117,Low,7.1
3172,Snapchat,46-60,Male,Australia,Tablet,Mobile Data,Premium,Image,0.5,11,71,96,0,57746,3234,Low,1.0
3173,YouTube,26-35,Male,UAE,Desktop,WiFi,Free,Text,5.6,35,770,84,16,67590,1454,High,6.9
3174,Reddit,60+,Male,Germany,Mobile,Mobile Data,Free,Text,0.4,40,265,177,115,64724,1108,Low,3.1
3175,LinkedIn,36-45,Other,Germany,Desktop,WiFi,Premium,Image,3.1,38,24,166,81,80422,3351,Medium,8.8
3176,Pinterest,46-60,Male,Australia,Tablet,WiFi,Premium,Text,3.6,26,16,100,48,83524,2721,High,9.0
3177,Instagram,60+,Female,Canada,Tablet,WiFi,Premium,Text,2.4,17,571,27,5,69748,4047,High,1.4
3178,YouTube,36-45,Other,Canada,Tablet,WiFi,Premium,Image,3.0,34,461,112,70,86074,1269,Medium,3.6
3179,Pinterest,19-25,Male,Singapore,Mobile,WiFi,Free,Image,2.8,3,390,146,110,60545,695,Medium,6.5
3180,Instagram,46-60,Male,Japan,Tablet,WiFi,Free,Mixed,3.8,20,756,2,55,65476,2146,High,4.2
3181,Twitter,60+,Female,India,Desktop,Mobile Data,Premium,Video,3.3,20,109,47,17,68431,3712,Medium,4.2
3182,LinkedIn,36-45,Female,Australia,Tablet,WiFi,Free,Image,0.5,28,190,130,17,88281,4196,Low,9.8
3183,TikTok,36-45,Female,Singapore,Desktop,WiFi,Free,Video,2.3,1,409,11,52,94419,4954,High,7.2
3184,Instagram,60+,Other,Singapore,Mobile,WiFi,Free,Mixed,3.7,15,120,188,127,8970,2220,Medium,1.3
3185,LinkedIn,46-60,Female,USA,Mobile,Mobile Data,Free,Video,2.6,9,394,16,26,56850,4819,Medium,8.4
3186,LinkedIn,13-18,Male,Germany,Desktop,WiFi,Free,Text,1.0,3,527,142,110,11946,4095,Medium,5.1
3187,Facebook,60+,Female,Australia,Tablet,WiFi,Premium,Video,2.3,1,755,120,19,36223,1642,Medium,7.1
3188,LinkedIn,13-18,Other,Brazil,Desktop,Mobile Data,Premium,Mixed,5.2,15,579,47,44,2610,3616,Medium,0.9
3189,Twitter,36-45,Female,India,Desktop,Mobile Data,Premium,Video,2.2,31,346,89,27,74220,893,Medium,3.3
3190,Facebook,19-25,Female,India,Tablet,WiFi,Premium,Video,3.5,2,371,77,108,95941,1569,High,4.1
3191,Pinterest,19-25,Other,Singapore,Mobile,WiFi,Premium,Text,4.3,14,415,180,63,84316,2007,Low,4.2
3192,Facebook,46-60,Male,Australia,Desktop,Mobile Data,Free,Video,2.1,10,705,3,3,45281,4970,High,5.9
3193,LinkedIn,60+,Other,Canada,Desktop,Mobile Data,Free,Mixed,5.7,25,422,153,21,42163,1180,High,3.5
3194,Instagram,60+,Other,Canada,Tablet,Mobile Data,Free,Text,3.6,32,441,113,52,43190,4972,Medium,9.7
3195,Reddit,26-35,Female,Singapore,Desktop,Mobile Data,Premium,Text,5.4,17,727,44,93,60966,4595,Medium,3.5
3196,Pinterest,60+,Male,USA,Mobile,Mobile Data,Premium,Text,3.5,27,597,17,148,63592,3608,Medium,2.8
3197,YouTube,26-35,Other,UK,Desktop,WiFi,Premium,Mixed,0.5,21,237,153,130,1927,951,Low,4.8
3198,Facebook,26-35,Male,Brazil,Tablet,WiFi,Premium,Mixed,1.5,30,602,43,0,95721,167,Low,7.5
3199,LinkedIn,19-25,Female,Germany,Tablet,WiFi,Free,Video,3.1,11,476,149,98,92925,1138,Medium,1.1
3200,Facebook,46-60,Male,Brazil,Tablet,WiFi,Free,Text,0.5,23,337,131,19,29640,3790,Medium,6.8
3201,Instagram,60+,Female,Brazil,Mobile,Mobile Data,Free,Video,1.4,37,491,37,4,4431,1922,Medium,2.1
3202,Twitter,46-60,Male,UK,Mobile,Mobile Data,Free,Video,0.5,15,510,39,131,82033,272,High,9.1
3203,YouTube,36-45,Male,Canada,Mobile,WiFi,Premium,Mixed,5.6,35,322,89,45,34214,4739,Low,1.1
3204,LinkedIn,36-45,Female,India,Mobile,WiFi,Premium,Video,1.2,0,707,7,128,96193,443,Low,8.6
3205,YouTube,19-25,Male,UK,Tablet,WiFi,Free,Image,3.8,38,766,160,35,95534,4865,Low,7.2
3206,Instagram,36-45,Female,Singapore,Tablet,Mobile Data,Premium,Image,1.6,32,270,142,116,20124,3982,High,9.4
3207,Facebook,46-60,Female,Australia,Desktop,WiFi,Premium,Mixed,4.8,21,266,31,76,72846,162,Medium,9.1
3208,Pinterest,19-25,Male,UK,Tablet,WiFi,Free,Video,3.2,33,400,44,139,45635,3348,Low,4.2
3209,Instagram,60+,Female,India,Desktop,WiFi,Free,Mixed,1.4,5,495,30,82,61134,4375,High,8.6
3210,Pinterest,13-18,Other,India,Tablet,Mobile Data,Free,Text,1.3,40,328,113,135,27046,236,Low,4.0
3211,Reddit,26-35,Male,UAE,Desktop,Mobile Data,Free,Video,4.8,35,64,190,65,52701,476,Low,4.1
3212,Reddit,13-18,Male,Singapore,Tablet,WiFi,Premium,Image,3.1,39,111,76,11,63831,102,Low,2.6
3213,TikTok,60+,Female,Germany,Tablet,Mobile Data,Free,Mixed,0.4,26,537,42,115,14847,2510,High,9.1
3214,Pinterest,13-18,Other,Japan,Tablet,WiFi,Free,Mixed,1.8,34,625,157,48,59150,3867,Low,8.2
3215,LinkedIn,26-35,Other,Germany,Mobile,WiFi,Free,Text,1.6,15,615,8,65,96993,492,Medium,3.0
3216,TikTok,26-35,Other,UAE,Mobile,WiFi,Free,Mixed,2.0,34,218,38,109,30303,4588,High,2.6
3217,LinkedIn,13-18,Female,Canada,Tablet,WiFi,Premium,Image,3.3,16,711,40,13,74612,3618,High,4.1
3218,LinkedIn,60+,Other,Singapore,Desktop,Mobile Data,Free,Mixed,1.8,9,797,10,15,8960,201,Medium,6.8
3219,Snapchat,13-18,Other,UAE,Desktop,Mobile Data,Premium,Video,3.0,17,182,50,69,79007,2270,High,3.6
3220,Facebook,60+,Other,Australia,Mobile,WiFi,Premium,Text,3.9,23,555,87,121,91018,4981,Medium,2.4
3221,Snapchat,60+,Other,Brazil,Desktop,WiFi,Free,Image,4.1,23,231,176,82,63622,3499,Low,7.5
3222,Snapchat,13-18,Other,UAE,Mobile,WiFi,Premium,Video,2.9,26,127,31,85,90996,234,High,8.3
3223,YouTube,13-18,Female,UAE,Mobile,Mobile Data,Free,Mixed,2.4,16,293,96,40,12764,1400,High,6.9
3224,Snapchat,36-45,Male,UAE,Mobile,Mobile Data,Premium,Text,1.9,29,65,81,146,69490,563,Low,7.0
3225,Instagram,60+,Other,UAE,Mobile,Mobile Data,Free,Text,5.6,5,728,128,92,41194,1095,Low,3.2
3226,Reddit,46-60,Male,Germany,Mobile,WiFi,Free,Mixed,1.2,8,633,33,58,49104,4103,Low,5.4
3227,Pinterest,26-35,Other,UK,Desktop,WiFi,Free,Mixed,0.4,0,730,154,106,72628,3955,Medium,3.0
3228,Snapchat,19-25,Female,USA,Tablet,WiFi,Free,Text,2.9,24,565,33,142,83267,351,Low,3.0
3229,LinkedIn,26-35,Male,Canada,Desktop,Mobile Data,Free,Mixed,0.8,8,449,175,35,11622,4913,Low,2.8
3230,Pinterest,60+,Male,India,Tablet,Mobile Data,Free,Video,1.9,35,22,103,21,25831,3010,High,6.7
3231,Facebook,13-18,Male,India,Tablet,Mobile Data,Premium,Video,4.9,24,378,59,53,17926,3112,Low,3.0
3232,Facebook,19-25,Other,UK,Tablet,WiFi,Premium,Mixed,2.6,13,238,48,105,46288,1137,High,9.4
3233,Facebook,36-45,Other,India,Mobile,WiFi,Premium,Mixed,0.4,27,82,91,91,71282,4363,High,2.6
3234,YouTube,60+,Female,Singapore,Mobile,Mobile Data,Premium,Text,5.9,20,97,73,99,85146,2591,High,9.2
3235,Instagram,13-18,Male,Japan,Mobile,Mobile Data,Free,Image,0.6,1,689,163,30,18203,265,Low,8.9
3236,Pinterest,36-45,Female,UK,Mobile,WiFi,Premium,Mixed,5.0,27,614,163,22,41424,2416,Low,4.4
3237,LinkedIn,46-60,Male,UAE,Desktop,WiFi,Free,Mixed,5.1,35,557,24,25,71119,3584,Low,6.9
3238,Facebook,19-25,Other,USA,Mobile,Mobile Data,Premium,Video,5.3,37,149,103,79,51444,3984,Medium,5.5
3239,Snapchat,26-35,Male,Japan,Mobile,Mobile Data,Premium,Video,5.4,0,196,25,41,71452,3044,Medium,7.6
3240,Snapchat,46-60,Other,Germany,Desktop,Mobile Data,Free,Text,4.6,38,225,133,55,8821,3324,Low,9.6
3241,Pinterest,13-18,Other,UAE,Desktop,Mobile Data,Premium,Text,5.2,27,84,182,146,57709,125,Medium,8.5
3242,Instagram,60+,Female,USA,Desktop,Mobile Data,Premium,Video,5.1,19,697,69,121,17499,3172,Low,7.7
3243,Instagram,26-35,Other,Germany,Tablet,Mobile Data,Premium,Text,5.7,31,515,116,80,77935,374,High,4.7
3244,Instagram,19-25,Male,Germany,Tablet,WiFi,Premium,Mixed,3.3,14,39,97,33,47520,1062,Medium,5.8
3245,YouTube,60+,Male,Singapore,Desktop,WiFi,Free,Mixed,3.0,33,216,77,48,86904,2112,Medium,8.8
3246,Facebook,26-35,Female,Canada,Mobile,WiFi,Premium,Mixed,0.4,31,223,200,91,12821,3761,Low,4.6
3247,Snapchat,60+,Female,Brazil,Desktop,WiFi,Premium,Video,4.5,12,70,192,122,10526,3776,Medium,1.1
3248,Twitter,26-35,Other,Japan,Tablet,WiFi,Free,Text,1.8,38,395,171,120,56940,1493,Low,5.9
3249,Instagram,60+,Other,UAE,Mobile,WiFi,Premium,Video,1.7,24,634,156,105,94595,635,Medium,5.8
3250,Pinterest,36-45,Other,USA,Desktop,WiFi,Free,Image,0.6,21,166,56,130,56629,1252,Medium,1.6
3251,Twitter,19-25,Female,USA,Mobile,WiFi,Free,Image,3.8,37,609,9,44,60096,612,Medium,7.6
3252,LinkedIn,13-18,Female,Australia,Tablet,WiFi,Free,Text,4.0,14,551,66,97,21056,3979,High,7.9
3253,LinkedIn,19-25,Other,UAE,Tablet,WiFi,Premium,Image,3.8,22,316,151,47,35944,2518,Low,2.1
3254,TikTok,60+,Male,Japan,Tablet,WiFi,Premium,Image,1.9,26,506,112,121,83685,2817,Medium,5.5
3255,Instagram,26-35,Male,UK,Mobile,WiFi,Premium,Image,2.1,21,65,113,103,61367,3073,Low,9.9
3256,Twitter,13-18,Male,Singapore,Mobile,WiFi,Free,Text,4.8,22,495,161,19,42943,1622,High,7.4
3257,Instagram,13-18,Female,Singapore,Tablet,Mobile Data,Premium,Mixed,4.1,34,154,62,2,23726,3491,Low,7.5
3258,YouTube,26-35,Male,USA,Desktop,WiFi,Free,Video,1.3,11,121,19,99,44001,2388,Medium,1.5
3259,Snapchat,46-60,Other,UK,Mobile,WiFi,Premium,Image,0.2,27,593,12,73,56391,1773,Medium,9.3
3260,Pinterest,60+,Female,Singapore,Desktop,Mobile Data,Premium,Text,4.3,35,683,154,14,78820,4756,Low,4.0
3261,TikTok,60+,Male,Singapore,Mobile,WiFi,Premium,Text,5.2,15,748,199,114,6624,1780,Medium,5.3
3262,Twitter,13-18,Other,Australia,Tablet,Mobile Data,Premium,Image,1.0,28,695,37,134,22504,4811,Low,1.1
3263,Reddit,46-60,Other,Brazil,Mobile,WiFi,Premium,Mixed,0.5,4,791,121,121,63589,1211,High,1.3
3264,Pinterest,19-25,Other,UK,Desktop,WiFi,Free,Video,1.3,0,684,188,11,68100,4360,High,9.2
3265,Facebook,36-45,Male,India,Tablet,WiFi,Free,Mixed,3.7,38,726,87,150,86185,3033,High,6.5
3266,Pinterest,46-60,Female,Singapore,Desktop,Mobile Data,Free,Mixed,2.6,1,302,186,117,67648,825,Low,6.8
3267,Facebook,19-25,Female,Australia,Desktop,Mobile Data,Premium,Text,1.4,16,294,76,128,10777,3438,Medium,7.1
3268,YouTube,36-45,Female,Australia,Tablet,WiFi,Premium,Mixed,3.4,9,131,138,36,49388,337,High,7.2
3269,Facebook,46-60,Male,USA,Mobile,Mobile Data,Free,Text,5.3,36,613,9,120,74444,815,High,5.5
3270,Reddit,19-25,Other,Singapore,Desktop,Mobile Data,Premium,Video,5.1,31,497,75,149,61783,1267,Low,3.1
3271,TikTok,26-35,Other,UK,Tablet,WiFi,Premium,Mixed,0.2,40,410,197,82,79955,2046,High,9.5
3272,TikTok,36-45,Other,Australia,Desktop,WiFi,Premium,Image,3.1,3,525,179,6,17881,4709,High,1.5
3273,YouTube,13-18,Female,UAE,Tablet,WiFi,Free,Image,2.0,25,365,38,103,58751,4420,High,9.5
3274,YouTube,60+,Other,UK,Desktop,Mobile Data,Premium,Text,1.2,8,713,112,150,4203,2385,Low,5.0
3275,TikTok,60+,Female,Germany,Mobile,Mobile Data,Premium,Image,1.6,2,270,175,110,1974,1677,Medium,1.6
3276,Facebook,60+,Female,Australia,Desktop,WiFi,Premium,Text,1.5,19,237,31,20,95527,2893,Low,0.8
3277,Facebook,26-35,Male,UK,Desktop,WiFi,Free,Text,1.1,10,779,43,137,99204,825,Low,9.2
3278,Reddit,13-18,Female,Germany,Desktop,WiFi,Free,Mixed,4.2,11,135,129,137,2131,167,Medium,9.9
3279,Instagram,13-18,Female,Germany,Desktop,WiFi,Premium,Video,2.0,0,581,167,51,90175,165,High,2.7
3280,TikTok,36-45,Male,Canada,Desktop,Mobile Data,Premium,Video,4.5,19,301,56,70,82423,4881,High,8.4
3281,Reddit,13-18,Other,Japan,Mobile,WiFi,Premium,Text,1.2,30,726,97,83,5282,2913,High,2.4
3282,TikTok,36-45,Female,USA,Desktop,Mobile Data,Free,Text,0.5,15,772,48,66,33485,2317,Low,2.6
3283,Reddit,13-18,Other,Japan,Tablet,Mobile Data,Free,Image,4.0,31,718,179,100,1533,1113,Low,4.5
3284,LinkedIn,36-45,Male,Canada,Tablet,WiFi,Free,Mixed,4.2,18,335,93,80,2102,1736,High,8.5
3285,YouTube,19-25,Female,Australia,Mobile,Mobile Data,Free,Image,0.9,14,21,198,15,6726,2472,High,9.8
3286,Twitter,36-45,Male,Australia,Desktop,WiFi,Free,Text,3.5,19,473,144,133,85744,1955,High,5.1
3287,Reddit,26-35,Male,UAE,Tablet,WiFi,Premium,Video,0.7,33,711,136,3,11219,4741,High,4.1
3288,TikTok,13-18,Male,UK,Desktop,WiFi,Premium,Text,5.2,36,313,158,31,8572,1977,Low,6.2
3289,Instagram,19-25,Female,UAE,Tablet,WiFi,Premium,Video,0.7,4,764,71,147,49493,3770,High,7.7
3290,Facebook,60+,Female,UK,Desktop,WiFi,Free,Mixed,5.7,18,535,77,45,94161,2274,Low,4.0
3291,TikTok,19-25,Male,Australia,Tablet,Mobile Data,Premium,Video,3.8,1,238,99,116,56403,4615,Medium,3.0
3292,Instagram,46-60,Male,Japan,Mobile,WiFi,Free,Mixed,5.1,18,492,141,65,63207,905,High,2.5
3293,Twitter,13-18,Female,USA,Desktop,Mobile Data,Free,Text,3.8,22,394,141,8,95696,1412,Medium,8.9
3294,TikTok,13-18,Female,Singapore,Tablet,WiFi,Premium,Mixed,3.4,8,606,115,58,22658,1693,Low,6.4
3295,TikTok,26-35,Other,Brazil,Mobile,Mobile Data,Free,Text,1.2,11,68,13,77,83567,1733,Low,2.7
3296,TikTok,26-35,Female,Australia,Desktop,Mobile Data,Premium,Text,2.0,15,5,134,78,16435,413,Low,1.2
3297,Snapchat,19-25,Female,UAE,Mobile,WiFi,Premium,Mixed,0.3,4,603,197,99,85319,2158,Medium,6.6
3298,TikTok,60+,Other,Australia,Desktop,WiFi,Free,Image,5.9,14,708,70,107,30291,3580,Low,4.8
3299,Snapchat,13-18,Female,Singapore,Tablet,WiFi,Premium,Mixed,2.1,12,351,106,120,99818,1158,Medium,2.1
3300,Facebook,60+,Male,UK,Tablet,Mobile Data,Free,Video,3.0,5,800,123,28,28505,3523,Medium,8.9
3301,Pinterest,46-60,Male,Germany,Desktop,Mobile Data,Free,Video,2.7,27,132,0,41,44981,2538,Medium,6.8
3302,Snapchat,46-60,Male,Singapore,Tablet,Mobile Data,Free,Mixed,3.8,31,747,142,32,35221,3246,Medium,4.8
3303,Snapchat,13-18,Female,Australia,Mobile,Mobile Data,Premium,Text,1.2,30,191,170,119,39415,2703,Low,0.7
3304,TikTok,46-60,Other,Singapore,Desktop,Mobile Data,Premium,Mixed,0.4,11,78,130,103,36906,894,Medium,2.0
3305,Instagram,60+,Other,USA,Mobile,Mobile Data,Premium,Text,4.5,11,0,177,80,61097,1375,Low,5.8
3306,Snapchat,19-25,Male,Germany,Desktop,WiFi,Premium,Text,2.0,32,346,166,96,48003,1179,Medium,5.8
3307,Reddit,13-18,Female,UK,Tablet,WiFi,Free,Mixed,2.4,12,378,200,48,29286,3213,Medium,7.4
3308,YouTube,60+,Other,UK,Tablet,Mobile Data,Premium,Text,1.4,26,50,132,115,4531,2693,Low,6.5
3309,Pinterest,60+,Female,UAE,Tablet,WiFi,Free,Text,5.7,1,416,89,147,47649,2618,Low,1.1
3310,Instagram,13-18,Male,UK,Tablet,Mobile Data,Premium,Text,3.2,30,197,96,132,43842,457,Medium,5.9
3311,Twitter,26-35,Female,Germany,Desktop,Mobile Data,Free,Image,2.6,8,108,149,54,5485,4858,Low,7.6
3312,Pinterest,60+,Other,Australia,Tablet,Mobile Data,Premium,Mixed,3.1,5,132,185,109,36117,2326,High,6.3
3313,Instagram,36-45,Other,India,Mobile,WiFi,Premium,Image,1.7,27,520,67,38,43320,1503,Medium,5.4
3314,YouTube,46-60,Female,Canada,Desktop,Mobile Data,Premium,Image,5.9,24,320,175,4,78491,1212,Low,3.8
3315,YouTube,46-60,Female,Brazil,Mobile,WiFi,Premium,Mixed,4.3,17,234,53,125,53492,4102,Medium,3.4
3316,YouTube,46-60,Other,USA,Desktop,WiFi,Free,Image,2.8,25,455,21,140,35814,2217,High,2.3
3317,Instagram,36-45,Male,USA,Tablet,Mobile Data,Free,Text,2.3,14,344,147,131,15222,2096,Medium,4.9
3318,Reddit,26-35,Male,Canada,Mobile,WiFi,Premium,Image,4.1,20,33,46,106,39732,4246,High,7.5
3319,Pinterest,60+,Female,Japan,Mobile,WiFi,Premium,Text,3.6,38,368,82,113,97176,4752,Low,7.6
3320,Snapchat,13-18,Male,Germany,Tablet,Mobile Data,Free,Text,0.6,20,692,138,65,1497,2746,High,6.1
3321,YouTube,36-45,Other,USA,Mobile,Mobile Data,Free,Video,2.5,32,465,115,123,8726,3553,Medium,1.9
3322,LinkedIn,36-45,Female,India,Desktop,WiFi,Premium,Text,1.6,0,730,120,104,69923,420,High,5.5
3323,Facebook,19-25,Male,Australia,Desktop,WiFi,Free,Video,5.8,23,89,33,85,88602,1197,High,5.3
3324,Instagram,36-45,Other,USA,Desktop,Mobile Data,Free,Video,5.8,2,163,122,53,10331,2038,Low,7.0
3325,Instagram,26-35,Other,Brazil,Mobile,WiFi,Free,Mixed,0.9,3,218,191,95,40134,1242,High,5.7
3326,Snapchat,60+,Other,India,Desktop,WiFi,Premium,Image,2.0,24,26,158,125,45004,2407,High,5.4
3327,Pinterest,60+,Female,India,Desktop,Mobile Data,Free,Video,4.8,34,174,43,72,32869,1341,High,4.4
3328,YouTube,36-45,Other,UAE,Desktop,Mobile Data,Free,Text,0.6,22,31,105,104,42243,4921,Low,9.6
3329,LinkedIn,46-60,Female,UAE,Mobile,WiFi,Premium,Text,0.7,3,793,58,52,31303,3629,Low,0.7
3330,Facebook,46-60,Other,UK,Mobile,Mobile Data,Free,Video,3.7,7,783,4,132,18174,3476,Medium,4.5
3331,Reddit,13-18,Female,Japan,Desktop,Mobile Data,Premium,Video,5.1,21,339,8,7,62919,464,Medium,3.9
3332,LinkedIn,60+,Male,India,Mobile,Mobile Data,Premium,Video,0.6,28,764,144,126,90675,3364,High,2.6
3333,Snapchat,36-45,Male,Australia,Desktop,WiFi,Free,Image,1.5,26,424,119,67,44912,2833,Low,9.7
3334,LinkedIn,46-60,Female,Canada,Mobile,WiFi,Free,Text,1.5,14,692,48,2,51627,3459,Low,9.7
3335,Facebook,19-25,Female,UK,Tablet,WiFi,Free,Video,3.4,12,701,119,11,18348,2518,Medium,2.2
3336,TikTok,46-60,Male,Australia,Tablet,WiFi,Free,Text,4.7,5,618,121,6,84280,4143,Low,7.6
3337,Instagram,26-35,Male,Australia,Desktop,WiFi,Premium,Mixed,4.5,29,402,179,145,77694,3667,Low,6.5
3338,TikTok,46-60,Female,UK,Tablet,WiFi,Free,Image,3.8,36,579,74,138,81332,992,High,6.2
3339,Facebook,19-25,Female,UK,Desktop,WiFi,Premium,Mixed,4.3,12,628,82,79,1341,1250,Low,3.9
3340,Instagram,13-18,Other,UAE,Tablet,Mobile Data,Free,Text,0.8,14,639,170,9,46950,887,Medium,1.8
3341,TikTok,19-25,Female,Singapore,Mobile,Mobile Data,Premium,Text,4.6,11,472,0,139,57882,1492,High,7.8
3342,Twitter,13-18,Male,UAE,Desktop,WiFi,Free,Mixed,2.2,12,664,46,61,96605,2717,Low,6.3
3343,Pinterest,26-35,Female,Singapore,Desktop,WiFi,Premium,Mixed,5.9,25,556,54,96,50924,475,Medium,2.5
3344,LinkedIn,46-60,Female,USA,Tablet,Mobile Data,Premium,Image,2.2,32,323,133,56,14212,2563,Low,6.4
3345,Twitter,19-25,Male,USA,Mobile,WiFi,Premium,Video,2.1,18,310,41,124,48700,2409,Low,7.6
3346,Reddit,36-45,Other,UAE,Desktop,Mobile Data,Premium,Video,0.5,12,75,64,49,73757,3043,High,4.8
3347,LinkedIn,19-25,Other,Australia,Desktop,Mobile Data,Free,Image,4.9,21,184,6,21,91804,2976,High,5.1
3348,Pinterest,26-35,Male,Australia,Tablet,WiFi,Free,Text,4.5,6,443,21,84,26506,4915,Medium,8.6
3349,Facebook,60+,Other,UAE,Tablet,Mobile Data,Premium,Text,1.1,8,171,23,102,86186,4833,Low,3.7
3350,Facebook,26-35,Female,Brazil,Desktop,Mobile Data,Premium,Image,4.6,5,421,107,74,60897,594,High,5.4
3351,YouTube,13-18,Other,Canada,Desktop,Mobile Data,Free,Mixed,4.5,27,339,157,46,89951,3074,Low,2.8
3352,Facebook,13-18,Female,Germany,Tablet,WiFi,Free,Video,5.7,22,386,17,115,77481,2710,High,6.0
3353,Facebook,19-25,Female,Australia,Desktop,Mobile Data,Premium,Image,4.0,26,763,156,7,76545,1401,Medium,9.9
3354,YouTube,19-25,Female,Japan,Mobile,WiFi,Free,Text,5.0,24,384,187,121,28015,1384,Low,4.9
3355,Twitter,46-60,Male,USA,Tablet,Mobile Data,Free,Mixed,5.1,30,720,45,34,34212,4653,Medium,9.4
3356,Pinterest,36-45,Male,Germany,Mobile,WiFi,Free,Mixed,0.2,10,367,60,144,46646,3200,Medium,5.9
3357,LinkedIn,36-45,Other,Japan,Desktop,Mobile Data,Free,Mixed,1.8,4,518,197,109,39909,3570,High,2.6
3358,Snapchat,36-45,Male,Australia,Desktop,WiFi,Premium,Mixed,4.5,15,587,79,4,40011,3825,High,2.4
3359,Twitter,60+,Other,Brazil,Tablet,Mobile Data,Free,Text,6.0,17,474,19,16,76281,3645,Medium,6.1
3360,Reddit,60+,Other,UK,Mobile,Mobile Data,Premium,Text,4.1,40,528,32,103,19548,2299,High,1.6
3361,Twitter,13-18,Male,India,Mobile,Mobile Data,Free,Image,3.7,38,80,48,1,49295,518,High,2.8
3362,TikTok,13-18,Other,Australia,Mobile,WiFi,Premium,Text,2.6,32,652,6,34,15170,719,Low,7.3
3363,Reddit,36-45,Female,USA,Mobile,WiFi,Premium,Mixed,2.3,12,205,14,113,60000,4459,Medium,6.8
3364,LinkedIn,26-35,Female,Brazil,Mobile,Mobile Data,Free,Video,2.5,13,160,159,29,22813,1977,Low,6.7
3365,Twitter,19-25,Female,UAE,Mobile,Mobile Data,Premium,Video,1.7,3,92,83,102,38161,739,High,8.0
3366,Instagram,46-60,Male,Germany,Mobile,WiFi,Premium,Text,4.8,29,668,49,81,20207,428,Low,3.6
3367,Facebook,60+,Male,Canada,Tablet,Mobile Data,Free,Text,3.2,28,470,111,3,91488,4674,Low,5.1
3368,YouTube,46-60,Male,Japan,Mobile,Mobile Data,Premium,Image,5.0,1,664,40,0,21747,2956,Low,7.7
3369,Twitter,36-45,Other,Japan,Desktop,Mobile Data,Premium,Video,4.4,7,248,79,47,50303,3346,Low,7.0
3370,LinkedIn,46-60,Female,Australia,Tablet,Mobile Data,Premium,Video,3.0,23,409,173,126,81109,3134,Low,1.8
3371,TikTok,26-35,Male,India,Tablet,Mobile Data,Premium,Mixed,2.1,4,490,95,34,9891,2967,High,1.6
3372,LinkedIn,19-25,Female,Singapore,Tablet,Mobile Data,Premium,Video,3.0,27,187,115,112,99922,4425,Medium,4.4
3373,TikTok,19-25,Male,UK,Tablet,Mobile Data,Premium,Text,5.6,6,395,104,146,10862,3995,High,0.6
3374,Facebook,13-18,Other,India,Tablet,Mobile Data,Free,Mixed,5.1,40,28,184,27,81875,4058,Low,3.1
3375,Reddit,19-25,Male,Australia,Tablet,Mobile Data,Free,Image,4.5,5,38,51,88,97905,3317,Low,3.6
3376,YouTube,13-18,Female,Singapore,Desktop,WiFi,Premium,Text,3.8,31,127,13,49,47533,665,High,1.3
3377,Snapchat,13-18,Male,Australia,Tablet,WiFi,Free,Mixed,5.9,37,432,116,96,51506,1346,Medium,4.7
3378,LinkedIn,13-18,Female,Brazil,Tablet,WiFi,Free,Text,3.2,19,233,128,30,96476,1134,Low,3.9
3379,TikTok,36-45,Male,Singapore,Mobile,Mobile Data,Free,Video,5.7,28,291,145,144,96314,4463,High,9.8
3380,Reddit,46-60,Male,Canada,Desktop,Mobile Data,Free,Text,2.5,31,88,109,34,97181,4541,Low,9.2
3381,Snapchat,46-60,Other,USA,Desktop,Mobile Data,Free,Text,1.8,34,34,19,23,85354,4492,High,2.0
3382,TikTok,46-60,Other,Brazil,Mobile,Mobile Data,Premium,Video,1.0,1,540,16,105,63613,3431,Low,8.6
3383,Pinterest,13-18,Female,Japan,Tablet,Mobile Data,Free,Image,0.7,10,423,56,111,54761,4313,High,2.7
3384,Instagram,13-18,Female,USA,Mobile,Mobile Data,Free,Image,4.8,27,413,54,35,60314,4537,Medium,4.5
3385,TikTok,19-25,Female,India,Mobile,WiFi,Premium,Image,0.9,25,225,130,18,1478,2411,High,9.8
3386,Pinterest,60+,Other,India,Tablet,WiFi,Premium,Image,1.8,20,426,176,134,51234,2770,High,3.8
3387,Reddit,26-35,Male,Germany,Desktop,WiFi,Premium,Image,1.6,37,523,37,80,86093,2376,Low,9.2
3388,Reddit,26-35,Male,UK,Tablet,Mobile Data,Free,Text,4.6,19,741,68,114,28245,818,Medium,1.3
3389,Reddit,46-60,Female,India,Mobile,WiFi,Premium,Video,2.9,38,136,139,1,17738,339,Low,2.9
3390,Twitter,13-18,Other,India,Tablet,Mobile Data,Premium,Text,6.0,16,134,57,105,59833,982,Medium,0.9
3391,YouTube,26-35,Other,USA,Desktop,Mobile Data,Free,Video,0.5,2,208,194,80,29792,4519,Low,2.3
3392,Pinterest,26-35,Female,USA,Tablet,WiFi,Free,Mixed,4.2,22,47,173,80,86353,4344,Low,3.4
3393,TikTok,19-25,Female,Japan,Desktop,WiFi,Free,Text,0.3,13,230,171,29,74869,1903,Low,6.4
3394,Pinterest,46-60,Female,Australia,Tablet,Mobile Data,Premium,Mixed,1.6,15,646,102,144,29541,1615,Medium,0.6
3395,Instagram,13-18,Other,USA,Tablet,Mobile Data,Premium,Image,2.2,26,340,23,6,5460,1486,Low,2.9
3396,Pinterest,26-35,Male,Germany,Tablet,Mobile Data,Free,Text,1.0,20,136,93,103,40383,2644,Medium,7.7
3397,Snapchat,26-35,Other,Australia,Desktop,WiFi,Free,Video,4.2,27,159,98,13,51526,2856,High,4.9
3398,Instagram,60+,Other,UAE,Desktop,WiFi,Free,Mixed,4.9,17,48,87,101,46146,2713,Medium,2.0
3399,Pinterest,19-25,Male,Japan,Mobile,WiFi,Free,Mixed,5.8,8,246,100,121,84442,2966,High,3.7
3400,Instagram,19-25,Female,Singapore,Mobile,Mobile Data,Free,Image,5.1,36,772,183,131,6067,1667,Low,6.0
3401,LinkedIn,26-35,Female,UAE,Desktop,Mobile Data,Free,Video,6.0,17,311,120,40,87338,1238,Low,2.4
3402,Pinterest,36-45,Male,Germany,Mobile,WiFi,Premium,Image,0.9,13,56,83,48,86518,3177,Low,8.9
3403,Snapchat,46-60,Female,Canada,Mobile,Mobile Data,Free,Mixed,4.2,7,86,89,129,74108,3689,Low,5.5
3404,Instagram,13-18,Other,UK,Desktop,Mobile Data,Free,Video,3.8,36,37,56,133,29201,1069,Low,4.0
3405,Pinterest,26-35,Other,UAE,Mobile,Mobile Data,Free,Mixed,4.2,23,720,198,63,81320,1804,Medium,7.7
3406,Reddit,26-35,Female,Australia,Mobile,Mobile Data,Free,Text,4.2,3,300,198,79,26084,1634,Low,2.1
3407,Reddit,13-18,Other,UK,Mobile,Mobile Data,Premium,Image,5.3,31,60,7,99,2910,4659,High,2.2
3408,Snapchat,26-35,Male,UK,Mobile,WiFi,Premium,Text,4.4,20,317,156,144,38556,3882,Low,1.7
3409,Pinterest,19-25,Male,India,Desktop,Mobile Data,Free,Image,4.8,20,621,166,72,12630,2485,High,2.3
3410,Twitter,19-25,Male,UAE,Tablet,Mobile Data,Free,Image,4.4,31,623,26,52,71317,1098,Medium,5.0
3411,Instagram,19-25,Male,Japan,Tablet,Mobile Data,Free,Mixed,2.2,20,663,129,2,54562,4862,Low,8.1
3412,Pinterest,13-18,Female,Singapore,Tablet,WiFi,Free,Video,2.5,33,752,160,49,46082,4698,Low,7.2
3413,LinkedIn,46-60,Male,Brazil,Mobile,Mobile Data,Free,Video,2.1,4,662,168,106,87743,133,Medium,2.8
3414,Facebook,19-25,Female,India,Tablet,Mobile Data,Premium,Video,0.6,25,137,31,64,25762,4499,Low,7.7
3415,Pinterest,60+,Male,Singapore,Desktop,WiFi,Free,Text,4.7,15,730,35,20,91880,876,High,1.7
3416,Instagram,46-60,Male,Australia,Tablet,WiFi,Free,Mixed,5.5,28,289,31,26,12927,3946,High,2.2
3417,Instagram,19-25,Female,Australia,Desktop,Mobile Data,Free,Text,5.9,15,236,96,6,82855,1656,High,4.0
3418,Snapchat,26-35,Other,USA,Tablet,Mobile Data,Free,Image,1.3,39,102,12,123,55417,4110,High,3.1
3419,Twitter,19-25,Male,Brazil,Tablet,Mobile Data,Free,Video,1.1,2,237,157,20,55732,2917,Medium,0.5
3420,Twitter,46-60,Other,USA,Mobile,WiFi,Premium,Video,4.9,6,155,3,146,78412,1516,High,3.5
3421,Facebook,60+,Other,Germany,Tablet,Mobile Data,Free,Text,4.3,19,14,175,93,48870,2303,High,8.3
3422,Reddit,36-45,Other,Germany,Mobile,Mobile Data,Premium,Image,4.7,29,394,120,135,10413,4626,Low,5.1
3423,Snapchat,13-18,Male,Japan,Mobile,Mobile Data,Free,Image,1.6,11,630,44,99,23736,1776,High,3.4
3424,YouTube,26-35,Male,USA,Tablet,WiFi,Premium,Mixed,4.4,6,8,69,147,81343,929,Low,4.7
3425,Facebook,36-45,Male,UK,Tablet,Mobile Data,Free,Image,0.5,14,229,29,107,85820,3856,High,3.0
3426,YouTube,26-35,Other,UK,Tablet,WiFi,Premium,Image,1.0,6,668,191,102,73002,4109,High,6.2
3427,Reddit,46-60,Other,Australia,Desktop,WiFi,Free,Mixed,1.9,15,526,157,87,12849,4663,Low,6.2
3428,TikTok,46-60,Female,Canada,Desktop,WiFi,Free,Image,1.1,16,475,7,133,10062,1120,Low,9.9
3429,Pinterest,26-35,Other,UAE,Mobile,WiFi,Free,Mixed,5.5,19,383,98,62,30166,1482,Low,0.8
3430,Pinterest,60+,Male,Brazil,Mobile,Mobile Data,Premium,Text,4.8,21,407,166,75,78134,3610,High,0.9
3431,Instagram,36-45,Other,Germany,Mobile,Mobile Data,Premium,Mixed,0.7,34,20,121,130,11790,3586,Low,8.6
3432,YouTube,46-60,Female,Japan,Tablet,WiFi,Premium,Mixed,1.7,27,585,21,51,48221,1950,Low,0.9
3433,TikTok,36-45,Other,Australia,Tablet,Mobile Data,Free,Mixed,3.7,36,664,1,50,85386,4745,Low,2.4
3434,Twitter,13-18,Other,UAE,Mobile,WiFi,Free,Video,0.4,9,207,143,28,99433,2129,Medium,2.7
3435,Facebook,26-35,Female,India,Desktop,Mobile Data,Premium,Image,1.7,12,254,63,61,52576,981,Medium,8.3
3436,TikTok,13-18,Male,Brazil,Tablet,WiFi,Free,Image,4.6,12,655,149,114,76141,2564,High,9.9
3437,Snapchat,60+,Male,UAE,Mobile,Mobile Data,Premium,Image,3.8,3,532,87,144,58991,1265,Low,6.2
3438,TikTok,60+,Other,Japan,Tablet,WiFi,Free,Image,4.6,25,118,165,1,96920,1834,Low,4.6
3439,TikTok,26-35,Other,India,Mobile,WiFi,Premium,Text,2.7,7,437,30,122,42437,1802,Medium,7.1
3440,LinkedIn,60+,Male,Canada,Tablet,Mobile Data,Free,Text,1.5,27,771,68,32,65213,3624,Medium,4.2
3441,Twitter,26-35,Female,Canada,Mobile,WiFi,Premium,Video,5.1,4,252,180,94,20778,623,High,6.5
3442,TikTok,13-18,Female,UAE,Tablet,WiFi,Free,Text,0.7,10,268,105,49,57570,4635,Low,8.9
3443,Facebook,26-35,Other,Australia,Mobile,Mobile Data,Premium,Mixed,4.5,33,595,56,90,93601,4864,Medium,2.9
3444,TikTok,19-25,Other,Brazil,Desktop,WiFi,Premium,Mixed,5.4,19,147,135,0,36450,2528,Low,3.3
3445,Pinterest,60+,Male,Singapore,Mobile,WiFi,Premium,Video,0.3,16,268,108,113,53707,2761,Low,5.8
3446,YouTube,36-45,Female,UAE,Tablet,Mobile Data,Free,Image,1.8,7,172,33,12,12409,3627,High,9.4
3447,Instagram,36-45,Other,Canada,Mobile,WiFi,Free,Video,4.0,40,771,177,51,20916,2097,Medium,9.3
3448,Twitter,46-60,Other,Japan,Tablet,Mobile Data,Free,Image,0.2,29,520,69,146,6133,4582,High,7.4
3449,Twitter,13-18,Other,USA,Mobile,WiFi,Free,Text,4.5,37,136,5,120,82399,1516,Medium,5.1
3450,Reddit,26-35,Female,USA,Desktop,Mobile Data,Premium,Video,1.1,21,502,55,62,14135,2979,Low,6.1
3451,Twitter,60+,Male,Singapore,Desktop,WiFi,Free,Mixed,4.9,7,280,192,23,48217,434,High,7.2
3452,Twitter,36-45,Other,Australia,Tablet,WiFi,Premium,Mixed,2.8,15,426,119,131,72471,875,High,3.5
3453,Twitter,19-25,Male,UK,Mobile,WiFi,Premium,Video,2.8,28,484,110,98,57359,2300,High,5.2
3454,LinkedIn,46-60,Male,USA,Desktop,WiFi,Free,Image,2.3,8,739,57,128,20120,4103,High,8.8
3455,Twitter,19-25,Female,UAE,Mobile,Mobile Data,Free,Text,0.9,40,359,3,47,9385,4098,Medium,2.4
3456,LinkedIn,46-60,Female,UK,Mobile,Mobile Data,Premium,Image,3.9,8,452,150,50,10232,345,Medium,5.8
3457,Reddit,46-60,Other,UK,Tablet,Mobile Data,Free,Image,2.9,13,315,105,124,72435,2086,Low,5.7
3458,Facebook,26-35,Female,Germany,Desktop,WiFi,Free,Text,2.1,2,649,130,142,47783,1924,Medium,4.9
3459,Reddit,13-18,Female,Singapore,Mobile,Mobile Data,Premium,Mixed,2.9,32,320,97,8,72649,1019,Low,8.0
3460,Snapchat,19-25,Male,USA,Tablet,WiFi,Free,Mixed,3.6,9,497,194,60,38253,1486,High,4.9
3461,LinkedIn,46-60,Male,Japan,Tablet,Mobile Data,Free,Image,5.0,32,232,38,105,79501,145,Low,6.7
3462,YouTube,26-35,Other,Singapore,Desktop,WiFi,Premium,Video,4.2,11,436,94,95,71231,1102,Medium,3.0
3463,YouTube,13-18,Male,Germany,Mobile,Mobile Data,Free,Mixed,4.5,33,483,117,71,81630,3960,Low,8.4
3464,Twitter,19-25,Male,Brazil,Mobile,Mobile Data,Free,Mixed,2.3,33,387,28,92,21778,681,Low,5.6
3465,Pinterest,36-45,Male,India,Tablet,WiFi,Free,Image,2.8,29,194,153,130,15427,2857,High,3.2
3466,YouTube,60+,Other,UAE,Tablet,Mobile Data,Free,Image,2.5,33,558,136,102,25696,1804,High,9.6
3467,Instagram,36-45,Other,Singapore,Mobile,Mobile Data,Premium,Video,3.0,23,384,54,20,57446,4522,High,6.7
3468,Instagram,19-25,Other,UK,Tablet,WiFi,Free,Text,2.5,37,401,29,121,41421,1326,High,2.7
3469,Snapchat,26-35,Female,UAE,Desktop,WiFi,Free,Text,0.3,0,402,150,86,27487,3377,Low,8.6
3470,Instagram,13-18,Other,UK,Desktop,Mobile Data,Free,Mixed,5.9,26,15,61,107,84683,2836,Low,4.4
3471,Twitter,26-35,Male,Germany,Mobile,WiFi,Free,Video,5.3,0,154,71,85,89030,2049,High,7.5
3472,Instagram,60+,Other,India,Tablet,Mobile Data,Premium,Video,0.6,17,47,85,50,67020,3915,Medium,5.4
3473,Reddit,26-35,Other,USA,Tablet,Mobile Data,Premium,Mixed,5.1,24,777,58,109,10846,4418,Medium,0.6
3474,Reddit,60+,Other,UAE,Desktop,Mobile Data,Premium,Image,3.7,13,262,19,69,47044,1163,Low,0.6
3475,Twitter,26-35,Female,UAE,Tablet,WiFi,Premium,Video,1.2,32,746,164,54,13717,3194,Medium,9.0
3476,Twitter,36-45,Other,Canada,Mobile,WiFi,Premium,Video,2.6,3,26,178,48,72503,2899,Medium,2.6
3477,Twitter,13-18,Other,Brazil,Tablet,Mobile Data,Premium,Video,3.4,40,438,66,148,94557,1103,Medium,8.4
3478,Reddit,26-35,Female,Singapore,Tablet,WiFi,Free,Image,2.8,33,418,15,8,45539,1159,Low,3.7
3479,Instagram,26-35,Male,Germany,Mobile,WiFi,Free,Image,2.7,23,10,133,86,425,4930,High,1.6
3480,Pinterest,19-25,Female,Germany,Tablet,WiFi,Free,Image,1.0,36,48,45,101,61329,3404,Medium,4.2
3481,Pinterest,19-25,Female,USA,Mobile,WiFi,Premium,Text,3.5,40,220,106,2,65394,1960,Medium,3.3
3482,LinkedIn,19-25,Male,Australia,Mobile,WiFi,Premium,Video,1.1,35,147,200,106,12511,3913,Medium,3.8
3483,Twitter,13-18,Other,Japan,Tablet,Mobile Data,Premium,Mixed,1.3,32,463,67,89,90598,3415,Medium,5.0
3484,YouTube,60+,Female,Australia,Tablet,Mobile Data,Premium,Video,4.9,35,343,85,36,97972,4886,High,1.9
3485,Pinterest,60+,Other,Australia,Tablet,WiFi,Premium,Video,0.8,38,186,149,57,39243,4282,High,6.2
3486,Reddit,60+,Other,Brazil,Mobile,WiFi,Premium,Video,4.7,11,790,93,129,33564,4749,Medium,2.0
3487,Instagram,19-25,Male,UAE,Mobile,Mobile Data,Premium,Image,4.7,1,768,84,98,81562,2949,Medium,6.2
3488,Reddit,19-25,Other,Singapore,Desktop,Mobile Data,Free,Text,5.4,38,281,83,111,79565,3211,Low,7.9
3489,Instagram,46-60,Other,Singapore,Desktop,Mobile Data,Free,Image,1.6,25,666,77,150,52995,1161,Medium,1.8
3490,YouTube,13-18,Female,UAE,Tablet,WiFi,Premium,Text,4.8,26,684,117,88,15208,4047,Low,0.7
3491,Pinterest,60+,Other,Singapore,Mobile,WiFi,Premium,Text,5.9,16,640,48,124,85286,3079,High,6.9
3492,Instagram,36-45,Other,Germany,Tablet,WiFi,Premium,Video,3.3,24,151,76,63,96281,4626,High,7.8
3493,TikTok,13-18,Female,Germany,Mobile,Mobile Data,Free,Text,4.7,5,493,26,53,31680,4369,Low,8.8
3494,LinkedIn,46-60,Male,Japan,Tablet,Mobile Data,Free,Video,2.4,12,707,1,45,8309,3601,High,8.2
3495,Pinterest,60+,Male,USA,Tablet,Mobile Data,Free,Text,1.8,26,220,125,75,94698,3512,Medium,6.9
3496,Instagram,46-60,Female,India,Mobile,WiFi,Premium,Mixed,1.5,23,750,86,33,56542,4577,Low,6.1
3497,Facebook,19-25,Other,Canada,Desktop,WiFi,Premium,Text,1.4,18,125,171,125,71333,733,Medium,2.2
3498,TikTok,46-60,Female,Singapore,Mobile,Mobile Data,Free,Video,4.2,21,476,80,114,42752,4989,Low,5.0
3499,Reddit,13-18,Female,Brazil,Tablet,WiFi,Free,Text,4.4,12,337,102,109,90848,4369,High,6.2
3500,LinkedIn,46-60,Other,Germany,Tablet,Mobile Data,Premium,Mixed,4.3,7,437,120,51,90242,483,Medium,7.0
3501,YouTube,60+,Male,Canada,Tablet,Mobile Data,Free,Text,1.5,11,614,187,143,30285,1002,Low,4.9
3502,Twitter,46-60,Female,Australia,Tablet,Mobile Data,Premium,Text,2.0,5,476,141,120,38238,4671,High,4.2
3503,Facebook,36-45,Male,Canada,Tablet,Mobile Data,Free,Mixed,4.3,5,375,114,5,94475,1554,Medium,9.2
3504,Pinterest,26-35,Other,Germany,Desktop,WiFi,Free,Image,2.5,29,652,13,49,93438,3296,High,5.9
3505,Instagram,36-45,Female,Brazil,Desktop,WiFi,Premium,Video,4.3,22,375,175,137,15964,2623,High,9.0
3506,Instagram,36-45,Male,Brazil,Mobile,WiFi,Free,Text,0.6,5,710,137,3,35724,4139,Low,8.2
3507,LinkedIn,36-45,Other,Canada,Tablet,Mobile Data,Premium,Text,4.9,13,356,172,110,1139,2864,Medium,7.7
3508,Facebook,26-35,Male,Japan,Tablet,WiFi,Premium,Video,2.7,1,189,158,145,23802,3105,High,3.0
3509,Twitter,19-25,Other,UK,Tablet,WiFi,Premium,Text,4.1,18,297,153,88,84920,3289,Low,9.7
3510,Facebook,26-35,Male,India,Mobile,Mobile Data,Free,Text,1.1,19,522,160,68,74238,2707,High,0.6
3511,YouTube,60+,Female,Singapore,Desktop,WiFi,Premium,Image,1.5,15,418,7,86,88565,2383,Medium,4.2
3512,Reddit,60+,Other,Singapore,Tablet,Mobile Data,Premium,Image,4.7,29,587,129,38,11482,3059,High,0.5
3513,Instagram,19-25,Other,Australia,Desktop,WiFi,Free,Image,3.0,38,672,113,132,76286,1499,Medium,9.8
3514,Reddit,13-18,Male,Brazil,Mobile,Mobile Data,Free,Text,5.1,10,176,4,48,74936,2533,Medium,4.8
3515,Reddit,26-35,Male,Australia,Tablet,WiFi,Free,Text,3.9,32,408,184,136,27010,3844,Low,5.9
3516,TikTok,13-18,Female,UAE,Tablet,WiFi,Premium,Text,2.7,0,612,54,15,15957,2667,Medium,7.5
3517,Reddit,19-25,Male,UK,Tablet,WiFi,Free,Video,4.2,35,295,59,100,38710,266,Medium,4.2
3518,Facebook,26-35,Female,UK,Desktop,WiFi,Free,Video,0.3,0,779,1,126,40734,882,Medium,2.3
3519,Snapchat,19-25,Male,UK,Desktop,Mobile Data,Free,Text,3.6,21,197,114,97,86472,1050,Low,2.9
3520,YouTube,19-25,Other,Germany,Tablet,Mobile Data,Premium,Mixed,5.4,3,750,42,82,15861,3452,Low,4.7
3521,TikTok,26-35,Other,Australia,Mobile,Mobile Data,Premium,Text,0.4,29,796,147,38,41985,1825,Medium,1.6
3522,LinkedIn,36-45,Female,India,Desktop,Mobile Data,Free,Mixed,1.2,12,763,189,97,85038,2856,Medium,7.9
3523,LinkedIn,46-60,Male,Germany,Desktop,Mobile Data,Premium,Image,5.2,9,613,14,114,95278,3986,Medium,5.5
3524,LinkedIn,13-18,Male,USA,Tablet,WiFi,Premium,Image,0.8,18,340,176,39,81188,1418,High,1.2
3525,Pinterest,26-35,Other,Germany,Mobile,WiFi,Premium,Image,4.7,24,614,17,79,87445,1920,Medium,7.0
3526,Twitter,13-18,Other,Singapore,Desktop,WiFi,Premium,Video,4.9,19,537,183,68,56002,3423,Medium,9.8
3527,YouTube,26-35,Male,Japan,Tablet,Mobile Data,Free,Image,5.2,10,105,110,26,92772,1607,High,7.9
3528,Snapchat,19-25,Other,Australia,Desktop,WiFi,Premium,Text,1.1,23,301,55,148,32170,3941,Medium,9.3
3529,Pinterest,36-45,Female,Japan,Desktop,WiFi,Free,Mixed,3.8,29,270,131,60,69544,4496,High,3.9
3530,YouTube,60+,Female,USA,Desktop,Mobile Data,Premium,Mixed,1.9,20,600,165,69,53661,1001,Low,7.1
3531,Instagram,36-45,Other,Germany,Tablet,Mobile Data,Premium,Video,1.4,17,166,101,55,61988,3141,High,5.6
3532,Reddit,19-25,Female,Japan,Tablet,WiFi,Premium,Video,1.7,20,69,46,62,18095,1795,High,5.1
3533,Pinterest,13-18,Female,Japan,Desktop,Mobile Data,Premium,Mixed,0.4,16,526,60,118,16120,1329,High,2.4
3534,Snapchat,19-25,Male,Canada,Desktop,Mobile Data,Free,Image,4.0,11,437,57,150,72899,4360,Medium,2.1
3535,TikTok,13-18,Male,India,Mobile,Mobile Data,Free,Video,2.4,27,537,38,125,30719,244,Medium,0.8
3536,Facebook,46-60,Other,UK,Desktop,Mobile Data,Premium,Image,1.0,11,73,79,31,9879,1280,High,1.1
3537,YouTube,36-45,Other,USA,Mobile,Mobile Data,Free,Video,5.6,11,411,108,45,68546,4901,Medium,6.4
3538,Reddit,19-25,Other,Brazil,Mobile,WiFi,Free,Video,0.8,14,486,35,94,60391,3997,Low,3.2
3539,Snapchat,13-18,Female,India,Mobile,WiFi,Premium,Video,5.2,1,60,62,122,6174,1204,Medium,2.0
3540,TikTok,36-45,Female,Singapore,Mobile,WiFi,Premium,Text,6.0,14,191,38,112,96272,4996,Low,0.8
3541,Reddit,60+,Female,Australia,Tablet,Mobile Data,Premium,Text,2.5,15,617,89,89,42061,1509,High,7.4
3542,Facebook,46-60,Other,USA,Mobile,Mobile Data,Free,Video,1.4,1,252,79,45,43165,4707,Low,7.2
3543,Reddit,36-45,Other,Germany,Tablet,Mobile Data,Premium,Text,0.9,39,454,158,25,3993,1032,Low,2.3
3544,LinkedIn,26-35,Female,UAE,Tablet,WiFi,Premium,Video,4.4,31,766,9,111,36837,4763,Medium,1.5
3545,Reddit,46-60,Other,UK,Desktop,WiFi,Free,Mixed,0.7,5,17,167,34,77525,3219,High,5.3
3546,Instagram,36-45,Other,Germany,Tablet,WiFi,Premium,Video,2.8,0,421,138,81,39164,4338,Medium,9.7
3547,TikTok,36-45,Other,Australia,Tablet,WiFi,Premium,Video,4.2,28,158,56,121,97959,3160,Medium,5.6
3548,Facebook,13-18,Female,Singapore,Desktop,Mobile Data,Free,Text,4.7,36,798,130,87,3842,3952,Low,6.3
3549,Twitter,36-45,Male,India,Tablet,Mobile Data,Premium,Video,2.1,13,312,161,23,8347,199,High,3.4
3550,Reddit,26-35,Male,USA,Tablet,Mobile Data,Premium,Video,0.6,25,6,72,106,66631,2636,Low,5.7
3551,Instagram,36-45,Other,Canada,Desktop,WiFi,Premium,Image,2.2,10,563,138,31,87624,2332,Low,3.7
3552,Snapchat,36-45,Other,Canada,Tablet,WiFi,Free,Mixed,3.0,38,565,85,90,70434,4056,High,8.5
3553,Reddit,46-60,Other,Germany,Mobile,WiFi,Free,Text,3.4,10,731,3,132,59604,4691,Medium,4.3
3554,Facebook,19-25,Other,Brazil,Desktop,WiFi,Free,Image,3.7,40,134,150,72,55012,4591,Low,6.0
3555,YouTube,60+,Other,Canada,Desktop,Mobile Data,Premium,Video,3.3,1,205,83,18,16917,4951,Low,7.7
3556,Instagram,26-35,Female,Australia,Tablet,Mobile Data,Premium,Video,4.2,6,508,102,42,74757,288,High,5.4
3557,Snapchat,19-25,Other,UAE,Tablet,Mobile Data,Premium,Video,5.0,36,592,183,128,43640,4068,Medium,3.4
3558,Facebook,36-45,Male,UK,Desktop,WiFi,Premium,Video,5.7,39,304,58,66,41670,1637,Medium,1.5
3559,Snapchat,36-45,Male,Canada,Desktop,WiFi,Premium,Text,3.1,7,449,87,78,59763,2888,High,4.9
3560,Snapchat,46-60,Male,UK,Mobile,WiFi,Free,Text,1.3,5,261,185,89,27285,645,Low,1.0
3561,YouTube,60+,Female,Singapore,Tablet,WiFi,Free,Text,4.2,12,654,11,8,71936,1047,High,6.0
3562,Facebook,19-25,Female,Singapore,Mobile,WiFi,Free,Mixed,4.5,3,381,36,10,16013,4134,Medium,6.3
3563,LinkedIn,60+,Other,Australia,Mobile,Mobile Data,Premium,Video,2.0,30,593,99,44,82044,353,High,3.1
3564,YouTube,60+,Female,Canada,Tablet,WiFi,Premium,Text,5.2,30,646,3,78,94971,1349,High,9.2
3565,TikTok,46-60,Other,UAE,Tablet,WiFi,Free,Mixed,5.9,6,65,45,79,13493,1623,Medium,1.0
3566,Pinterest,13-18,Male,UK,Tablet,WiFi,Free,Video,4.9,22,326,182,2,3469,213,High,9.5
3567,Twitter,13-18,Other,USA,Tablet,Mobile Data,Premium,Text,1.4,30,111,168,73,63961,4010,Medium,6.8
3568,YouTube,60+,Other,USA,Desktop,WiFi,Free,Image,2.7,28,579,21,17,58808,68,Low,1.2
3569,YouTube,46-60,Other,Japan,Desktop,WiFi,Premium,Video,0.5,34,604,138,122,8471,2868,High,0.7
3570,Pinterest,26-35,Other,Canada,Tablet,Mobile Data,Free,Mixed,1.1,6,757,119,138,99637,3285,High,1.7
3571,LinkedIn,13-18,Male,Canada,Mobile,Mobile Data,Premium,Image,2.9,4,533,123,133,53669,1963,Medium,0.8
3572,Instagram,36-45,Male,UAE,Tablet,Mobile Data,Free,Image,2.3,15,86,197,20,74994,276,Medium,3.5
3573,Snapchat,36-45,Other,Japan,Mobile,Mobile Data,Free,Video,0.5,9,286,0,16,42097,1875,High,6.5
3574,Reddit,26-35,Other,Singapore,Tablet,Mobile Data,Premium,Image,4.4,20,165,50,46,97336,86,High,6.1
3575,Twitter,36-45,Female,Germany,Desktop,WiFi,Premium,Image,4.6,39,777,138,114,50491,2934,Low,6.6
3576,Reddit,26-35,Male,UAE,Tablet,WiFi,Premium,Image,3.1,16,318,24,56,76990,2181,Low,4.6
3577,Facebook,13-18,Male,Brazil,Mobile,WiFi,Premium,Image,3.8,14,179,91,10,40125,1787,Medium,3.2
3578,Snapchat,13-18,Male,UAE,Tablet,WiFi,Premium,Video,5.5,1,648,87,78,36801,268,Low,5.8
3579,Snapchat,26-35,Male,India,Mobile,Mobile Data,Premium,Text,2.2,13,499,113,150,76428,3719,Medium,7.5
3580,Reddit,26-35,Other,UAE,Tablet,WiFi,Premium,Text,3.9,17,578,142,2,21114,3436,Medium,8.1
3581,Reddit,60+,Female,Singapore,Tablet,WiFi,Premium,Image,4.6,25,769,98,69,93932,1523,High,5.9
3582,Snapchat,13-18,Female,Japan,Desktop,Mobile Data,Premium,Video,1.1,31,420,72,14,51646,2358,Medium,2.3
3583,Instagram,60+,Other,India,Desktop,Mobile Data,Free,Video,1.4,39,245,149,149,69367,1238,Medium,1.1
3584,Reddit,26-35,Male,Japan,Tablet,Mobile Data,Premium,Mixed,4.9,20,800,74,6,76267,2975,Low,6.5
3585,Snapchat,13-18,Other,Germany,Mobile,WiFi,Premium,Image,5.8,3,184,5,107,10448,772,High,1.4
3586,Pinterest,26-35,Male,Singapore,Desktop,Mobile Data,Free,Text,3.3,38,56,2,69,12448,339,Low,9.2
3587,Reddit,19-25,Male,Japan,Mobile,Mobile Data,Premium,Text,0.9,19,320,33,11,59318,4904,High,2.4
3588,Pinterest,19-25,Other,UAE,Mobile,Mobile Data,Premium,Image,1.3,23,735,36,119,7655,3195,High,4.0
3589,YouTube,46-60,Other,UK,Desktop,WiFi,Free,Text,1.1,31,328,158,48,58695,3851,Medium,6.5
3590,Twitter,13-18,Female,Australia,Mobile,WiFi,Free,Mixed,3.2,22,352,76,61,88187,2632,Low,8.1
3591,YouTube,19-25,Male,UAE,Desktop,WiFi,Premium,Text,5.3,31,196,49,77,598,342,High,6.5
3592,LinkedIn,26-35,Male,Australia,Desktop,Mobile Data,Premium,Image,3.6,28,48,36,64,51545,3282,Low,7.2
3593,Instagram,13-18,Female,Germany,Desktop,WiFi,Free,Mixed,0.6,34,231,31,45,28898,4937,High,3.7
3594,Snapchat,46-60,Male,Japan,Mobile,WiFi,Premium,Video,3.2,23,317,154,5,5157,731,Medium,5.6
3595,Facebook,26-35,Female,Australia,Mobile,WiFi,Premium,Mixed,2.3,11,187,155,124,39217,4863,Low,1.5
3596,LinkedIn,13-18,Other,Brazil,Tablet,Mobile Data,Premium,Image,4.7,19,330,51,80,83241,3643,Low,7.9
3597,Instagram,46-60,Female,UK,Mobile,WiFi,Free,Video,3.5,3,452,116,143,78565,758,High,0.7
3598,LinkedIn,19-25,Female,Japan,Mobile,WiFi,Free,Mixed,5.1,10,68,119,133,97584,3559,Low,1.2
3599,Pinterest,26-35,Female,Singapore,Mobile,WiFi,Premium,Text,3.5,34,145,83,116,74928,4372,Medium,4.1
3600,Twitter,36-45,Female,Australia,Tablet,Mobile Data,Premium,Image,5.8,9,224,31,13,77696,2854,High,0.6
3601,Reddit,13-18,Female,Japan,Desktop,WiFi,Free,Video,4.6,11,430,155,114,9088,621,High,5.2
3602,Facebook,46-60,Male,UAE,Desktop,WiFi,Premium,Text,1.4,40,384,184,103,66483,4370,High,0.6
3603,Snapchat,46-60,Male,Australia,Desktop,Mobile Data,Free,Video,5.3,14,438,155,127,91866,3457,High,4.8
3604,TikTok,13-18,Other,India,Tablet,WiFi,Free,Image,3.6,19,421,82,7,87638,2526,Low,5.3
3605,Instagram,46-60,Other,UAE,Tablet,WiFi,Free,Image,3.8,5,481,69,73,18696,2866,High,4.0
3606,YouTube,26-35,Female,Australia,Desktop,WiFi,Free,Text,4.4,17,396,90,91,9489,4147,High,5.7
3607,Instagram,46-60,Female,UAE,Mobile,WiFi,Free,Text,1.5,39,424,101,31,22028,4952,High,5.1
3608,YouTube,60+,Other,India,Mobile,Mobile Data,Premium,Mixed,3.7,35,311,26,33,23555,3322,Medium,8.0
3609,YouTube,26-35,Other,UAE,Mobile,WiFi,Free,Video,5.6,3,506,17,76,90888,2292,Medium,3.2
3610,YouTube,46-60,Male,Australia,Tablet,WiFi,Premium,Mixed,2.2,36,320,198,101,83612,1342,Medium,1.1
3611,Reddit,26-35,Other,Germany,Tablet,Mobile Data,Premium,Mixed,2.2,1,260,93,24,92092,815,High,5.9
3612,Snapchat,13-18,Other,Singapore,Tablet,WiFi,Premium,Text,4.8,2,728,106,149,2500,4306,High,2.0
3613,YouTube,36-45,Female,Singapore,Desktop,Mobile Data,Premium,Image,5.2,0,519,83,120,21321,3938,Medium,9.0
3614,YouTube,19-25,Other,Singapore,Mobile,WiFi,Premium,Image,2.2,35,452,19,76,87927,1329,Low,1.4
3615,Pinterest,26-35,Male,Canada,Desktop,Mobile Data,Premium,Mixed,1.8,11,70,117,142,1213,1641,Low,9.2
3616,TikTok,13-18,Female,UAE,Desktop,WiFi,Premium,Video,3.0,6,113,161,77,11694,3069,Low,2.8
3617,YouTube,13-18,Other,UAE,Desktop,WiFi,Premium,Mixed,2.4,24,665,75,39,59186,4138,Medium,2.8
3618,Twitter,46-60,Male,Singapore,Desktop,Mobile Data,Free,Image,4.6,16,199,194,129,13291,2631,Medium,5.2
3619,YouTube,26-35,Male,Singapore,Tablet,Mobile Data,Free,Image,3.9,21,742,76,137,37089,2317,Medium,7.4
3620,YouTube,13-18,Other,Japan,Desktop,WiFi,Free,Mixed,5.8,8,772,72,113,38614,1692,Medium,6.6
3621,TikTok,46-60,Female,Brazil,Mobile,Mobile Data,Premium,Video,4.7,21,46,21,82,48257,4896,Medium,8.7
3622,LinkedIn,13-18,Other,Canada,Tablet,WiFi,Premium,Video,2.9,23,422,14,113,57706,2174,High,3.2
3623,Twitter,46-60,Female,India,Desktop,WiFi,Premium,Text,5.3,39,657,62,27,82688,1589,Medium,1.1
3624,Instagram,13-18,Female,UK,Desktop,WiFi,Free,Text,0.3,2,682,23,0,78105,1934,High,2.7
3625,Reddit,19-25,Other,Japan,Tablet,WiFi,Premium,Mixed,2.0,22,705,83,7,77908,3571,Low,6.3
3626,LinkedIn,26-35,Female,UK,Mobile,WiFi,Free,Image,2.8,9,799,90,112,65025,3797,High,9.7
3627,Pinterest,60+,Female,Singapore,Mobile,WiFi,Free,Text,4.4,4,61,50,143,94649,2095,Medium,1.1
3628,Facebook,60+,Other,Japan,Mobile,WiFi,Free,Mixed,0.6,15,649,58,15,71356,1184,Low,9.4
3629,TikTok,19-25,Male,Brazil,Tablet,WiFi,Free,Text,4.5,17,793,148,29,45772,4871,Medium,5.9
3630,Reddit,60+,Male,Japan,Desktop,WiFi,Premium,Image,2.7,22,347,28,133,52643,3447,Low,1.3
3631,Twitter,36-45,Other,Canada,Mobile,Mobile Data,Premium,Video,1.6,17,476,195,120,88207,952,High,5.7
3632,Reddit,60+,Female,Australia,Tablet,Mobile Data,Premium,Video,5.9,9,462,96,93,3785,1558,Low,3.2
3633,TikTok,13-18,Male,Germany,Tablet,Mobile Data,Premium,Video,3.5,16,336,184,12,52650,576,Medium,4.9
3634,Snapchat,26-35,Male,Canada,Desktop,Mobile Data,Free,Text,2.6,40,763,191,65,75865,4109,Medium,1.0
3635,LinkedIn,36-45,Other,Canada,Mobile,WiFi,Free,Image,1.1,7,8,78,100,27300,1616,Low,9.6
3636,Instagram,26-35,Male,Singapore,Mobile,Mobile Data,Free,Image,5.0,27,317,92,41,9135,3733,High,7.9
3637,LinkedIn,19-25,Male,UK,Desktop,Mobile Data,Free,Video,4.1,5,724,21,41,4907,4923,High,2.7
3638,LinkedIn,26-35,Female,Brazil,Tablet,Mobile Data,Free,Mixed,5.7,19,58,159,48,66202,3025,Low,1.0
3639,TikTok,19-25,Other,Japan,Desktop,Mobile Data,Free,Mixed,4.2,16,722,10,78,93311,1663,High,2.0
3640,TikTok,46-60,Female,USA,Tablet,WiFi,Premium,Video,5.5,25,512,132,48,10037,722,High,5.6
3641,LinkedIn,26-35,Female,UK,Desktop,WiFi,Premium,Image,2.4,5,589,101,68,14093,3631,Low,8.6
3642,LinkedIn,60+,Female,India,Tablet,Mobile Data,Premium,Text,3.7,31,680,139,133,74973,973,Low,5.8
3643,Twitter,19-25,Female,Japan,Desktop,WiFi,Premium,Image,3.6,17,290,112,131,94669,2090,High,5.9
3644,Pinterest,46-60,Male,UAE,Tablet,Mobile Data,Free,Video,4.2,32,368,103,27,72634,4335,Medium,5.0
3645,Snapchat,36-45,Female,Japan,Tablet,WiFi,Free,Text,2.8,25,329,49,18,55487,3021,High,7.3
3646,Facebook,36-45,Male,Australia,Tablet,Mobile Data,Premium,Mixed,2.6,16,82,15,22,30965,1509,Low,4.1
3647,Facebook,19-25,Female,UAE,Desktop,WiFi,Premium,Image,0.8,21,591,66,45,89007,2149,Medium,1.5
3648,Instagram,13-18,Female,Australia,Tablet,WiFi,Free,Text,2.5,6,264,80,23,92768,3413,Low,9.5
3649,Snapchat,19-25,Male,Japan,Tablet,WiFi,Free,Image,3.3,37,233,185,128,56581,1708,Low,5.9
3650,Pinterest,26-35,Other,India,Mobile,WiFi,Free,Video,1.1,12,262,188,117,20436,4483,High,6.7
3651,LinkedIn,46-60,Other,Singapore,Mobile,WiFi,Premium,Image,2.5,15,56,175,102,51572,1096,Medium,9.6
3652,LinkedIn,60+,Male,Brazil,Mobile,Mobile Data,Free,Text,5.2,16,224,150,3,50129,2214,High,3.6
3653,Snapchat,60+,Male,UAE,Mobile,Mobile Data,Free,Mixed,4.6,18,713,34,21,97383,3393,Low,9.3
3654,Twitter,46-60,Male,Singapore,Mobile,Mobile Data,Free,Text,4.1,17,655,199,144,10578,3434,Medium,7.2
3655,Reddit,13-18,Male,UAE,Tablet,Mobile Data,Premium,Video,2.2,13,664,71,138,500,3907,High,6.9
3656,LinkedIn,36-45,Other,USA,Tablet,Mobile Data,Premium,Video,2.7,5,536,129,122,27815,2488,Low,1.6
3657,Reddit,13-18,Female,Australia,Mobile,Mobile Data,Premium,Video,3.8,16,78,152,20,47839,1330,Low,9.9
3658,Reddit,19-25,Female,Australia,Mobile,WiFi,Premium,Video,1.6,22,274,159,68,34443,3839,Medium,2.6
3659,Reddit,13-18,Other,UAE,Mobile,Mobile Data,Premium,Image,0.9,2,554,78,138,84453,3669,High,7.3
3660,LinkedIn,26-35,Female,UAE,Tablet,WiFi,Premium,Mixed,0.2,11,517,65,16,64442,2102,Medium,0.9
3661,Facebook,26-35,Male,Brazil,Desktop,Mobile Data,Free,Mixed,2.9,6,129,13,129,35266,2097,High,1.7
3662,TikTok,46-60,Female,Australia,Desktop,Mobile Data,Premium,Image,5.6,4,618,53,88,71841,856,Low,9.7
3663,Facebook,26-35,Female,UK,Desktop,WiFi,Free,Mixed,3.5,17,178,68,66,58609,2432,Medium,8.6
3664,Facebook,13-18,Male,Brazil,Mobile,Mobile Data,Premium,Mixed,2.6,39,202,119,108,81107,3245,High,2.9
3665,Instagram,36-45,Male,Germany,Desktop,WiFi,Premium,Video,2.0,6,51,49,3,94538,2897,High,8.9
3666,YouTube,13-18,Other,Singapore,Desktop,WiFi,Free,Text,3.7,40,116,57,91,40573,4734,High,1.3
3667,Reddit,26-35,Male,Canada,Desktop,WiFi,Premium,Text,1.0,11,585,175,26,31333,3603,Medium,6.2
3668,Reddit,13-18,Female,Australia,Tablet,WiFi,Premium,Image,0.8,14,581,133,118,58255,232,Low,6.1
3669,Snapchat,26-35,Male,USA,Desktop,Mobile Data,Free,Text,1.5,14,534,79,123,72820,3004,Low,5.8
3670,Facebook,46-60,Other,USA,Mobile,WiFi,Premium,Video,2.0,31,353,101,102,82533,3210,High,10.0
3671,Snapchat,36-45,Other,UAE,Mobile,WiFi,Premium,Image,2.7,21,305,48,79,17226,3256,Low,4.7
3672,LinkedIn,36-45,Other,Brazil,Tablet,Mobile Data,Premium,Image,2.6,26,489,133,116,4824,1549,Medium,1.7
3673,Pinterest,46-60,Female,USA,Desktop,Mobile Data,Free,Image,1.5,16,332,190,104,51898,625,Medium,5.7
3674,Instagram,13-18,Male,Canada,Mobile,Mobile Data,Premium,Mixed,3.2,8,30,130,54,83250,2046,Low,1.2
3675,Facebook,46-60,Male,USA,Tablet,WiFi,Free,Mixed,1.4,30,690,67,27,84034,4553,Low,1.4
3676,Facebook,60+,Male,Australia,Mobile,WiFi,Premium,Video,4.0,28,486,135,119,98558,2818,Medium,9.5
3677,Twitter,36-45,Male,Singapore,Desktop,Mobile Data,Premium,Mixed,0.9,36,403,21,1,20608,1549,Low,2.6
3678,TikTok,26-35,Other,USA,Mobile,Mobile Data,Premium,Text,4.9,29,716,93,150,30648,2884,Medium,7.9
3679,LinkedIn,46-60,Male,Germany,Mobile,WiFi,Premium,Text,2.4,13,736,161,149,18475,4813,Medium,6.7
3680,Instagram,60+,Female,Japan,Tablet,Mobile Data,Free,Mixed,4.5,36,28,177,11,21407,3297,Low,7.2
3681,Instagram,36-45,Female,India,Mobile,WiFi,Free,Video,4.6,36,612,81,120,75288,3159,Low,6.9
3682,Snapchat,46-60,Male,UK,Desktop,WiFi,Free,Video,2.5,19,150,108,35,49582,2078,Medium,8.6
3683,Twitter,26-35,Other,USA,Tablet,Mobile Data,Premium,Mixed,2.5,38,658,168,69,21094,1626,High,7.9
3684,Reddit,60+,Female,USA,Tablet,WiFi,Free,Text,0.7,28,569,36,137,39913,2034,High,3.3
3685,Facebook,60+,Male,Brazil,Desktop,Mobile Data,Free,Video,3.7,19,424,125,60,10612,1213,Low,6.0
3686,Facebook,36-45,Other,Japan,Mobile,Mobile Data,Free,Mixed,1.8,26,248,87,2,15324,2770,High,1.4
3687,LinkedIn,60+,Male,Australia,Mobile,WiFi,Free,Mixed,0.7,14,82,182,31,34926,1497,Low,8.4
3688,Reddit,60+,Male,USA,Mobile,Mobile Data,Premium,Image,2.3,16,410,11,110,63889,2578,High,7.4
3689,Twitter,36-45,Other,Australia,Desktop,WiFi,Premium,Video,3.6,6,520,113,148,7291,398,Low,1.5
3690,Pinterest,36-45,Female,India,Desktop,Mobile Data,Free,Mixed,5.3,16,262,25,17,58498,2434,Low,8.8
3691,TikTok,19-25,Female,UAE,Desktop,Mobile Data,Free,Text,4.6,30,680,56,25,96454,2474,High,5.3
3692,Twitter,19-25,Other,UK,Tablet,WiFi,Free,Mixed,3.3,24,83,47,67,47205,2354,High,8.2
3693,Reddit,46-60,Female,USA,Tablet,WiFi,Premium,Image,5.1,22,335,183,26,35187,3502,High,7.6
3694,Facebook,36-45,Male,USA,Tablet,WiFi,Free,Video,5.4,16,283,190,110,16432,3562,Low,9.8
3695,Pinterest,46-60,Other,Australia,Desktop,WiFi,Premium,Mixed,3.3,28,654,183,39,44767,3552,High,8.2
3696,YouTube,26-35,Female,Brazil,Desktop,WiFi,Premium,Text,3.2,32,40,85,135,11540,4883,High,4.5
3697,Snapchat,19-25,Male,Singapore,Mobile,Mobile Data,Premium,Video,1.1,29,633,184,18,36271,3811,High,5.1
3698,Reddit,36-45,Male,Brazil,Tablet,WiFi,Premium,Mixed,0.4,16,85,102,66,37868,4475,Low,8.4
3699,LinkedIn,13-18,Other,Canada,Tablet,Mobile Data,Free,Video,4.3,40,722,200,123,32040,76,Medium,6.7
3700,Pinterest,60+,Male,Singapore,Mobile,Mobile Data,Free,Mixed,1.7,35,238,43,55,83573,4158,Low,7.3
3701,TikTok,19-25,Other,Germany,Tablet,WiFi,Free,Image,4.4,24,122,164,134,88100,4462,Low,8.0
3702,Reddit,19-25,Female,Australia,Tablet,WiFi,Free,Image,2.7,12,369,86,32,35661,2777,Low,2.4
3703,Pinterest,19-25,Female,Japan,Tablet,WiFi,Premium,Image,3.6,34,478,144,30,87820,2438,High,4.4
3704,Instagram,36-45,Male,UK,Tablet,WiFi,Premium,Text,5.1,27,717,40,140,71743,1205,Medium,8.4
3705,Reddit,46-60,Other,Japan,Tablet,WiFi,Premium,Video,3.5,30,181,133,143,8154,387,Medium,7.9
3706,Snapchat,60+,Other,UK,Mobile,Mobile Data,Free,Image,5.8,2,652,162,102,88099,97,High,9.0
3707,TikTok,46-60,Female,Germany,Desktop,WiFi,Free,Mixed,5.2,0,67,68,109,90427,4872,Medium,8.4
3708,Twitter,60+,Other,UK,Tablet,WiFi,Premium,Text,1.9,3,519,184,60,21285,4195,Low,9.5
3709,Reddit,26-35,Other,UK,Mobile,WiFi,Free,Image,3.2,25,581,37,78,39467,2340,High,3.6
3710,YouTube,26-35,Male,UK,Tablet,Mobile Data,Free,Text,5.2,6,159,26,28,45500,2317,Low,5.5
3711,TikTok,13-18,Female,Australia,Tablet,WiFi,Premium,Image,2.5,3,764,40,33,46285,2386,High,3.9
3712,Reddit,46-60,Female,Japan,Desktop,WiFi,Premium,Text,0.9,31,634,163,145,85131,4268,Low,9.2
3713,Pinterest,46-60,Female,USA,Desktop,Mobile Data,Premium,Text,5.6,37,280,164,66,51455,4133,High,7.1
3714,Twitter,60+,Other,UAE,Mobile,WiFi,Free,Video,1.4,1,775,74,58,97258,1373,High,3.7
3715,TikTok,19-25,Other,Germany,Mobile,Mobile Data,Free,Image,5.6,13,47,39,94,14429,4727,High,9.4
3716,Instagram,46-60,Male,Brazil,Desktop,WiFi,Free,Image,6.0,20,260,160,72,67663,4677,High,6.9
3717,Instagram,13-18,Other,USA,Mobile,WiFi,Premium,Video,2.9,13,573,105,145,47622,1196,Low,3.4
3718,Reddit,26-35,Male,India,Tablet,Mobile Data,Free,Text,1.1,14,613,99,112,44653,2551,High,9.6
3719,TikTok,60+,Other,Germany,Desktop,Mobile Data,Free,Video,4.4,30,771,22,29,56992,2904,High,8.2
3720,Pinterest,19-25,Female,UK,Desktop,Mobile Data,Free,Video,2.9,20,438,139,65,53460,1164,Low,1.5
3721,Twitter,36-45,Female,Japan,Desktop,WiFi,Free,Mixed,2.5,25,495,118,34,57760,1725,Medium,0.8
3722,TikTok,60+,Other,Japan,Desktop,Mobile Data,Premium,Text,0.6,26,739,133,86,93804,219,Low,7.3
3723,Snapchat,36-45,Female,Germany,Desktop,WiFi,Free,Image,5.0,31,757,21,111,35601,354,Low,2.3
3724,Instagram,60+,Male,Singapore,Mobile,WiFi,Free,Image,0.5,38,635,168,10,74240,3978,Low,0.7
3725,Facebook,60+,Other,Brazil,Desktop,Mobile Data,Premium,Image,1.1,18,481,14,109,18218,3129,Low,8.3
3726,Instagram,46-60,Female,Japan,Tablet,WiFi,Free,Video,2.9,3,158,131,30,24661,4836,Medium,2.8
3727,Facebook,36-45,Other,UK,Mobile,WiFi,Free,Text,0.8,4,485,35,95,740,4533,Medium,7.9
3728,YouTube,36-45,Male,UAE,Tablet,WiFi,Free,Mixed,4.5,5,77,64,65,47664,2089,Medium,6.3
3729,TikTok,13-18,Female,USA,Tablet,WiFi,Premium,Image,1.2,40,58,177,113,90017,1664,High,9.2
3730,YouTube,13-18,Other,Australia,Mobile,WiFi,Free,Mixed,1.9,28,221,181,22,42785,1820,High,0.5
3731,LinkedIn,60+,Male,Singapore,Mobile,WiFi,Premium,Text,5.5,16,501,143,91,63971,62,Medium,3.9
3732,Snapchat,26-35,Male,UAE,Desktop,WiFi,Free,Text,4.6,12,396,100,119,21180,4189,Medium,3.1
3733,Facebook,26-35,Other,Singapore,Tablet,Mobile Data,Premium,Video,1.7,4,80,127,5,3518,1909,Medium,2.3
3734,Facebook,19-25,Other,Germany,Desktop,Mobile Data,Premium,Image,1.9,24,620,141,8,12336,257,Low,4.2
3735,Pinterest,36-45,Other,Brazil,Mobile,Mobile Data,Free,Video,2.5,32,636,151,111,38350,3750,Medium,3.2
3736,Twitter,46-60,Female,India,Desktop,Mobile Data,Premium,Mixed,3.2,35,217,170,86,86063,1820,Low,7.5
3737,Instagram,36-45,Female,India,Mobile,WiFi,Free,Image,0.3,3,29,80,48,45977,1325,Low,1.0
3738,Pinterest,46-60,Female,Singapore,Desktop,Mobile Data,Free,Mixed,5.9,25,511,7,10,6231,538,High,6.2
3739,LinkedIn,26-35,Female,Canada,Tablet,Mobile Data,Free,Text,2.9,22,481,24,108,54246,4573,Low,6.8
3740,Facebook,36-45,Female,Brazil,Tablet,Mobile Data,Premium,Mixed,2.2,34,459,102,90,23188,1007,Low,7.3
3741,LinkedIn,13-18,Other,UAE,Mobile,Mobile Data,Premium,Text,2.0,18,224,110,147,71711,1283,High,1.1
3742,Facebook,19-25,Male,Japan,Tablet,Mobile Data,Premium,Text,3.9,23,319,172,44,83854,4073,Low,7.3
3743,Snapchat,26-35,Male,Canada,Desktop,Mobile Data,Premium,Mixed,4.1,17,587,31,45,10097,60,Low,7.8
3744,LinkedIn,13-18,Male,Germany,Tablet,WiFi,Free,Image,2.0,34,306,70,149,5648,1911,Medium,3.8
3745,Twitter,13-18,Other,Germany,Desktop,Mobile Data,Premium,Image,0.8,27,588,58,35,44762,3522,Medium,1.0
3746,Reddit,60+,Male,UAE,Desktop,WiFi,Free,Text,5.4,23,71,164,38,1556,2983,High,6.9
3747,Reddit,19-25,Male,Canada,Mobile,Mobile Data,Free,Mixed,0.7,5,238,164,38,48822,3247,Medium,1.8
3748,Pinterest,60+,Male,Germany,Desktop,Mobile Data,Premium,Mixed,0.2,35,490,14,81,46371,2398,Low,8.2
3749,Snapchat,26-35,Female,Germany,Mobile,Mobile Data,Premium,Image,3.3,18,457,97,61,53907,1188,Low,9.8
3750,LinkedIn,19-25,Male,UK,Mobile,Mobile Data,Premium,Image,0.8,20,530,105,143,49977,4375,High,9.6
3751,YouTube,13-18,Other,Singapore,Mobile,WiFi,Free,Text,5.6,5,147,147,62,94637,448,Medium,3.9
3752,Snapchat,60+,Other,Canada,Desktop,Mobile Data,Premium,Video,5.0,38,153,177,93,66988,312,High,7.6
3753,Facebook,26-35,Other,Brazil,Tablet,WiFi,Premium,Video,0.7,37,455,192,95,77107,2428,High,3.1
3754,TikTok,19-25,Male,USA,Tablet,Mobile Data,Free,Image,1.2,3,471,115,106,50843,2935,Medium,2.2
3755,YouTube,19-25,Other,Germany,Desktop,WiFi,Free,Mixed,3.2,26,254,81,33,20766,800,High,7.0
3756,Twitter,46-60,Other,Germany,Desktop,WiFi,Free,Text,2.6,11,229,163,31,98096,128,Medium,7.0
3757,Instagram,19-25,Other,Japan,Mobile,Mobile Data,Free,Image,1.6,14,490,139,29,19277,1058,Low,5.1
3758,Twitter,46-60,Other,Germany,Desktop,Mobile Data,Premium,Video,4.9,19,260,94,14,54791,329,Medium,7.1
3759,LinkedIn,19-25,Other,Singapore,Mobile,WiFi,Premium,Image,2.4,15,668,168,91,40996,4657,Low,7.5
3760,LinkedIn,13-18,Male,Singapore,Desktop,WiFi,Premium,Mixed,2.6,26,401,97,6,76244,2575,Low,2.6
3761,Facebook,46-60,Female,Singapore,Mobile,WiFi,Free,Mixed,4.3,12,346,37,141,76507,1657,High,9.0
3762,Pinterest,26-35,Male,Japan,Tablet,Mobile Data,Premium,Text,0.8,6,481,169,34,15610,4913,High,6.0
3763,LinkedIn,19-25,Male,Germany,Tablet,WiFi,Free,Image,2.7,8,458,35,101,17799,731,Medium,1.2
3764,Pinterest,46-60,Female,Brazil,Mobile,WiFi,Free,Video,1.0,20,37,32,48,51886,2068,Low,2.9
3765,Instagram,26-35,Male,Germany,Tablet,WiFi,Free,Text,0.2,24,455,94,70,10570,471,Medium,3.1
3766,Pinterest,60+,Male,Japan,Tablet,WiFi,Premium,Mixed,4.3,32,670,169,30,42147,3157,Low,5.9
3767,Instagram,19-25,Female,Brazil,Desktop,WiFi,Premium,Text,3.8,15,775,11,12,17781,4456,High,7.6
3768,TikTok,46-60,Other,Germany,Desktop,Mobile Data,Free,Image,5.0,7,584,108,75,99600,949,High,7.5
3769,Twitter,13-18,Female,UAE,Tablet,Mobile Data,Premium,Video,0.9,18,353,130,91,97667,4793,Low,4.6
3770,Instagram,19-25,Female,USA,Mobile,Mobile Data,Premium,Mixed,1.3,2,12,28,80,13229,4378,Low,3.0
3771,Facebook,19-25,Male,Singapore,Mobile,Mobile Data,Free,Image,5.6,12,779,17,55,35134,3420,High,8.3
3772,Pinterest,13-18,Other,Australia,Tablet,Mobile Data,Free,Text,5.0,25,307,17,1,75099,1149,Medium,9.3
3773,Twitter,60+,Male,UK,Desktop,Mobile Data,Free,Text,2.6,21,705,87,10,21261,2928,Low,4.9
3774,Pinterest,19-25,Other,Japan,Mobile,WiFi,Premium,Mixed,4.5,3,213,2,49,41878,2232,High,9.7
3775,Reddit,36-45,Male,Singapore,Desktop,WiFi,Free,Text,4.7,3,207,191,42,50446,2177,Medium,3.2
3776,YouTube,60+,Male,UAE,Desktop,Mobile Data,Free,Text,4.3,4,114,93,80,10928,2071,High,7.4
3777,Twitter,36-45,Other,UAE,Desktop,WiFi,Premium,Text,3.7,5,39,81,9,7704,4836,High,2.1
3778,YouTube,13-18,Male,Japan,Desktop,WiFi,Premium,Text,5.5,18,248,83,101,38024,4287,Low,6.4
3779,Reddit,19-25,Female,Canada,Mobile,WiFi,Free,Mixed,1.6,34,709,199,127,7236,4114,Low,7.0
3780,Facebook,26-35,Male,Japan,Desktop,WiFi,Premium,Video,4.7,12,35,102,24,12089,1525,Medium,2.1
3781,Instagram,46-60,Male,Singapore,Desktop,Mobile Data,Premium,Mixed,3.7,12,480,50,12,2206,3519,High,2.9
3782,YouTube,26-35,Female,UAE,Mobile,Mobile Data,Premium,Image,4.2,27,659,174,82,53554,4934,High,7.1
3783,Facebook,19-25,Other,Brazil,Desktop,Mobile Data,Premium,Video,2.0,9,503,31,127,46876,2290,High,9.2
3784,TikTok,60+,Female,UK,Mobile,WiFi,Free,Video,4.2,40,180,142,33,93785,82,Low,4.0
3785,Twitter,46-60,Other,Canada,Desktop,WiFi,Premium,Mixed,6.0,7,515,169,44,36656,666,High,1.0
3786,Instagram,19-25,Other,Canada,Desktop,Mobile Data,Free,Text,5.9,8,537,83,123,31037,4728,Low,3.6
3787,YouTube,60+,Other,Australia,Desktop,Mobile Data,Premium,Mixed,5.4,34,9,99,16,31668,4585,High,2.6
3788,YouTube,19-25,Male,Japan,Mobile,Mobile Data,Premium,Video,0.3,18,682,102,11,72047,3697,Low,7.0
3789,Facebook,19-25,Other,Brazil,Desktop,WiFi,Premium,Image,5.3,9,613,111,75,97265,4373,High,3.0
3790,Snapchat,46-60,Female,India,Tablet,WiFi,Premium,Video,5.1,18,524,108,72,65625,3773,Low,5.8
3791,Instagram,26-35,Male,Singapore,Mobile,WiFi,Free,Mixed,2.2,36,410,99,74,68623,3541,Medium,1.1
3792,Instagram,19-25,Male,Brazil,Tablet,Mobile Data,Free,Video,5.9,7,650,136,119,87601,1406,High,5.1
3793,TikTok,36-45,Female,UAE,Desktop,WiFi,Free,Image,2.6,22,568,38,105,25086,4258,Medium,8.7
3794,Instagram,46-60,Female,Japan,Desktop,WiFi,Premium,Video,1.5,24,171,84,89,34391,4419,Low,0.7
3795,Snapchat,60+,Other,USA,Desktop,WiFi,Premium,Text,3.2,18,487,156,118,6014,4534,Medium,4.8
3796,Instagram,26-35,Other,Canada,Tablet,Mobile Data,Premium,Mixed,1.7,20,93,106,133,16418,3827,Medium,7.9
3797,TikTok,60+,Other,UK,Tablet,Mobile Data,Premium,Text,4.6,12,670,155,67,93215,1799,High,1.3
3798,TikTok,36-45,Male,Japan,Tablet,Mobile Data,Premium,Text,5.4,29,279,28,114,50773,1253,High,1.8
3799,Twitter,46-60,Female,Japan,Desktop,Mobile Data,Free,Mixed,3.9,15,445,53,124,91118,4565,Medium,9.7
3800,Instagram,36-45,Male,Germany,Tablet,WiFi,Free,Video,5.4,21,425,98,86,30655,3717,High,8.8
3801,Pinterest,60+,Other,Germany,Tablet,Mobile Data,Free,Video,2.6,2,193,27,49,23780,2693,High,5.8
3802,Reddit,36-45,Other,India,Mobile,WiFi,Premium,Text,5.4,13,435,169,7,69894,2850,Medium,2.0
3803,Pinterest,46-60,Male,UK,Mobile,Mobile Data,Premium,Mixed,0.9,26,241,47,120,16328,1838,Medium,7.6
3804,Reddit,60+,Male,Brazil,Desktop,Mobile Data,Premium,Video,3.0,8,40,103,53,71742,1583,Low,2.0
3805,Reddit,46-60,Female,UAE,Tablet,WiFi,Free,Image,4.6,30,282,19,126,99323,4920,High,5.2
3806,Facebook,13-18,Male,Brazil,Mobile,Mobile Data,Free,Text,2.6,11,582,172,5,53503,2179,Low,6.0
3807,Reddit,36-45,Female,Singapore,Desktop,WiFi,Free,Text,4.9,37,57,7,138,33027,3361,Low,3.9
3808,Pinterest,13-18,Male,UAE,Tablet,Mobile Data,Premium,Image,4.7,37,275,114,116,18897,256,Medium,8.9
3809,Twitter,19-25,Male,Japan,Mobile,Mobile Data,Free,Text,3.2,38,366,24,23,21899,4950,Medium,0.8
3810,YouTube,13-18,Other,Japan,Desktop,Mobile Data,Free,Mixed,3.8,23,498,82,99,21722,2199,High,4.1
3811,Twitter,13-18,Male,Japan,Tablet,WiFi,Premium,Text,4.3,4,501,6,125,73519,2753,High,9.1
3812,Snapchat,60+,Female,Singapore,Tablet,Mobile Data,Premium,Video,3.7,18,138,116,149,24317,4208,Low,9.7
3813,Twitter,26-35,Male,USA,Desktop,Mobile Data,Free,Video,0.6,29,26,195,61,42736,4691,Medium,8.7
3814,YouTube,36-45,Male,USA,Tablet,Mobile Data,Free,Video,2.4,6,7,21,136,38519,907,Medium,1.5
3815,Reddit,26-35,Other,Germany,Desktop,WiFi,Premium,Video,1.1,27,55,5,117,98442,593,Medium,7.4
3816,Reddit,46-60,Other,UAE,Desktop,WiFi,Free,Video,5.6,13,752,186,43,97425,4435,High,5.1
3817,Snapchat,60+,Other,Australia,Mobile,WiFi,Free,Video,3.3,35,200,196,26,92065,3735,High,8.0
3818,TikTok,13-18,Male,Germany,Mobile,Mobile Data,Free,Image,4.1,22,384,12,115,70202,777,High,1.0
3819,Twitter,26-35,Male,India,Tablet,WiFi,Free,Text,0.5,6,190,142,39,81,114,Low,2.9
3820,Instagram,19-25,Other,Singapore,Tablet,Mobile Data,Free,Text,2.9,30,385,170,137,82127,209,High,9.9
3821,Twitter,26-35,Other,Australia,Tablet,WiFi,Premium,Video,4.2,2,84,171,45,41900,1810,Low,9.1
3822,Reddit,26-35,Male,Australia,Tablet,WiFi,Free,Mixed,3.8,35,340,141,80,85817,1677,Low,2.6
3823,Pinterest,36-45,Female,Brazil,Desktop,Mobile Data,Free,Mixed,3.7,32,730,108,105,44049,1750,High,1.4
3824,TikTok,36-45,Other,Germany,Mobile,Mobile Data,Free,Text,4.4,13,479,122,46,44524,3455,High,6.7
3825,Instagram,36-45,Other,UK,Desktop,Mobile Data,Premium,Text,1.7,3,417,5,127,16529,2100,Low,8.3
3826,TikTok,26-35,Male,Singapore,Tablet,Mobile Data,Free,Text,2.7,12,286,151,48,25794,4375,Medium,6.4
3827,Instagram,13-18,Male,UAE,Tablet,WiFi,Free,Text,4.8,33,237,197,76,37654,2171,Low,2.8
3828,Pinterest,36-45,Male,India,Desktop,WiFi,Premium,Video,4.1,37,384,110,55,46871,2453,Medium,2.1
3829,YouTube,60+,Female,UK,Mobile,WiFi,Free,Video,2.8,29,70,154,92,61463,4277,High,8.2
3830,LinkedIn,19-25,Other,Canada,Tablet,WiFi,Premium,Mixed,0.2,4,589,186,140,58064,907,Low,5.9
3831,Twitter,36-45,Male,UK,Tablet,WiFi,Premium,Mixed,0.8,1,312,18,66,44508,3590,Medium,0.9
3832,Reddit,46-60,Male,Brazil,Mobile,Mobile Data,Premium,Text,5.1,7,67,97,74,40330,4943,Low,1.7
3833,Instagram,13-18,Female,UK,Mobile,WiFi,Free,Mixed,0.9,18,24,133,72,4711,4622,Low,4.4
3834,Instagram,19-25,Male,UK,Mobile,Mobile Data,Free,Image,1.9,20,784,61,94,51934,3629,Low,10.0
3835,Twitter,26-35,Other,UK,Desktop,Mobile Data,Free,Mixed,4.2,7,737,179,116,90503,1505,High,1.2
3836,TikTok,36-45,Female,UK,Mobile,Mobile Data,Free,Image,1.7,14,658,131,90,53746,358,Medium,8.5
3837,YouTube,36-45,Other,UAE,Desktop,Mobile Data,Free,Text,4.2,11,219,22,18,11674,2532,Low,2.1
3838,TikTok,19-25,Male,UAE,Tablet,Mobile Data,Premium,Text,2.7,23,671,40,127,17967,743,Low,5.0
3839,Twitter,19-25,Female,Australia,Tablet,Mobile Data,Premium,Video,5.1,29,212,2,108,74007,434,Low,4.7
3840,Instagram,46-60,Female,UAE,Mobile,Mobile Data,Free,Image,0.2,27,440,107,85,82975,1448,Medium,7.0
3841,Snapchat,36-45,Other,Brazil,Mobile,Mobile Data,Premium,Image,5.1,23,537,137,138,68823,2134,Low,3.4
3842,Twitter,19-25,Male,UAE,Tablet,WiFi,Premium,Video,1.9,0,523,151,1,41914,560,Medium,5.0
3843,Twitter,19-25,Female,Japan,Mobile,Mobile Data,Premium,Video,3.2,22,24,83,83,21575,4503,Medium,7.0
3844,Snapchat,46-60,Other,India,Mobile,WiFi,Free,Mixed,2.5,10,160,98,73,26324,3935,Low,7.3
3845,TikTok,26-35,Female,Australia,Tablet,WiFi,Free,Image,2.1,18,483,185,83,94844,1872,Medium,7.4
3846,YouTube,46-60,Male,Brazil,Mobile,WiFi,Free,Video,4.9,9,642,190,47,7492,1126,Medium,8.4
3847,Reddit,26-35,Male,USA,Tablet,WiFi,Free,Text,4.3,12,25,51,145,45543,1630,Medium,2.3
3848,Twitter,60+,Male,UAE,Desktop,Mobile Data,Premium,Text,1.9,35,381,121,77,97510,1713,Low,3.9
3849,Instagram,26-35,Other,Japan,Tablet,WiFi,Premium,Image,3.2,29,75,119,11,64070,2866,Medium,3.5
3850,Pinterest,19-25,Male,Australia,Tablet,Mobile Data,Free,Mixed,5.2,9,773,91,81,39516,4452,Medium,2.1
3851,Reddit,46-60,Female,UAE,Tablet,Mobile Data,Premium,Mixed,0.9,38,497,154,138,64774,489,High,5.2
3852,Reddit,36-45,Female,Brazil,Tablet,Mobile Data,Premium,Text,0.5,18,149,70,5,60793,1711,Medium,1.7
3853,Twitter,60+,Female,Australia,Tablet,WiFi,Premium,Text,4.4,9,775,124,12,46046,3506,Low,0.7
3854,Instagram,36-45,Male,Germany,Mobile,WiFi,Premium,Mixed,3.4,2,529,149,64,55231,2692,Low,7.6
3855,Twitter,46-60,Male,India,Desktop,WiFi,Free,Video,1.5,27,173,101,136,75811,270,Low,7.7
3856,TikTok,26-35,Male,UK,Tablet,WiFi,Free,Text,4.3,35,466,116,78,25952,4436,Medium,3.1
3857,YouTube,26-35,Female,Australia,Mobile,WiFi,Free,Image,4.7,31,616,161,101,94153,2654,Low,2.3
3858,Facebook,26-35,Other,Germany,Tablet,WiFi,Free,Video,0.7,24,484,34,33,99868,2889,Low,1.0
3859,TikTok,19-25,Other,Japan,Desktop,WiFi,Free,Image,5.5,39,670,120,91,94565,2017,Low,9.6
3860,Pinterest,13-18,Other,USA,Desktop,WiFi,Free,Text,4.7,31,287,58,49,65693,4556,Low,8.5
3861,Reddit,36-45,Other,Singapore,Mobile,WiFi,Free,Video,4.7,36,595,125,129,9818,1993,High,8.5
3862,Reddit,13-18,Other,Canada,Tablet,WiFi,Free,Video,0.8,10,331,143,100,18090,986,Medium,0.6
3863,LinkedIn,36-45,Other,UK,Tablet,Mobile Data,Premium,Image,0.7,2,602,105,108,12674,3159,Medium,6.3
3864,Instagram,13-18,Female,USA,Tablet,WiFi,Free,Text,3.3,25,786,86,81,92323,2591,Low,1.6
3865,TikTok,46-60,Other,Australia,Desktop,WiFi,Premium,Image,2.2,6,86,122,25,68983,1742,High,2.0
3866,Instagram,46-60,Female,India,Tablet,Mobile Data,Free,Mixed,2.6,33,705,43,112,34899,2530,Low,3.6
3867,Facebook,26-35,Other,Australia,Desktop,Mobile Data,Premium,Image,4.4,18,434,87,87,84715,4535,Medium,0.6
3868,Reddit,19-25,Female,Canada,Mobile,Mobile Data,Premium,Image,3.1,1,37,96,64,57390,251,High,9.0
3869,Instagram,46-60,Other,USA,Tablet,WiFi,Free,Image,5.3,8,771,145,88,65512,1139,Low,7.9
3870,Instagram,60+,Female,India,Desktop,WiFi,Premium,Image,0.4,31,299,32,29,25815,2073,Medium,5.8
3871,YouTube,60+,Female,Japan,Mobile,Mobile Data,Free,Mixed,2.6,28,638,161,26,20904,1676,Low,9.9
3872,Instagram,19-25,Female,Brazil,Desktop,Mobile Data,Free,Image,2.0,4,339,53,147,78076,3947,Low,4.7
3873,Reddit,46-60,Female,Brazil,Desktop,Mobile Data,Premium,Video,5.4,24,99,191,113,35803,2060,Medium,5.1
3874,Snapchat,36-45,Male,USA,Tablet,WiFi,Premium,Image,4.7,22,385,88,116,85039,4868,Low,7.0
3875,LinkedIn,46-60,Male,India,Desktop,Mobile Data,Premium,Image,1.7,34,157,66,147,20645,4597,High,5.4
3876,Facebook,36-45,Male,Japan,Desktop,WiFi,Free,Image,2.9,8,81,45,6,24045,2713,High,5.5
3877,TikTok,60+,Other,Japan,Tablet,Mobile Data,Free,Video,5.5,13,711,149,114,73667,4090,Low,0.6
3878,Facebook,13-18,Male,UK,Mobile,WiFi,Premium,Text,4.8,7,191,174,52,87941,2241,Medium,2.8
3879,Instagram,26-35,Female,India,Tablet,WiFi,Free,Mixed,2.3,30,477,173,22,88116,2984,High,8.6
3880,Snapchat,36-45,Female,Australia,Desktop,WiFi,Free,Mixed,2.7,17,115,184,22,87995,2564,Medium,5.1
3881,Pinterest,13-18,Female,Brazil,Tablet,Mobile Data,Premium,Text,5.0,38,400,23,118,97494,2071,Low,3.4
3882,Facebook,46-60,Male,Germany,Mobile,Mobile Data,Free,Text,1.0,21,701,21,3,78292,886,High,7.0
3883,Facebook,19-25,Other,Australia,Tablet,WiFi,Free,Text,3.3,11,75,179,73,17941,880,Low,3.1
3884,Instagram,36-45,Other,Brazil,Tablet,Mobile Data,Premium,Mixed,0.9,22,421,18,51,94739,319,High,2.1
3885,Pinterest,26-35,Other,Australia,Tablet,WiFi,Premium,Video,2.4,15,129,30,41,92437,861,Medium,5.0
3886,Pinterest,26-35,Male,Brazil,Tablet,WiFi,Premium,Mixed,0.4,27,203,55,7,4828,141,High,1.1
3887,Snapchat,36-45,Other,Canada,Tablet,WiFi,Free,Image,1.9,34,745,111,84,97188,3624,High,8.5
3888,Twitter,19-25,Male,India,Tablet,Mobile Data,Premium,Text,5.8,7,64,35,111,83661,4875,Low,6.2
3889,Twitter,13-18,Male,UK,Mobile,WiFi,Premium,Mixed,2.5,1,135,102,96,70813,1126,Medium,5.7
3890,LinkedIn,26-35,Female,Canada,Desktop,Mobile Data,Premium,Video,2.5,1,564,41,145,40798,1682,High,6.3
3891,Facebook,60+,Female,Germany,Tablet,Mobile Data,Free,Mixed,1.5,21,23,27,4,32848,787,Low,6.9
3892,Twitter,26-35,Male,Singapore,Tablet,Mobile Data,Free,Video,5.4,28,650,177,116,56180,2366,Medium,4.7
3893,Snapchat,19-25,Female,USA,Mobile,Mobile Data,Free,Mixed,2.8,27,56,2,51,14500,4769,High,9.6
3894,TikTok,46-60,Other,Australia,Tablet,Mobile Data,Free,Image,5.8,29,742,61,79,30703,4077,Low,9.1
3895,TikTok,36-45,Female,Brazil,Mobile,WiFi,Premium,Mixed,2.1,34,528,13,146,63565,1193,Medium,0.7
3896,TikTok,19-25,Other,Brazil,Desktop,Mobile Data,Free,Video,3.0,19,469,50,120,68058,1301,Low,0.8
3897,Facebook,46-60,Other,USA,Desktop,WiFi,Premium,Video,1.9,28,249,89,134,95895,1036,Low,8.1
3898,Facebook,60+,Female,Brazil,Tablet,WiFi,Premium,Mixed,3.5,24,67,63,36,64765,477,Medium,9.2
3899,Twitter,36-45,Male,Singapore,Mobile,Mobile Data,Free,Image,5.8,20,422,124,14,98915,178,Low,8.0
3900,Snapchat,60+,Other,UK,Tablet,Mobile Data,Free,Video,3.4,4,364,175,5,74550,4521,Medium,8.6
3901,Reddit,60+,Male,Canada,Desktop,WiFi,Free,Text,4.5,29,553,100,112,39932,4369,High,2.3
3902,Facebook,46-60,Female,Singapore,Desktop,Mobile Data,Free,Image,5.4,20,485,31,55,19854,2719,High,2.6
3903,Reddit,13-18,Female,Canada,Desktop,WiFi,Premium,Image,3.5,12,198,197,86,21137,827,High,3.1
3904,Snapchat,46-60,Other,Australia,Mobile,WiFi,Premium,Text,2.0,23,440,4,123,27289,3659,High,2.1
3905,Facebook,13-18,Male,UAE,Tablet,Mobile Data,Free,Image,2.3,11,226,38,66,31131,516,High,1.2
3906,Reddit,60+,Female,India,Mobile,WiFi,Free,Mixed,2.3,18,432,155,35,36249,4003,Medium,3.7
3907,Pinterest,13-18,Other,Germany,Desktop,Mobile Data,Free,Image,6.0,8,156,161,97,3361,3181,Low,6.1
3908,LinkedIn,46-60,Male,USA,Tablet,WiFi,Free,Text,5.9,39,747,106,24,14720,2267,Low,1.0
3909,YouTube,36-45,Other,Germany,Tablet,Mobile Data,Premium,Image,5.9,4,99,107,115,85339,1868,High,9.7
3910,Reddit,36-45,Male,India,Tablet,Mobile Data,Free,Video,2.6,7,644,94,107,17212,1611,Low,7.6
3911,Reddit,60+,Male,Australia,Mobile,Mobile Data,Premium,Mixed,5.2,19,269,57,31,55739,467,Medium,8.6
3912,Twitter,19-25,Female,Canada,Desktop,WiFi,Premium,Text,3.7,13,389,180,133,3238,4232,High,1.1
3913,Instagram,60+,Female,Brazil,Desktop,Mobile Data,Premium,Mixed,1.2,17,693,116,148,3614,4295,Medium,0.6
3914,Snapchat,36-45,Female,USA,Tablet,Mobile Data,Premium,Text,2.6,12,200,173,21,15490,3582,Medium,7.9
3915,Reddit,19-25,Other,USA,Mobile,WiFi,Free,Image,0.4,9,735,145,84,26923,2677,Low,1.8
3916,Reddit,26-35,Male,Singapore,Mobile,Mobile Data,Free,Video,3.0,4,374,3,149,71390,1468,Low,1.2
3917,YouTube,60+,Male,UK,Mobile,Mobile Data,Premium,Image,2.2,33,431,14,98,46588,1300,High,2.4
3918,Instagram,46-60,Other,India,Desktop,WiFi,Premium,Image,2.5,2,528,111,96,91693,4092,Medium,6.1
3919,Instagram,13-18,Female,Germany,Desktop,Mobile Data,Free,Mixed,2.6,16,345,149,5,81739,2694,High,6.2
3920,Reddit,60+,Male,UK,Tablet,Mobile Data,Premium,Mixed,2.2,6,703,89,114,45935,1721,Low,2.0
3921,Snapchat,60+,Other,Australia,Desktop,WiFi,Premium,Video,5.5,22,367,12,105,94102,3736,High,5.2
3922,LinkedIn,26-35,Female,UK,Mobile,WiFi,Premium,Mixed,2.6,6,159,76,96,47742,4427,Low,8.4
3923,Reddit,19-25,Female,USA,Tablet,WiFi,Premium,Text,4.9,30,414,101,92,34902,3357,Low,9.9
3924,Pinterest,60+,Female,USA,Mobile,WiFi,Free,Image,5.7,20,114,66,53,49690,3613,High,8.9
3925,Instagram,60+,Female,Singapore,Mobile,WiFi,Free,Image,4.3,29,770,162,125,28509,4467,High,8.5
3926,Snapchat,26-35,Male,India,Tablet,WiFi,Free,Text,3.5,34,146,89,96,55040,2799,High,1.5
3927,Instagram,46-60,Male,Germany,Mobile,Mobile Data,Free,Image,4.3,37,317,179,110,71825,1432,Low,6.1
3928,Instagram,60+,Female,UAE,Tablet,Mobile Data,Premium,Image,5.0,24,314,117,36,30692,2970,Low,4.4
3929,Twitter,13-18,Other,UAE,Desktop,WiFi,Free,Video,0.9,19,99,97,25,17950,2160,Medium,3.5
3930,Facebook,46-60,Male,UK,Tablet,Mobile Data,Premium,Mixed,4.0,28,459,69,31,74257,3591,Medium,8.4
3931,Pinterest,36-45,Other,UK,Mobile,WiFi,Premium,Image,2.9,36,587,35,47,39299,4207,Low,0.7
3932,Facebook,46-60,Other,Brazil,Tablet,WiFi,Premium,Text,5.6,33,119,153,9,61423,1543,High,2.4
3933,Pinterest,26-35,Male,USA,Mobile,WiFi,Premium,Video,5.1,31,752,81,144,82093,532,Medium,9.4
3934,Twitter,36-45,Female,UAE,Tablet,WiFi,Free,Text,2.9,16,611,161,114,23912,2424,Medium,2.3
3935,Instagram,60+,Other,Canada,Desktop,WiFi,Free,Video,1.5,27,226,129,116,62878,1724,Medium,1.7
3936,Twitter,19-25,Male,UAE,Tablet,Mobile Data,Free,Text,2.2,4,59,168,25,87750,1892,Low,7.7
3937,TikTok,13-18,Female,Singapore,Tablet,WiFi,Premium,Text,2.7,13,595,124,26,18594,2817,High,5.0
3938,Snapchat,36-45,Female,UAE,Desktop,WiFi,Free,Text,2.7,16,334,200,85,41518,2273,High,8.4
3939,Snapchat,36-45,Male,USA,Desktop,Mobile Data,Premium,Mixed,0.8,31,50,46,4,48421,227,Low,0.7
3940,TikTok,36-45,Female,Germany,Tablet,Mobile Data,Free,Image,0.2,20,77,33,84,28345,2568,Medium,9.7
3941,Reddit,13-18,Other,UAE,Tablet,WiFi,Free,Video,3.5,36,377,137,128,28640,842,Medium,7.6
3942,LinkedIn,13-18,Female,USA,Desktop,WiFi,Premium,Text,0.6,19,398,26,46,82516,4206,Low,5.8
3943,Snapchat,36-45,Other,UAE,Desktop,Mobile Data,Free,Text,5.3,31,474,33,36,37856,1013,Low,2.4
3944,Reddit,60+,Other,UK,Tablet,Mobile Data,Free,Video,4.9,15,501,158,41,82548,571,High,4.8
3945,TikTok,46-60,Other,India,Mobile,WiFi,Free,Video,4.9,19,45,63,48,27621,1500,Low,2.6
3946,Reddit,36-45,Other,India,Tablet,WiFi,Free,Text,2.2,8,278,127,53,16728,4862,High,2.4
3947,TikTok,36-45,Female,USA,Mobile,Mobile Data,Premium,Mixed,0.6,0,657,4,122,45221,1236,High,3.7
3948,Snapchat,26-35,Female,Germany,Mobile,WiFi,Premium,Mixed,2.4,11,142,165,20,47094,1238,Medium,0.7
3949,Instagram,46-60,Male,Canada,Mobile,Mobile Data,Free,Text,1.4,11,270,137,77,63905,2440,Medium,4.6
3950,YouTube,19-25,Female,Canada,Mobile,Mobile Data,Premium,Mixed,3.0,31,522,136,64,77720,202,Medium,9.8
3951,Reddit,36-45,Other,Canada,Mobile,Mobile Data,Free,Image,2.5,16,203,195,137,75281,480,Medium,1.8
3952,YouTube,60+,Female,UK,Mobile,WiFi,Free,Image,3.7,4,225,98,74,78473,3642,High,4.3
3953,Facebook,13-18,Other,Brazil,Mobile,Mobile Data,Free,Video,4.9,38,138,56,116,20457,2573,High,8.6
3954,Snapchat,46-60,Other,UAE,Mobile,WiFi,Free,Video,1.7,33,127,191,37,77285,2715,Low,3.8
3955,Snapchat,46-60,Male,Australia,Tablet,Mobile Data,Free,Text,3.6,21,726,45,9,956,3259,Low,2.7
3956,Facebook,26-35,Male,Brazil,Tablet,WiFi,Free,Video,4.3,26,646,95,26,3178,3053,Low,7.7
3957,Snapchat,46-60,Other,UK,Desktop,Mobile Data,Free,Text,4.0,20,188,164,115,59708,314,High,4.4
3958,Facebook,60+,Male,Brazil,Desktop,Mobile Data,Free,Mixed,4.4,0,687,177,0,16749,88,Medium,8.6
3959,Pinterest,19-25,Male,Japan,Mobile,WiFi,Premium,Text,6.0,30,68,161,134,38217,3317,High,1.5
3960,LinkedIn,60+,Male,Brazil,Mobile,WiFi,Premium,Video,1.1,15,770,193,82,10476,1826,Low,8.7
3961,Twitter,46-60,Female,USA,Desktop,Mobile Data,Premium,Mixed,1.9,1,146,190,23,4015,2969,Medium,1.6
3962,Instagram,19-25,Male,India,Desktop,Mobile Data,Free,Video,0.7,26,649,18,135,75829,1683,Low,2.7
3963,YouTube,46-60,Other,UAE,Desktop,Mobile Data,Premium,Text,2.6,37,188,2,62,42584,3558,Medium,8.7
3964,Pinterest,60+,Male,Germany,Desktop,WiFi,Premium,Text,3.6,7,578,85,29,78486,2757,Medium,8.2
3965,Facebook,36-45,Female,Germany,Mobile,WiFi,Free,Mixed,3.6,2,484,96,45,73504,4932,Low,9.3
3966,Facebook,26-35,Other,Singapore,Desktop,WiFi,Premium,Mixed,5.5,12,687,116,21,89466,3756,High,8.8
3967,LinkedIn,46-60,Female,Japan,Desktop,Mobile Data,Free,Mixed,4.3,7,368,34,49,84602,752,Low,9.7
3968,Instagram,13-18,Female,UAE,Mobile,WiFi,Free,Text,5.9,39,44,120,82,78642,2141,Low,9.9
3969,Instagram,60+,Female,Germany,Tablet,WiFi,Premium,Image,5.0,23,562,7,61,42734,561,Medium,1.5
3970,Snapchat,46-60,Female,UK,Desktop,Mobile Data,Free,Mixed,3.4,11,404,195,59,41000,3758,High,0.5
3971,Twitter,46-60,Female,Japan,Mobile,Mobile Data,Free,Text,1.4,27,449,180,50,87767,2264,Low,2.3
3972,Instagram,26-35,Male,UK,Tablet,WiFi,Free,Text,3.8,34,45,147,74,43782,975,Medium,6.6
3973,YouTube,60+,Male,Australia,Tablet,WiFi,Free,Text,3.9,24,164,22,94,31364,4221,High,6.8
3974,LinkedIn,13-18,Other,Japan,Mobile,Mobile Data,Premium,Mixed,2.5,33,20,25,35,56720,3332,Low,3.4
3975,Facebook,36-45,Other,India,Tablet,WiFi,Premium,Video,1.2,22,354,148,95,14890,2876,High,7.3
3976,TikTok,19-25,Female,Singapore,Tablet,WiFi,Free,Video,0.5,30,76,97,98,2959,2621,Medium,6.9
3977,Facebook,46-60,Male,UK,Desktop,Mobile Data,Premium,Image,2.1,30,529,111,120,8489,1146,Medium,4.2
3978,Snapchat,60+,Other,Canada,Mobile,Mobile Data,Premium,Text,5.9,28,221,76,45,44087,4122,Medium,1.3
3979,Reddit,13-18,Female,UK,Mobile,WiFi,Free,Text,5.0,2,408,107,104,83775,65,High,5.0
3980,YouTube,19-25,Male,Japan,Tablet,WiFi,Free,Mixed,5.1,27,57,115,48,10084,903,High,5.9
3981,LinkedIn,46-60,Female,USA,Tablet,Mobile Data,Premium,Video,4.3,30,175,86,36,83829,488,Low,6.0
3982,YouTube,13-18,Other,Japan,Tablet,WiFi,Premium,Image,3.1,6,378,45,106,25816,2699,Low,6.9
3983,Facebook,36-45,Male,Australia,Desktop,Mobile Data,Free,Video,3.6,8,714,11,61,18081,947,Medium,0.6
3984,Pinterest,26-35,Female,India,Tablet,Mobile Data,Free,Video,1.3,37,54,45,32,64313,903,High,6.5
3985,YouTube,19-25,Male,UAE,Desktop,Mobile Data,Free,Mixed,0.7,1,762,126,76,65771,2763,Medium,9.8
3986,Twitter,19-25,Male,Germany,Tablet,Mobile Data,Premium,Mixed,5.3,39,794,82,14,82233,1366,Medium,7.3
3987,YouTube,19-25,Female,Brazil,Mobile,WiFi,Premium,Mixed,3.9,15,12,143,94,25637,3248,Medium,1.3
3988,Facebook,46-60,Female,Germany,Tablet,Mobile Data,Free,Text,4.6,40,339,82,98,34697,4775,Medium,7.7
3989,Snapchat,36-45,Female,Canada,Desktop,Mobile Data,Premium,Mixed,0.4,21,379,160,9,38275,420,Medium,9.4
3990,YouTube,46-60,Female,Brazil,Tablet,Mobile Data,Premium,Video,2.3,13,254,60,101,68720,1162,High,3.4
3991,Reddit,60+,Male,USA,Mobile,Mobile Data,Premium,Text,3.6,5,416,163,59,61927,1413,High,4.5
3992,Snapchat,36-45,Female,Canada,Desktop,WiFi,Premium,Video,2.2,28,608,177,47,43781,3431,Medium,7.0
3993,Pinterest,36-45,Female,Singapore,Desktop,Mobile Data,Premium,Text,1.8,17,279,129,35,15877,208,Low,1.6
3994,Snapchat,13-18,Male,India,Mobile,WiFi,Free,Mixed,2.8,14,259,91,117,80068,4606,Medium,7.4
3995,Snapchat,60+,Female,Canada,Mobile,Mobile Data,Premium,Video,3.9,14,626,113,91,21697,2764,High,2.0
3996,Snapchat,60+,Male,Brazil,Desktop,Mobile Data,Premium,Image,3.9,14,608,40,127,79664,2359,Medium,9.4
3997,Twitter,13-18,Male,India,Tablet,Mobile Data,Free,Image,2.6,11,257,88,5,76152,3690,High,5.7
3998,Reddit,13-18,Other,UAE,Mobile,WiFi,Premium,Image,3.3,8,338,2,38,83126,4491,Medium,9.2
3999,Facebook,19-25,Other,Canada,Desktop,Mobile Data,Free,Image,3.4,38,631,122,69,96667,4937,Low,9.3
4000,YouTube,36-45,Other,Singapore,Mobile,Mobile Data,Free,Video,4.5,21,592,129,128,40179,2514,Low,9.5
4001,Pinterest,26-35,Female,UK,Mobile,Mobile Data,Premium,Video,0.4,23,587,26,7,38918,1783,High,3.0
4002,YouTube,19-25,Other,UK,Tablet,Mobile Data,Free,Text,5.2,18,257,59,36,97393,463,High,3.4
4003,Pinterest,26-35,Male,Japan,Tablet,Mobile Data,Free,Video,5.3,11,189,77,51,9267,1622,Low,1.2
4004,Facebook,19-25,Female,Germany,Tablet,WiFi,Premium,Image,4.8,15,741,99,132,22578,882,Low,8.1
4005,YouTube,19-25,Other,UAE,Mobile,Mobile Data,Premium,Mixed,3.3,27,377,114,110,5178,3677,Low,6.7
4006,Facebook,26-35,Male,USA,Desktop,WiFi,Free,Image,3.2,27,211,60,112,37983,2879,Low,3.2
4007,Reddit,36-45,Other,Canada,Mobile,Mobile Data,Premium,Image,1.6,4,634,11,69,22249,3277,Medium,1.1
4008,Snapchat,19-25,Female,UAE,Desktop,Mobile Data,Premium,Image,5.8,0,438,55,32,85895,2861,Medium,5.8
4009,TikTok,36-45,Other,Singapore,Desktop,WiFi,Free,Image,0.3,34,529,21,70,60756,4185,Medium,7.0
4010,Reddit,46-60,Male,Brazil,Desktop,Mobile Data,Free,Text,4.2,25,262,194,16,76180,4297,High,7.0
4011,Instagram,26-35,Other,Brazil,Desktop,Mobile Data,Free,Image,0.9,11,0,74,20,42805,3202,Low,0.8
4012,YouTube,46-60,Other,UK,Mobile,WiFi,Premium,Mixed,3.6,2,537,119,19,38404,892,High,4.1
4013,Instagram,13-18,Male,Australia,Desktop,Mobile Data,Free,Image,0.3,15,351,173,81,68635,3763,Medium,1.3
4014,Twitter,46-60,Female,Germany,Mobile,WiFi,Premium,Image,4.2,1,112,28,56,86323,4231,Low,3.9
4015,Facebook,19-25,Male,USA,Tablet,WiFi,Premium,Text,1.0,38,54,89,116,66277,4036,High,7.3
4016,Facebook,26-35,Male,Japan,Tablet,Mobile Data,Free,Image,1.6,40,96,145,99,92074,3711,High,6.2
4017,Facebook,36-45,Female,Canada,Tablet,Mobile Data,Free,Mixed,0.9,23,415,154,135,75430,1905,Low,6.7
4018,Instagram,36-45,Female,Brazil,Desktop,WiFi,Free,Mixed,0.8,18,797,200,98,45980,396,Low,2.8
4019,Facebook,46-60,Female,India,Tablet,WiFi,Premium,Image,4.6,19,595,26,82,21483,4474,High,5.9
4020,Facebook,26-35,Female,India,Mobile,Mobile Data,Premium,Video,2.3,13,760,152,11,3693,3282,High,2.2
4021,Facebook,19-25,Female,Japan,Mobile,Mobile Data,Premium,Image,2.3,29,135,162,84,8477,4426,Medium,4.4
4022,Snapchat,13-18,Female,UAE,Tablet,WiFi,Free,Video,0.7,10,736,187,130,68645,1964,Medium,9.6
4023,Reddit,36-45,Female,USA,Tablet,Mobile Data,Free,Mixed,1.3,0,305,167,122,49037,4244,Low,7.6
4024,LinkedIn,46-60,Female,Japan,Desktop,Mobile Data,Free,Image,4.9,17,127,146,116,22601,2045,High,5.2
4025,YouTube,46-60,Male,Canada,Desktop,WiFi,Free,Image,3.7,3,583,141,124,35876,810,High,8.9
4026,Twitter,46-60,Male,Brazil,Desktop,Mobile Data,Free,Text,5.5,22,288,59,33,7146,3932,Medium,8.7
4027,Pinterest,60+,Other,Japan,Tablet,Mobile Data,Free,Image,0.4,9,492,22,65,88314,1769,Low,0.6
4028,Pinterest,36-45,Other,USA,Mobile,WiFi,Free,Video,2.0,13,478,38,38,16152,3141,Medium,5.3
4029,Instagram,19-25,Female,UAE,Mobile,Mobile Data,Premium,Image,5.5,40,218,169,16,46274,3650,Medium,6.5
4030,Snapchat,36-45,Other,UK,Tablet,Mobile Data,Premium,Video,0.7,24,506,51,24,41789,4150,High,8.2
4031,Instagram,26-35,Female,UK,Desktop,Mobile Data,Free,Video,5.9,34,783,75,84,25462,2427,High,9.9
4032,Instagram,46-60,Female,USA,Mobile,Mobile Data,Free,Image,2.2,32,333,39,115,24373,2494,Medium,7.4
4033,TikTok,13-18,Other,UK,Mobile,WiFi,Free,Text,4.4,5,90,176,88,58591,2163,High,4.6
4034,Pinterest,60+,Other,Australia,Tablet,Mobile Data,Free,Mixed,1.8,1,444,170,67,8068,2907,Medium,6.8
4035,Reddit,36-45,Female,UAE,Mobile,WiFi,Premium,Text,1.1,34,51,39,29,18756,1166,High,3.6
4036,Reddit,36-45,Male,USA,Tablet,WiFi,Premium,Video,2.0,34,89,65,74,71592,3594,High,5.1
4037,Reddit,46-60,Female,India,Mobile,WiFi,Free,Text,5.4,11,54,68,1,10075,3187,Low,8.4
4038,Facebook,13-18,Male,Brazil,Desktop,Mobile Data,Premium,Mixed,1.1,2,645,162,123,53864,1108,High,3.7
4039,Snapchat,60+,Female,India,Desktop,Mobile Data,Free,Video,1.8,36,329,103,78,43246,3578,Medium,8.4
4040,TikTok,13-18,Other,Japan,Tablet,Mobile Data,Free,Image,0.9,38,263,65,111,72590,2213,High,1.6
4041,TikTok,13-18,Female,Singapore,Mobile,Mobile Data,Free,Video,2.5,25,499,80,39,57191,3903,Medium,7.9
4042,Reddit,46-60,Other,USA,Desktop,Mobile Data,Free,Text,1.9,31,468,182,49,2469,4954,High,4.7
4043,YouTube,19-25,Male,USA,Desktop,WiFi,Premium,Video,4.2,31,490,108,109,83061,4642,Low,3.0
4044,Twitter,46-60,Male,Japan,Mobile,Mobile Data,Free,Mixed,5.8,9,184,72,62,94450,3573,High,9.0
4045,Twitter,13-18,Male,Australia,Tablet,Mobile Data,Premium,Video,5.0,34,304,31,61,36103,1082,Medium,7.8
4046,YouTube,36-45,Female,Singapore,Tablet,Mobile Data,Free,Image,2.4,35,274,20,138,91863,3036,Medium,9.0
4047,Pinterest,13-18,Other,UK,Mobile,Mobile Data,Free,Video,5.1,21,384,172,37,30721,542,High,5.1
4048,LinkedIn,60+,Other,Australia,Desktop,Mobile Data,Premium,Text,4.0,19,682,20,86,50929,1995,Medium,2.5
4049,Instagram,46-60,Female,Singapore,Tablet,Mobile Data,Premium,Text,5.9,31,777,171,37,7542,3390,High,2.6
4050,Facebook,36-45,Other,UK,Desktop,WiFi,Premium,Text,3.2,34,39,198,72,74289,910,Medium,1.5
4051,Facebook,13-18,Other,Germany,Tablet,WiFi,Free,Image,1.3,10,125,29,14,85967,2253,Medium,2.5
4052,LinkedIn,60+,Female,Brazil,Tablet,WiFi,Free,Image,4.9,16,163,28,82,12775,4392,Medium,9.0
4053,Pinterest,46-60,Other,USA,Mobile,Mobile Data,Premium,Text,3.3,20,492,109,91,14681,711,Medium,2.5
4054,LinkedIn,26-35,Male,Germany,Mobile,Mobile Data,Free,Mixed,3.1,40,511,159,92,21398,205,Medium,8.1
4055,Reddit,26-35,Male,USA,Desktop,Mobile Data,Free,Image,0.7,24,720,44,19,95524,1643,Medium,4.1
4056,LinkedIn,36-45,Male,India,Desktop,WiFi,Premium,Text,5.4,17,752,103,50,72898,1620,Low,4.9
4057,Instagram,46-60,Other,Australia,Mobile,Mobile Data,Free,Video,1.0,28,414,138,149,89592,1511,Low,1.6
4058,Pinterest,19-25,Female,India,Tablet,WiFi,Free,Video,2.8,24,214,109,10,13917,1108,Low,5.1
4059,Twitter,19-25,Female,Brazil,Tablet,WiFi,Free,Text,0.6,20,666,19,33,28351,3672,Medium,5.8
4060,YouTube,26-35,Other,UK,Desktop,Mobile Data,Free,Image,2.2,25,53,114,24,72276,1410,Low,8.3
4061,Twitter,13-18,Female,India,Mobile,WiFi,Premium,Image,5.5,2,370,18,104,60921,4938,Medium,3.1
4062,YouTube,46-60,Female,Germany,Mobile,Mobile Data,Premium,Image,1.8,31,680,11,74,80691,4506,Low,7.5
4063,Facebook,36-45,Female,India,Desktop,Mobile Data,Free,Text,2.3,12,507,33,108,67156,4884,High,7.7
4064,Snapchat,46-60,Male,Japan,Tablet,Mobile Data,Premium,Mixed,4.7,9,782,64,85,66942,263,Low,5.3
4065,Pinterest,13-18,Male,Australia,Desktop,Mobile Data,Premium,Video,2.0,8,771,93,29,31494,1573,High,6.6
4066,Pinterest,19-25,Other,USA,Tablet,WiFi,Premium,Image,1.3,29,420,69,128,31541,494,Low,5.1
4067,LinkedIn,60+,Male,USA,Mobile,Mobile Data,Free,Text,2.1,34,531,19,49,65576,1385,Medium,4.6
4068,Instagram,60+,Other,Japan,Mobile,WiFi,Free,Mixed,1.3,9,748,131,84,81547,1280,High,7.1
4069,LinkedIn,60+,Other,Singapore,Desktop,Mobile Data,Premium,Text,2.0,3,709,65,127,36449,479,Medium,8.4
4070,Instagram,26-35,Other,USA,Tablet,Mobile Data,Free,Text,2.4,15,208,108,149,83059,4188,High,6.7
4071,Pinterest,13-18,Male,Australia,Desktop,Mobile Data,Premium,Mixed,5.8,25,610,76,57,56656,4368,High,9.4
4072,Twitter,26-35,Male,USA,Tablet,WiFi,Free,Image,1.9,30,602,67,37,84415,4682,High,4.5
4073,TikTok,19-25,Female,UAE,Mobile,Mobile Data,Premium,Video,3.9,23,765,151,132,57578,3735,High,1.7
4074,Facebook,60+,Female,UAE,Tablet,WiFi,Premium,Text,3.5,39,448,82,104,98653,464,Low,6.4
4075,Pinterest,26-35,Female,Singapore,Desktop,WiFi,Premium,Image,5.7,2,191,112,5,45917,4119,High,8.1
4076,YouTube,36-45,Female,India,Desktop,Mobile Data,Free,Video,5.5,26,718,128,20,29220,799,Medium,5.2
4077,TikTok,13-18,Male,India,Mobile,Mobile Data,Premium,Mixed,1.4,19,741,162,63,49374,115,High,8.6
4078,LinkedIn,36-45,Male,Germany,Desktop,Mobile Data,Free,Text,4.3,8,799,18,133,11417,3843,Medium,8.0
4079,Pinterest,19-25,Female,Japan,Desktop,Mobile Data,Free,Text,0.6,17,636,102,134,70313,2330,Medium,7.5
4080,TikTok,36-45,Male,Singapore,Mobile,WiFi,Premium,Text,1.8,17,590,7,51,23179,935,Low,2.5
4081,Snapchat,36-45,Other,Canada,Mobile,Mobile Data,Premium,Video,3.1,5,324,59,38,41432,2580,Medium,6.1
4082,LinkedIn,13-18,Other,Singapore,Tablet,Mobile Data,Free,Image,5.8,18,36,128,36,36519,4357,High,3.2
4083,Reddit,19-25,Other,India,Tablet,WiFi,Free,Image,1.5,20,139,97,16,85636,2789,Low,8.3
4084,Instagram,60+,Male,UK,Tablet,Mobile Data,Premium,Video,1.1,32,41,102,77,52104,4335,Low,2.2
4085,YouTube,26-35,Male,UAE,Mobile,WiFi,Free,Mixed,5.2,4,462,79,46,84325,1119,Low,3.4
4086,LinkedIn,13-18,Male,Singapore,Tablet,Mobile Data,Free,Mixed,3.4,40,9,121,138,85935,1141,High,9.3
4087,LinkedIn,26-35,Male,Brazil,Mobile,Mobile Data,Premium,Image,3.3,40,371,186,92,99855,61,Medium,9.1
4088,Snapchat,46-60,Male,Singapore,Mobile,Mobile Data,Free,Video,4.2,26,488,80,143,56086,2556,Low,4.4
4089,Reddit,19-25,Male,Singapore,Desktop,Mobile Data,Free,Mixed,2.5,24,758,53,143,76429,1597,High,1.6
4090,Twitter,60+,Female,Japan,Tablet,WiFi,Free,Text,0.3,6,706,64,102,74664,2211,Low,8.4
4091,Pinterest,13-18,Female,Brazil,Desktop,Mobile Data,Free,Image,4.6,35,700,164,108,45545,4395,High,2.1
4092,YouTube,26-35,Other,Germany,Tablet,WiFi,Free,Video,0.3,12,165,70,112,10685,957,Medium,0.8
4093,Instagram,36-45,Other,UAE,Desktop,Mobile Data,Free,Video,5.6,9,343,9,41,82062,3733,Low,3.8
4094,TikTok,46-60,Male,USA,Desktop,Mobile Data,Free,Image,1.2,34,786,181,88,96310,1820,Medium,5.7
4095,Snapchat,60+,Other,UK,Desktop,WiFi,Free,Image,5.1,25,277,72,33,52111,4580,Medium,2.5
4096,TikTok,36-45,Male,Canada,Desktop,Mobile Data,Premium,Mixed,4.3,38,294,12,74,2601,134,Low,9.5
4097,LinkedIn,36-45,Male,Germany,Tablet,Mobile Data,Premium,Video,5.6,27,239,175,32,68567,745,High,7.7
4098,Snapchat,13-18,Male,Canada,Tablet,WiFi,Premium,Text,5.5,7,733,102,107,67981,2673,High,2.2
4099,Snapchat,13-18,Female,Japan,Tablet,WiFi,Premium,Text,4.8,38,634,174,135,10238,1154,Medium,3.1
4100,YouTube,36-45,Other,USA,Desktop,WiFi,Premium,Text,1.8,16,601,5,119,93031,4500,Medium,8.0
4101,Snapchat,36-45,Female,Singapore,Tablet,Mobile Data,Free,Image,2.2,28,249,129,82,45343,1315,Low,4.6
4102,Snapchat,46-60,Other,USA,Desktop,WiFi,Free,Text,3.7,19,622,142,90,46147,4945,Low,8.5
4103,TikTok,13-18,Other,Canada,Desktop,WiFi,Free,Mixed,0.5,37,428,106,41,78430,4568,Low,9.7
4104,LinkedIn,46-60,Male,UK,Tablet,WiFi,Premium,Video,2.0,16,173,182,102,42704,361,Low,4.0
4105,TikTok,26-35,Male,Japan,Desktop,Mobile Data,Free,Text,3.5,35,695,8,16,89189,2817,High,6.9
4106,TikTok,13-18,Male,Australia,Desktop,WiFi,Premium,Image,4.2,15,652,65,108,46853,1709,High,1.5
4107,Instagram,36-45,Other,UK,Mobile,Mobile Data,Free,Mixed,3.8,14,193,196,100,61036,1682,Low,2.9
4108,Pinterest,46-60,Female,India,Desktop,Mobile Data,Free,Video,3.9,23,115,197,141,9451,799,Low,2.8
4109,Pinterest,19-25,Male,India,Desktop,Mobile Data,Premium,Video,1.9,13,75,145,93,50235,4736,High,3.1
4110,Instagram,19-25,Other,UK,Tablet,Mobile Data,Premium,Text,5.5,21,795,133,60,55028,800,Medium,9.5
4111,Twitter,60+,Male,Japan,Mobile,WiFi,Free,Video,0.7,30,178,44,88,23876,3104,High,6.8
4112,YouTube,60+,Female,Singapore,Mobile,Mobile Data,Premium,Text,3.1,17,664,88,84,32662,4236,High,8.7
4113,Twitter,36-45,Female,Australia,Desktop,WiFi,Free,Mixed,4.2,37,290,130,59,33451,337,High,9.0
4114,YouTube,13-18,Other,UAE,Tablet,Mobile Data,Premium,Image,1.4,27,383,181,56,55892,1307,Medium,0.5
4115,Reddit,26-35,Male,UK,Desktop,WiFi,Free,Video,4.7,31,478,159,51,61776,3091,High,1.8
4116,Instagram,26-35,Other,Australia,Desktop,Mobile Data,Premium,Text,0.3,31,653,95,103,74233,3691,Medium,6.4
4117,YouTube,36-45,Male,Canada,Tablet,Mobile Data,Premium,Image,5.1,10,661,183,24,39005,3832,High,1.2
4118,Snapchat,26-35,Other,UK,Desktop,Mobile Data,Free,Mixed,5.4,34,144,57,123,34231,580,Low,6.7
4119,Facebook,60+,Other,Germany,Mobile,Mobile Data,Free,Text,1.3,8,217,172,112,88481,3034,High,3.5
4120,TikTok,19-25,Female,UAE,Tablet,Mobile Data,Premium,Image,0.9,12,697,25,119,83086,2236,Low,2.1
4121,YouTube,13-18,Other,UAE,Desktop,WiFi,Premium,Video,3.8,30,753,128,41,36840,2636,Low,3.4
4122,LinkedIn,60+,Other,Brazil,Desktop,WiFi,Free,Mixed,3.3,18,562,96,102,82519,4696,Medium,4.2
4123,LinkedIn,46-60,Other,Singapore,Mobile,WiFi,Free,Mixed,5.8,36,157,26,27,95380,1243,Medium,4.6
4124,Twitter,36-45,Female,Brazil,Desktop,Mobile Data,Premium,Image,4.8,7,369,24,6,98084,336,Medium,8.2
4125,TikTok,26-35,Male,USA,Tablet,WiFi,Free,Text,4.8,20,137,84,124,17714,476,Low,1.2
4126,TikTok,13-18,Female,Canada,Desktop,WiFi,Premium,Image,3.3,15,358,100,129,37492,2802,Low,7.1
4127,LinkedIn,60+,Other,Canada,Tablet,WiFi,Premium,Video,2.1,12,749,61,112,13938,606,Medium,2.6
4128,Instagram,46-60,Other,UK,Mobile,Mobile Data,Free,Text,1.7,15,380,87,57,44726,4796,Medium,9.5
4129,Snapchat,13-18,Other,UAE,Tablet,WiFi,Free,Video,2.7,38,558,64,106,81331,4784,Low,5.1
4130,Reddit,46-60,Female,USA,Mobile,Mobile Data,Free,Mixed,5.3,39,640,51,110,8566,3426,Low,5.3
4131,Snapchat,13-18,Other,Germany,Desktop,WiFi,Premium,Video,2.1,23,134,34,45,44786,605,Medium,1.8
4132,LinkedIn,26-35,Male,Brazil,Tablet,Mobile Data,Free,Mixed,2.9,26,364,91,118,75579,4762,High,4.1
4133,Pinterest,46-60,Male,USA,Desktop,Mobile Data,Free,Image,5.5,40,353,24,48,23223,1407,Medium,2.6
4134,LinkedIn,26-35,Male,Singapore,Tablet,WiFi,Premium,Mixed,4.6,27,210,38,22,83265,343,Low,7.6
4135,YouTube,36-45,Female,Canada,Mobile,WiFi,Free,Text,3.0,24,86,65,97,98166,1060,Low,8.2
4136,LinkedIn,13-18,Other,Japan,Desktop,WiFi,Free,Video,1.9,3,724,153,12,63163,613,Low,7.5
4137,YouTube,26-35,Female,Brazil,Mobile,WiFi,Premium,Text,1.7,18,82,128,71,74933,73,Medium,8.1
4138,Facebook,36-45,Male,Japan,Tablet,Mobile Data,Free,Video,2.5,28,278,145,0,42338,4589,High,4.9
4139,Instagram,13-18,Female,UAE,Mobile,WiFi,Premium,Text,4.2,23,706,181,29,14385,1685,Medium,6.3
4140,TikTok,60+,Male,Singapore,Desktop,Mobile Data,Premium,Text,5.3,31,762,95,128,15051,1809,Medium,7.6
4141,Reddit,26-35,Other,India,Mobile,Mobile Data,Premium,Text,2.6,10,187,108,131,41136,4890,High,3.7
4142,Reddit,13-18,Male,Germany,Desktop,WiFi,Free,Video,0.2,29,400,162,45,3857,4590,High,7.8
4143,Snapchat,19-25,Female,Germany,Tablet,Mobile Data,Free,Image,5.8,32,339,171,106,24752,142,Low,5.7
4144,Facebook,13-18,Other,Australia,Tablet,Mobile Data,Free,Video,4.3,2,31,82,41,11750,3250,Low,4.5
4145,Twitter,26-35,Female,UK,Mobile,WiFi,Free,Video,4.3,40,460,184,128,66287,3872,Medium,3.5
4146,Twitter,46-60,Male,India,Tablet,Mobile Data,Premium,Image,0.3,32,718,50,57,84010,1379,Low,6.7
4147,Twitter,60+,Other,Singapore,Tablet,WiFi,Free,Video,0.5,40,694,140,150,1432,3375,Low,4.3
4148,YouTube,46-60,Male,UAE,Desktop,WiFi,Free,Video,2.9,30,129,30,52,49962,744,Low,6.3
4149,Twitter,19-25,Male,UAE,Mobile,WiFi,Free,Image,1.6,5,380,41,41,18633,2800,Low,5.3
4150,YouTube,26-35,Female,Canada,Tablet,WiFi,Premium,Mixed,3.1,8,729,78,140,53539,168,Low,0.6
4151,TikTok,26-35,Female,Canada,Desktop,WiFi,Free,Mixed,2.6,36,296,19,27,7846,4516,Low,1.9
4152,Instagram,13-18,Male,USA,Tablet,Mobile Data,Free,Video,2.7,40,162,75,120,26603,2036,Low,6.9
4153,Snapchat,19-25,Male,USA,Tablet,WiFi,Free,Image,0.3,30,762,116,99,37738,1490,High,2.9
4154,Reddit,60+,Male,Japan,Mobile,WiFi,Premium,Video,2.8,0,117,64,87,9842,4644,Low,6.3
4155,Pinterest,19-25,Female,Australia,Tablet,Mobile Data,Premium,Mixed,4.8,38,590,83,116,742,119,Medium,6.6
4156,TikTok,46-60,Other,UK,Desktop,Mobile Data,Premium,Video,2.6,24,316,154,53,75487,3324,Low,5.8
4157,TikTok,26-35,Female,UK,Mobile,WiFi,Free,Image,1.5,31,173,72,27,68849,1580,High,4.1
4158,Twitter,19-25,Female,Singapore,Tablet,WiFi,Premium,Image,4.4,6,597,145,92,72155,2598,Medium,1.4
4159,LinkedIn,19-25,Female,Canada,Tablet,Mobile Data,Premium,Image,0.4,20,630,154,55,3250,3776,High,8.3
4160,Reddit,13-18,Other,Singapore,Desktop,Mobile Data,Free,Video,5.2,4,43,151,121,19635,1059,Medium,9.0
4161,Facebook,13-18,Female,Germany,Tablet,Mobile Data,Premium,Mixed,2.8,21,44,54,40,56752,4130,Medium,9.5
4162,Facebook,19-25,Other,USA,Desktop,WiFi,Free,Image,1.7,7,188,157,70,11257,4042,High,1.0
4163,Pinterest,46-60,Female,India,Desktop,WiFi,Free,Image,4.8,11,543,44,102,70664,112,Medium,1.1
4164,Pinterest,36-45,Female,Japan,Mobile,WiFi,Free,Mixed,4.7,23,650,21,3,41772,2991,Low,8.3
4165,Snapchat,60+,Other,Singapore,Tablet,WiFi,Free,Video,4.4,14,397,74,5,26112,2818,Medium,3.7
4166,Snapchat,13-18,Female,Germany,Mobile,Mobile Data,Premium,Mixed,4.6,12,765,112,34,2242,185,Low,9.5
4167,LinkedIn,13-18,Other,UK,Tablet,Mobile Data,Premium,Mixed,0.6,21,242,86,26,32272,1142,Low,1.9
4168,Instagram,60+,Other,Brazil,Tablet,WiFi,Free,Video,3.4,24,393,186,22,66998,1910,Low,1.6
4169,LinkedIn,26-35,Female,UAE,Desktop,WiFi,Free,Image,2.1,12,532,2,148,57695,188,Medium,7.0
4170,TikTok,26-35,Male,Australia,Desktop,Mobile Data,Free,Image,2.1,21,143,185,140,53573,548,Medium,8.4
4171,YouTube,26-35,Other,UK,Tablet,Mobile Data,Free,Video,1.3,13,765,102,132,54988,4212,Low,4.8
4172,Twitter,19-25,Other,USA,Tablet,WiFi,Premium,Video,0.7,28,12,72,130,84706,2401,Low,2.6
4173,Twitter,13-18,Female,UAE,Tablet,Mobile Data,Premium,Text,2.7,16,66,74,134,3013,990,Low,9.8
4174,Snapchat,36-45,Female,UK,Mobile,WiFi,Premium,Text,3.4,28,278,48,73,48406,4813,Medium,2.4
4175,Facebook,19-25,Female,Canada,Mobile,WiFi,Free,Video,4.7,38,411,19,70,22327,577,Low,1.6
4176,Facebook,13-18,Male,Singapore,Mobile,Mobile Data,Premium,Video,3.5,25,529,136,104,71049,2069,Medium,3.3
4177,Twitter,36-45,Female,USA,Tablet,WiFi,Premium,Mixed,5.5,10,688,100,95,39022,1306,Medium,4.4
4178,LinkedIn,13-18,Other,Singapore,Desktop,WiFi,Premium,Mixed,3.0,33,735,94,84,97395,699,High,3.7
4179,YouTube,36-45,Female,Germany,Tablet,Mobile Data,Free,Text,2.7,34,607,137,115,23140,4273,Low,5.7
4180,Facebook,19-25,Female,Japan,Tablet,WiFi,Premium,Image,4.0,5,272,104,43,93533,2531,Medium,3.9
4181,Reddit,60+,Female,Japan,Tablet,Mobile Data,Free,Image,5.0,31,41,82,27,68053,933,Low,4.7
4182,YouTube,36-45,Female,Brazil,Tablet,WiFi,Free,Mixed,4.5,27,549,54,95,37875,3068,Low,9.4
4183,Reddit,13-18,Male,Australia,Desktop,Mobile Data,Free,Text,1.9,19,652,1,74,33263,4383,Low,0.7
4184,Facebook,19-25,Female,Japan,Desktop,WiFi,Premium,Text,5.6,25,517,13,61,34304,2974,High,1.6
4185,Reddit,19-25,Female,Canada,Desktop,WiFi,Free,Mixed,1.3,22,405,112,7,75844,3870,Low,3.7
4186,Pinterest,19-25,Male,Japan,Desktop,Mobile Data,Free,Video,3.0,33,257,51,54,81214,3083,Medium,7.9
4187,Snapchat,36-45,Other,USA,Desktop,WiFi,Premium,Video,1.1,10,477,57,101,18818,203,Medium,7.1
4188,Pinterest,13-18,Other,Australia,Desktop,WiFi,Free,Mixed,2.7,39,121,74,64,14714,4344,Medium,5.9
4189,Snapchat,13-18,Other,Germany,Desktop,WiFi,Premium,Image,1.7,28,145,76,118,4347,1567,Low,9.1
4190,Reddit,46-60,Other,Brazil,Desktop,WiFi,Free,Image,5.5,11,327,174,18,23453,4704,Medium,5.6
4191,Twitter,19-25,Female,Canada,Mobile,Mobile Data,Free,Text,2.7,3,780,9,56,4144,947,High,2.5
4192,Pinterest,60+,Female,UAE,Desktop,Mobile Data,Free,Text,2.8,34,215,57,62,72429,3727,Medium,5.1
4193,YouTube,60+,Male,UAE,Desktop,Mobile Data,Free,Text,0.5,17,475,118,62,63077,4103,Medium,6.1
4194,Reddit,26-35,Male,Singapore,Desktop,Mobile Data,Premium,Video,2.2,8,334,144,29,35765,3754,High,1.3
4195,Twitter,26-35,Female,Canada,Desktop,WiFi,Premium,Image,3.7,34,382,197,83,3169,474,Low,3.4
4196,Instagram,60+,Female,UK,Mobile,WiFi,Premium,Image,0.7,31,626,38,47,91028,3903,High,2.7
4197,Pinterest,46-60,Female,Australia,Mobile,WiFi,Premium,Text,1.6,22,15,125,76,93569,1760,High,7.3
4198,Twitter,26-35,Other,Brazil,Mobile,Mobile Data,Premium,Image,5.1,6,755,122,88,46234,4641,Medium,1.4
4199,Reddit,46-60,Male,USA,Mobile,Mobile Data,Premium,Video,3.6,33,767,37,104,66436,580,Low,7.9
4200,Snapchat,46-60,Female,Australia,Mobile,Mobile Data,Premium,Mixed,5.1,13,470,37,30,90031,4124,Low,9.1
4201,Twitter,46-60,Female,Japan,Desktop,Mobile Data,Free,Image,5.4,3,536,18,12,77654,3553,Low,1.6
4202,Twitter,19-25,Other,UK,Desktop,Mobile Data,Free,Mixed,5.8,20,785,145,118,22470,3243,Medium,3.1
4203,TikTok,19-25,Male,Australia,Mobile,Mobile Data,Premium,Mixed,3.4,35,447,176,98,59714,157,Medium,7.0
4204,YouTube,19-25,Male,Brazil,Desktop,WiFi,Premium,Text,2.6,2,766,194,66,98818,1535,Low,4.9
4205,LinkedIn,13-18,Male,Canada,Tablet,WiFi,Premium,Image,3.6,15,666,65,35,97355,4711,High,2.1
4206,Snapchat,13-18,Other,Germany,Desktop,Mobile Data,Premium,Image,0.9,8,653,112,65,51903,1553,High,1.5
4207,LinkedIn,13-18,Female,Brazil,Mobile,Mobile Data,Premium,Image,0.6,0,247,109,34,80602,4051,Low,4.9
4208,Snapchat,13-18,Female,India,Desktop,WiFi,Free,Text,2.8,6,718,178,1,25349,1743,Medium,6.9
4209,TikTok,19-25,Other,Brazil,Desktop,WiFi,Free,Video,1.3,33,282,19,143,62483,1056,High,6.3
4210,LinkedIn,60+,Female,Singapore,Desktop,Mobile Data,Free,Mixed,4.2,38,782,7,25,18338,1766,Medium,7.9
4211,Facebook,13-18,Female,USA,Tablet,Mobile Data,Premium,Text,5.8,32,91,25,49,45567,2036,Medium,4.6
4212,Reddit,26-35,Other,India,Mobile,Mobile Data,Premium,Mixed,2.8,8,44,91,48,3737,1464,Low,0.6
4213,Reddit,60+,Other,Singapore,Tablet,WiFi,Premium,Video,3.3,30,147,93,28,47662,1450,High,7.8
4214,Facebook,36-45,Female,Canada,Tablet,Mobile Data,Premium,Mixed,5.6,7,333,43,22,84646,619,High,0.8
4215,Snapchat,36-45,Other,Brazil,Desktop,Mobile Data,Free,Image,4.7,11,776,195,14,79725,4146,Medium,7.7
4216,Pinterest,36-45,Other,Singapore,Mobile,WiFi,Premium,Image,0.2,32,52,123,74,28680,3025,Low,4.4
4217,Snapchat,13-18,Male,Singapore,Desktop,WiFi,Free,Image,4.0,37,563,136,149,73006,3413,High,7.3
4218,Twitter,46-60,Female,Japan,Desktop,Mobile Data,Free,Image,2.3,4,442,110,107,95497,584,Medium,1.8
4219,Pinterest,13-18,Female,Canada,Desktop,Mobile Data,Premium,Text,3.1,30,506,167,84,92321,3144,Low,3.9
4220,Pinterest,19-25,Male,Singapore,Mobile,WiFi,Premium,Image,5.8,32,335,123,50,86954,4092,High,9.7
4221,Twitter,26-35,Other,Germany,Desktop,Mobile Data,Free,Text,5.7,33,382,48,74,79685,4365,Low,2.5
4222,Snapchat,13-18,Other,USA,Desktop,Mobile Data,Premium,Video,2.9,31,167,5,106,46131,985,High,3.3
4223,Twitter,46-60,Male,UAE,Mobile,Mobile Data,Premium,Mixed,0.7,7,748,65,116,12964,4242,Medium,9.0
4224,Twitter,13-18,Male,USA,Mobile,WiFi,Free,Image,4.1,2,1,86,24,68023,1020,Low,5.2
4225,Twitter,36-45,Other,Australia,Mobile,WiFi,Free,Mixed,1.1,38,285,24,82,89626,3758,Low,5.1
4226,Instagram,19-25,Female,Germany,Mobile,Mobile Data,Premium,Image,4.8,25,683,128,27,48597,1529,Low,5.5
4227,TikTok,60+,Female,India,Mobile,WiFi,Premium,Text,3.2,11,755,52,76,93513,1386,Low,9.3
4228,TikTok,26-35,Female,USA,Desktop,Mobile Data,Premium,Text,5.4,7,709,81,137,32004,1745,Low,5.9
4229,Reddit,13-18,Male,Singapore,Tablet,Mobile Data,Free,Image,2.6,20,321,113,100,5121,785,High,9.2
4230,TikTok,36-45,Female,USA,Tablet,WiFi,Premium,Image,0.6,38,506,159,134,52725,3579,Low,9.6
4231,Reddit,19-25,Other,Brazil,Mobile,Mobile Data,Premium,Image,5.1,31,596,50,26,82320,1643,High,0.7
4232,Instagram,60+,Other,India,Mobile,WiFi,Premium,Image,4.2,38,329,151,121,87822,887,High,2.4
4233,Facebook,19-25,Male,Australia,Tablet,Mobile Data,Free,Mixed,0.6,20,313,161,47,92070,1144,Medium,6.9
4234,Reddit,46-60,Other,Singapore,Desktop,WiFi,Free,Video,3.4,16,560,65,33,7025,3525,Low,1.4
4235,Snapchat,60+,Other,Brazil,Tablet,Mobile Data,Free,Mixed,2.6,39,443,28,18,73853,2556,High,7.4
4236,Facebook,46-60,Female,Brazil,Tablet,Mobile Data,Premium,Text,2.6,37,718,29,28,84301,3984,High,2.8
4237,Pinterest,36-45,Female,Germany,Tablet,Mobile Data,Premium,Mixed,4.3,7,538,23,138,24137,2964,Medium,8.4
4238,Twitter,46-60,Other,India,Desktop,WiFi,Premium,Video,4.3,15,371,190,72,57198,2287,High,8.3
4239,LinkedIn,19-25,Female,Brazil,Tablet,WiFi,Premium,Text,1.1,38,134,5,61,72024,179,Low,1.6
4240,Pinterest,19-25,Female,Germany,Mobile,Mobile Data,Free,Mixed,4.6,19,296,48,4,45828,272,Medium,3.8
4241,Reddit,13-18,Female,Canada,Tablet,Mobile Data,Premium,Text,5.6,28,641,99,74,9778,4117,Medium,6.8
4242,YouTube,26-35,Other,UAE,Mobile,WiFi,Free,Mixed,4.1,29,640,81,55,30550,2485,Medium,0.9
4243,Facebook,60+,Female,India,Mobile,Mobile Data,Free,Video,4.4,37,672,46,140,85469,4864,Medium,5.8
4244,Reddit,13-18,Female,Australia,Tablet,WiFi,Premium,Mixed,5.8,21,322,46,103,25064,3084,Medium,8.2
4245,Pinterest,26-35,Male,Brazil,Mobile,Mobile Data,Free,Mixed,4.3,27,58,194,22,30659,3997,High,2.4
4246,LinkedIn,26-35,Female,Singapore,Desktop,Mobile Data,Premium,Image,1.3,6,556,162,65,3456,4856,Medium,8.2
4247,Facebook,26-35,Other,India,Tablet,Mobile Data,Premium,Text,3.1,27,501,146,66,37627,2567,Medium,8.6
4248,Instagram,36-45,Male,UK,Desktop,Mobile Data,Premium,Video,3.4,39,580,22,114,54447,3150,Low,4.6
4249,YouTube,36-45,Other,Canada,Desktop,WiFi,Premium,Text,4.8,16,322,150,127,1038,3454,Medium,9.4
4250,Facebook,19-25,Male,UAE,Desktop,Mobile Data,Premium,Image,1.2,36,117,34,93,5994,338,Medium,5.2
4251,Twitter,13-18,Female,Canada,Desktop,Mobile Data,Premium,Image,5.6,11,568,171,133,68491,2748,High,4.7
4252,YouTube,60+,Other,Brazil,Desktop,WiFi,Premium,Video,1.3,35,141,71,138,23152,1514,Medium,9.8
4253,Pinterest,46-60,Female,Brazil,Tablet,WiFi,Free,Mixed,3.3,14,705,133,13,29357,377,High,9.7
4254,LinkedIn,26-35,Male,Singapore,Tablet,Mobile Data,Premium,Mixed,0.6,27,80,42,101,35355,2794,Medium,4.6
4255,Instagram,36-45,Other,India,Desktop,WiFi,Free,Image,4.4,25,78,169,84,35861,4540,Low,8.2
4256,Snapchat,36-45,Other,Brazil,Desktop,Mobile Data,Premium,Text,1.7,35,556,90,88,49052,3443,Medium,1.0
4257,Facebook,60+,Other,Germany,Mobile,WiFi,Free,Image,4.1,37,558,5,17,53729,3632,Low,5.5
4258,Snapchat,36-45,Other,Australia,Desktop,Mobile Data,Free,Video,4.3,5,542,138,112,51524,682,Medium,2.7
4259,Twitter,26-35,Other,Canada,Desktop,Mobile Data,Free,Image,0.7,29,26,27,37,9945,408,Low,5.0
4260,Snapchat,19-25,Male,Germany,Desktop,Mobile Data,Premium,Video,1.8,35,670,40,74,1006,100,High,4.0
4261,Snapchat,46-60,Other,Australia,Desktop,Mobile Data,Free,Mixed,5.6,3,357,115,53,94407,3216,Low,4.5
4262,Reddit,60+,Male,Japan,Mobile,WiFi,Free,Text,5.5,29,251,72,56,68007,3165,Medium,6.7
4263,Twitter,60+,Other,Japan,Desktop,Mobile Data,Premium,Text,4.3,16,120,180,18,2594,1700,Low,2.4
4264,Twitter,13-18,Other,Singapore,Tablet,Mobile Data,Premium,Mixed,0.6,38,456,60,149,71965,2174,Low,0.7
4265,LinkedIn,36-45,Other,Germany,Mobile,WiFi,Premium,Text,3.9,10,621,187,75,39066,1761,Low,0.9
4266,Reddit,19-25,Female,Canada,Desktop,Mobile Data,Premium,Video,0.9,10,459,40,14,65637,1752,High,5.7
4267,Pinterest,36-45,Other,Germany,Tablet,Mobile Data,Premium,Mixed,3.4,4,257,163,1,96550,4967,High,2.8
4268,TikTok,46-60,Other,Germany,Mobile,Mobile Data,Free,Text,4.1,14,516,11,28,68971,2487,Low,2.6
4269,TikTok,46-60,Female,Canada,Mobile,Mobile Data,Premium,Image,5.9,1,300,8,39,45392,553,Medium,5.9
4270,YouTube,46-60,Male,UAE,Tablet,WiFi,Premium,Video,2.9,21,582,75,139,95117,4946,Medium,3.2
4271,Twitter,46-60,Male,India,Desktop,WiFi,Premium,Video,1.1,0,421,101,1,32987,3504,High,8.1
4272,Twitter,60+,Other,UAE,Tablet,Mobile Data,Free,Mixed,0.3,35,384,183,125,70005,2288,High,7.7
4273,Facebook,13-18,Other,USA,Tablet,WiFi,Premium,Mixed,5.8,14,743,106,88,16254,3853,High,5.3
4274,Reddit,13-18,Female,Germany,Tablet,Mobile Data,Premium,Text,5.0,31,124,152,56,54773,279,High,2.1
4275,Snapchat,26-35,Male,Germany,Tablet,Mobile Data,Free,Image,2.8,29,312,80,74,56822,1203,Medium,9.1
4276,LinkedIn,19-25,Other,UAE,Desktop,WiFi,Free,Video,1.9,3,379,93,139,4554,946,Low,1.9
4277,Facebook,13-18,Female,Japan,Mobile,WiFi,Premium,Video,5.5,24,479,110,34,7148,1009,Medium,4.9
4278,Twitter,46-60,Female,Singapore,Mobile,Mobile Data,Free,Video,1.1,19,697,163,17,29855,4814,Medium,3.2
4279,Snapchat,13-18,Other,Germany,Tablet,Mobile Data,Premium,Text,3.7,24,207,59,69,99896,3517,Low,1.1
4280,LinkedIn,13-18,Other,Australia,Desktop,Mobile Data,Premium,Text,1.3,36,9,94,70,98596,2149,Low,6.1
4281,Pinterest,36-45,Female,UAE,Desktop,Mobile Data,Premium,Text,3.7,34,760,70,57,64445,1127,High,2.3
4282,TikTok,36-45,Female,India,Desktop,Mobile Data,Premium,Mixed,0.8,11,594,25,112,25766,4278,Low,8.5
4283,Facebook,46-60,Female,UK,Desktop,WiFi,Free,Text,3.9,7,517,161,47,81461,1145,Low,7.7
4284,LinkedIn,19-25,Male,Singapore,Desktop,WiFi,Premium,Mixed,0.6,36,45,190,31,54215,187,Low,5.8
4285,Instagram,46-60,Male,Singapore,Desktop,WiFi,Free,Mixed,4.9,17,791,2,9,93212,4429,Medium,2.5
4286,TikTok,19-25,Other,USA,Tablet,WiFi,Premium,Text,2.2,5,765,75,4,71231,1041,Low,8.3
4287,Facebook,36-45,Male,Germany,Tablet,WiFi,Premium,Video,1.2,32,495,139,139,83623,113,Low,1.0
4288,Reddit,13-18,Other,Canada,Tablet,WiFi,Premium,Image,2.7,40,220,83,6,12616,2688,Medium,2.1
4289,Facebook,19-25,Male,USA,Tablet,WiFi,Free,Image,1.5,33,5,85,124,98428,3540,Low,5.6
4290,TikTok,46-60,Male,Canada,Desktop,WiFi,Free,Text,2.3,7,16,176,140,38341,4645,High,10.0
4291,Reddit,46-60,Female,India,Tablet,WiFi,Premium,Text,1.3,31,707,185,144,93261,3469,Low,3.8
4292,LinkedIn,13-18,Female,Singapore,Desktop,Mobile Data,Premium,Text,4.8,26,79,173,107,20077,3866,Medium,2.2
4293,Snapchat,60+,Male,UAE,Mobile,Mobile Data,Free,Image,0.6,38,638,58,14,9060,4643,Medium,0.6
4294,Snapchat,36-45,Female,USA,Tablet,Mobile Data,Premium,Image,5.5,32,264,50,44,13908,3314,Low,5.2
4295,YouTube,13-18,Female,USA,Desktop,Mobile Data,Premium,Image,0.2,0,225,99,3,85012,3041,High,6.1
4296,LinkedIn,13-18,Male,Singapore,Mobile,WiFi,Premium,Image,1.5,36,601,101,108,91078,2010,High,1.2
4297,Twitter,26-35,Male,Japan,Desktop,Mobile Data,Free,Text,1.6,24,781,6,123,88979,2143,High,6.2
4298,Pinterest,13-18,Female,Japan,Desktop,WiFi,Premium,Video,0.6,0,387,84,60,65684,789,Low,4.4
4299,Pinterest,13-18,Other,UAE,Mobile,Mobile Data,Free,Video,1.8,16,654,178,16,18683,1834,Low,9.1
4300,TikTok,26-35,Male,Japan,Desktop,WiFi,Free,Video,3.2,34,0,8,120,67746,1449,Medium,5.6
4301,Twitter,60+,Male,Germany,Tablet,Mobile Data,Free,Mixed,4.3,37,639,159,127,65577,4577,Medium,2.3
4302,Reddit,36-45,Female,USA,Tablet,WiFi,Premium,Video,0.4,18,480,144,52,44986,4264,High,7.7
4303,Snapchat,13-18,Female,Japan,Desktop,Mobile Data,Premium,Video,4.9,5,695,99,46,30148,790,Medium,4.9
4304,YouTube,46-60,Male,USA,Mobile,Mobile Data,Free,Text,4.4,32,604,62,29,24934,127,High,0.8
4305,LinkedIn,46-60,Other,USA,Mobile,Mobile Data,Premium,Video,4.3,24,168,43,97,63204,2033,Medium,3.3
4306,Pinterest,13-18,Male,Singapore,Tablet,Mobile Data,Premium,Video,3.7,29,765,141,1,92706,4334,Medium,8.3
4307,LinkedIn,46-60,Female,Australia,Tablet,WiFi,Free,Mixed,4.3,10,70,25,80,94155,4270,Medium,6.0
4308,YouTube,36-45,Male,UAE,Mobile,Mobile Data,Free,Mixed,0.4,26,416,170,17,19819,1139,Medium,2.6
4309,Snapchat,19-25,Female,UAE,Mobile,Mobile Data,Free,Text,5.2,9,66,35,88,28443,2250,Low,7.1
4310,Snapchat,13-18,Male,USA,Mobile,Mobile Data,Free,Video,4.3,35,773,155,17,44426,1125,Medium,4.6
4311,Facebook,13-18,Female,UK,Tablet,WiFi,Premium,Mixed,1.0,14,561,42,13,83868,2853,Medium,7.9
4312,Twitter,26-35,Other,UK,Desktop,Mobile Data,Premium,Mixed,1.1,16,16,171,70,50447,4419,High,2.6
4313,Snapchat,60+,Male,Canada,Mobile,WiFi,Free,Video,5.0,11,710,1,104,63456,4762,Low,4.9
4314,TikTok,46-60,Male,Australia,Desktop,WiFi,Premium,Mixed,2.0,35,621,173,145,59724,4954,Low,2.4
4315,Twitter,26-35,Other,India,Desktop,WiFi,Free,Mixed,0.4,23,496,89,74,97653,3491,High,2.9
4316,YouTube,60+,Other,Brazil,Tablet,WiFi,Free,Mixed,2.9,31,146,93,39,30443,2335,Medium,9.7
4317,LinkedIn,26-35,Female,Japan,Desktop,Mobile Data,Free,Video,0.6,16,772,44,19,23944,1740,Low,6.2
4318,Facebook,60+,Female,UAE,Mobile,WiFi,Premium,Image,4.0,34,53,110,40,33524,3989,High,1.6
4319,TikTok,46-60,Male,Singapore,Desktop,Mobile Data,Free,Image,1.6,36,43,48,124,2350,594,Low,4.4
4320,Instagram,19-25,Male,Japan,Desktop,WiFi,Free,Image,0.9,34,715,88,74,84414,2847,High,7.2
4321,YouTube,36-45,Male,India,Tablet,Mobile Data,Premium,Video,0.7,23,748,138,2,98605,1388,Medium,7.9
4322,Pinterest,60+,Male,Canada,Desktop,Mobile Data,Free,Mixed,0.3,38,292,151,32,69588,2085,Medium,6.5
4323,Twitter,19-25,Other,UAE,Desktop,Mobile Data,Premium,Text,4.9,35,123,30,32,82848,2704,High,1.4
4324,Facebook,26-35,Female,Brazil,Desktop,Mobile Data,Premium,Text,2.4,7,372,186,43,22528,917,Medium,9.7
4325,Snapchat,26-35,Female,India,Mobile,Mobile Data,Free,Video,5.8,27,606,25,46,57037,4339,Low,3.4
4326,Snapchat,36-45,Other,Japan,Desktop,WiFi,Premium,Video,3.3,1,240,174,18,59647,994,Low,5.6
4327,LinkedIn,19-25,Female,Australia,Desktop,Mobile Data,Free,Video,2.5,7,420,54,130,86218,4161,Low,9.9
4328,TikTok,26-35,Other,Brazil,Tablet,Mobile Data,Premium,Mixed,4.1,22,498,60,2,5506,1854,Medium,3.6
4329,TikTok,19-25,Other,Singapore,Tablet,Mobile Data,Premium,Image,3.2,38,644,115,60,53255,2271,Low,8.9
4330,Pinterest,60+,Other,Brazil,Tablet,WiFi,Free,Video,4.1,7,548,195,43,4152,4843,High,9.6
4331,Instagram,19-25,Male,Brazil,Mobile,Mobile Data,Free,Video,3.0,40,195,106,55,92796,1017,High,4.8
4332,Reddit,19-25,Other,Brazil,Tablet,Mobile Data,Premium,Video,2.2,11,610,197,61,29518,3724,High,0.5
4333,Facebook,26-35,Other,India,Mobile,Mobile Data,Premium,Image,4.1,11,436,98,46,54300,2065,Medium,8.3
4334,YouTube,19-25,Female,USA,Mobile,WiFi,Premium,Image,3.6,11,87,34,60,49097,4848,Medium,6.1
4335,Facebook,46-60,Female,Canada,Desktop,Mobile Data,Premium,Text,2.5,5,707,135,117,95134,294,Medium,1.4
4336,Facebook,13-18,Other,Brazil,Desktop,Mobile Data,Free,Text,5.4,22,615,94,147,82617,1920,Low,6.0
4337,Reddit,60+,Female,UAE,Desktop,WiFi,Free,Video,5.8,18,589,37,35,22212,4811,High,4.4
4338,Twitter,26-35,Male,UAE,Desktop,WiFi,Free,Video,3.3,30,280,88,44,81118,3674,High,3.4
4339,Facebook,13-18,Other,Singapore,Desktop,WiFi,Free,Mixed,5.4,27,268,21,137,25751,4456,Medium,5.9
4340,Instagram,13-18,Male,Singapore,Desktop,WiFi,Premium,Video,4.2,5,734,75,135,66908,2004,High,4.2
4341,Snapchat,36-45,Male,Germany,Tablet,WiFi,Premium,Text,3.0,2,234,177,92,76942,4259,Low,4.7
4342,Reddit,26-35,Other,Germany,Tablet,Mobile Data,Premium,Text,3.8,27,715,166,84,53469,1751,Low,7.7
4343,Reddit,26-35,Female,Brazil,Mobile,WiFi,Free,Image,5.3,33,42,91,146,40226,167,Low,3.0
4344,TikTok,60+,Male,Australia,Mobile,Mobile Data,Premium,Image,2.9,5,635,143,40,13204,1651,Low,2.7
4345,Snapchat,36-45,Female,Brazil,Tablet,WiFi,Premium,Image,3.3,26,716,167,92,81428,1470,Medium,1.8
4346,LinkedIn,26-35,Female,UK,Tablet,WiFi,Premium,Image,1.2,2,703,62,66,64229,2156,High,4.8
4347,TikTok,36-45,Male,UK,Tablet,Mobile Data,Premium,Mixed,4.8,8,508,181,88,50953,717,Low,2.7
4348,Snapchat,60+,Other,Canada,Mobile,Mobile Data,Premium,Image,0.2,19,128,38,34,67178,1580,High,6.9
4349,TikTok,26-35,Other,India,Desktop,WiFi,Premium,Video,4.4,34,207,60,84,324,570,Medium,0.6
4350,Twitter,36-45,Male,UAE,Tablet,Mobile Data,Premium,Video,1.0,10,542,77,146,55955,1756,High,6.8
4351,Snapchat,36-45,Female,Australia,Tablet,WiFi,Premium,Text,4.4,20,196,7,92,32304,1230,Medium,0.9
4352,LinkedIn,19-25,Female,UAE,Mobile,Mobile Data,Premium,Video,2.1,31,432,38,68,54402,3946,Low,6.4
4353,Instagram,46-60,Female,Australia,Tablet,WiFi,Free,Mixed,5.4,23,403,23,40,9038,3414,Medium,8.2
4354,TikTok,36-45,Male,Canada,Mobile,WiFi,Premium,Image,0.8,15,261,17,72,27895,3841,High,4.1
4355,YouTube,60+,Female,UK,Tablet,Mobile Data,Premium,Mixed,5.1,31,264,148,72,86335,1441,Low,7.0
4356,Facebook,36-45,Other,Australia,Mobile,WiFi,Free,Text,3.9,34,540,54,95,31182,1992,Medium,7.2
4357,TikTok,46-60,Male,USA,Mobile,WiFi,Premium,Video,2.7,18,293,77,119,68532,1853,High,3.0
4358,Pinterest,36-45,Female,Singapore,Mobile,WiFi,Premium,Video,4.6,36,665,57,148,18179,702,Medium,6.8
4359,Twitter,46-60,Male,USA,Mobile,Mobile Data,Free,Video,3.0,37,585,93,81,84656,1166,High,6.1
4360,Reddit,19-25,Female,Australia,Tablet,Mobile Data,Free,Image,4.0,2,395,147,58,57205,4302,Medium,6.2
4361,Facebook,13-18,Female,UK,Desktop,WiFi,Free,Mixed,5.0,12,62,22,101,36245,498,High,2.8
4362,TikTok,19-25,Male,Singapore,Mobile,Mobile Data,Free,Text,0.9,21,663,67,92,60114,1370,High,1.6
4363,Twitter,13-18,Male,Brazil,Tablet,Mobile Data,Premium,Mixed,1.8,40,574,96,47,80173,3594,Low,10.0
4364,Instagram,26-35,Female,India,Desktop,Mobile Data,Premium,Text,4.4,31,798,102,58,99334,3551,Medium,9.3
4365,Pinterest,60+,Female,Canada,Mobile,WiFi,Premium,Image,0.4,8,314,110,13,77328,3217,Medium,1.8
4366,Instagram,19-25,Other,India,Tablet,Mobile Data,Free,Mixed,5.1,15,19,180,43,85477,1475,Medium,1.1
4367,Reddit,13-18,Male,Germany,Desktop,Mobile Data,Free,Mixed,4.7,21,427,138,138,22351,885,Medium,6.9
4368,TikTok,36-45,Male,UK,Desktop,Mobile Data,Free,Image,1.0,0,238,80,96,23486,263,Medium,5.6
4369,LinkedIn,26-35,Female,Japan,Desktop,Mobile Data,Free,Text,0.8,20,182,70,90,57726,4457,Medium,8.4
4370,Pinterest,46-60,Male,India,Tablet,Mobile Data,Premium,Video,2.2,21,591,71,39,19837,4156,High,4.1
4371,Snapchat,60+,Male,Australia,Mobile,Mobile Data,Free,Text,4.4,25,389,122,70,74935,2504,High,3.6
4372,Snapchat,46-60,Other,Canada,Tablet,WiFi,Premium,Mixed,4.4,38,701,127,111,59166,4646,High,3.5
4373,Pinterest,60+,Female,UAE,Mobile,WiFi,Premium,Text,5.8,10,456,35,109,12363,4418,Medium,8.1
4374,Reddit,13-18,Other,Singapore,Mobile,Mobile Data,Premium,Text,3.0,29,228,81,79,91073,1651,High,1.3
4375,Instagram,46-60,Female,India,Tablet,WiFi,Premium,Image,1.7,34,567,23,131,97253,2897,Medium,5.8
4376,Pinterest,46-60,Male,UK,Desktop,WiFi,Premium,Text,5.6,16,686,174,134,91306,3505,Medium,2.3
4377,Instagram,36-45,Female,Brazil,Desktop,Mobile Data,Free,Image,4.9,4,339,26,25,6129,1508,Low,1.0
4378,Facebook,60+,Other,Singapore,Desktop,Mobile Data,Premium,Text,1.8,17,221,180,16,55441,1494,Medium,6.1
4379,Instagram,19-25,Female,Australia,Desktop,WiFi,Premium,Text,5.5,11,765,99,54,15198,2698,High,2.5
4380,Snapchat,46-60,Female,Singapore,Desktop,Mobile Data,Premium,Image,4.7,13,735,86,87,54091,2871,High,9.5
4381,Snapchat,60+,Other,UK,Mobile,Mobile Data,Free,Mixed,5.3,4,127,197,136,48145,2545,Low,9.5
4382,Instagram,60+,Other,UK,Tablet,Mobile Data,Premium,Image,0.4,29,508,56,112,53926,1117,High,4.7
4383,TikTok,46-60,Other,USA,Desktop,Mobile Data,Free,Mixed,4.4,19,472,132,26,82964,4740,Low,7.7
4384,YouTube,36-45,Other,Singapore,Mobile,WiFi,Premium,Image,2.0,6,120,149,67,44799,1264,Medium,9.0
4385,TikTok,19-25,Other,Canada,Mobile,WiFi,Free,Video,1.7,0,354,23,113,78638,3302,High,3.3
4386,Facebook,19-25,Male,Canada,Desktop,WiFi,Free,Video,3.8,17,409,3,7,86796,1869,Low,8.8
4387,Pinterest,26-35,Female,UK,Tablet,Mobile Data,Premium,Mixed,5.5,24,745,84,75,67985,1028,High,2.4
4388,Instagram,46-60,Female,Canada,Desktop,WiFi,Free,Text,5.7,30,499,126,49,7670,1464,Low,10.0
4389,LinkedIn,19-25,Other,Brazil,Mobile,Mobile Data,Premium,Mixed,4.6,10,99,97,52,3345,4639,Low,7.0
4390,TikTok,46-60,Male,Brazil,Mobile,WiFi,Premium,Video,5.0,0,299,37,132,1912,937,High,1.8
4391,Twitter,13-18,Female,Germany,Desktop,WiFi,Premium,Video,3.9,16,185,45,40,7176,3858,Low,1.2
4392,Snapchat,60+,Other,UAE,Tablet,WiFi,Premium,Video,3.4,16,7,10,47,73559,2750,High,9.5
4393,Pinterest,13-18,Female,Australia,Tablet,Mobile Data,Premium,Video,1.9,7,98,34,2,57525,2627,Medium,6.6
4394,Facebook,36-45,Male,Australia,Tablet,Mobile Data,Free,Text,1.3,12,662,96,144,619,4298,High,9.0
4395,YouTube,19-25,Female,Canada,Mobile,WiFi,Premium,Mixed,2.8,28,119,162,20,58411,3485,High,9.5
4396,LinkedIn,46-60,Male,Japan,Desktop,Mobile Data,Free,Mixed,2.3,0,781,102,142,91214,1648,High,7.4
4397,Twitter,36-45,Male,UK,Desktop,Mobile Data,Free,Video,5.2,20,280,5,32,1614,3636,Low,3.2
4398,Snapchat,26-35,Male,UK,Tablet,WiFi,Free,Mixed,1.2,19,525,33,100,24998,2060,High,3.2
4399,LinkedIn,13-18,Female,Brazil,Mobile,WiFi,Premium,Image,3.3,25,95,131,28,25992,376,Low,6.8
4400,LinkedIn,60+,Male,Singapore,Tablet,Mobile Data,Free,Video,1.5,1,460,130,31,9601,2346,Medium,4.8
4401,Instagram,26-35,Female,UK,Desktop,WiFi,Premium,Mixed,4.7,0,637,22,139,94892,306,Low,8.9
4402,Reddit,36-45,Female,UK,Mobile,WiFi,Premium,Mixed,3.9,21,387,94,48,52812,1304,Low,9.4
4403,TikTok,26-35,Other,Brazil,Mobile,WiFi,Free,Text,1.3,0,22,92,103,72550,4244,High,8.8
4404,TikTok,46-60,Other,UK,Tablet,WiFi,Premium,Video,2.4,30,363,113,35,49548,3769,High,9.2
4405,Reddit,46-60,Other,India,Desktop,WiFi,Free,Image,4.8,24,596,12,97,75647,2061,High,7.9
4406,Snapchat,36-45,Male,India,Desktop,WiFi,Premium,Mixed,5.9,23,109,174,36,68808,753,Low,2.7
4407,TikTok,19-25,Male,Australia,Desktop,Mobile Data,Free,Mixed,4.6,19,540,65,15,7178,887,Low,2.5
4408,Facebook,46-60,Male,Germany,Desktop,WiFi,Premium,Text,4.8,19,100,75,128,90070,1406,High,4.9
4409,Reddit,36-45,Other,Japan,Desktop,Mobile Data,Premium,Mixed,1.7,2,91,121,63,46215,1718,High,3.4
4410,Snapchat,46-60,Male,USA,Mobile,Mobile Data,Free,Image,5.8,38,596,20,97,28715,2229,Low,6.1
4411,Facebook,19-25,Female,Germany,Desktop,Mobile Data,Free,Video,3.0,40,263,4,42,35784,1505,Low,2.6
4412,YouTube,46-60,Female,Japan,Mobile,Mobile Data,Free,Video,3.6,23,673,107,57,76068,4875,Medium,9.5
4413,Pinterest,13-18,Other,UK,Desktop,Mobile Data,Premium,Mixed,2.9,7,726,80,42,26444,1096,Low,6.8
4414,Instagram,19-25,Male,UAE,Desktop,WiFi,Premium,Text,1.1,39,676,196,149,1612,4944,Medium,5.1
4415,LinkedIn,60+,Other,Japan,Mobile,WiFi,Free,Image,0.8,32,766,38,95,39018,1389,Low,8.7
4416,Instagram,26-35,Female,Brazil,Tablet,Mobile Data,Free,Image,4.4,20,445,3,109,75226,621,High,9.9
4417,TikTok,13-18,Female,UAE,Tablet,WiFi,Free,Video,0.6,21,687,62,121,60043,2705,Medium,2.1
4418,Snapchat,13-18,Female,India,Desktop,WiFi,Free,Image,2.8,20,199,170,40,7855,3764,Low,7.3
4419,Instagram,60+,Male,USA,Tablet,Mobile Data,Free,Video,5.0,11,95,41,103,14304,1023,High,8.2
4420,Twitter,26-35,Female,Brazil,Tablet,Mobile Data,Free,Video,5.9,25,649,120,94,4474,3761,Low,9.3
4421,Twitter,60+,Female,Germany,Desktop,WiFi,Premium,Text,1.5,6,590,128,16,26121,169,Low,8.7
4422,Snapchat,36-45,Male,UAE,Desktop,WiFi,Free,Video,5.8,25,670,156,147,49265,1019,High,8.5
4423,Snapchat,19-25,Male,Brazil,Tablet,Mobile Data,Free,Mixed,0.5,38,297,27,148,90344,4680,Medium,1.7
4424,Twitter,36-45,Male,USA,Tablet,Mobile Data,Free,Video,2.1,36,370,134,44,88701,377,Low,3.3
4425,Twitter,36-45,Female,Canada,Tablet,WiFi,Free,Text,5.8,9,679,156,72,71786,4367,Low,9.3
4426,Facebook,36-45,Male,UK,Tablet,Mobile Data,Free,Image,1.8,40,323,14,67,68604,2078,Medium,3.0
4427,Twitter,36-45,Female,Canada,Mobile,Mobile Data,Premium,Image,0.4,5,669,49,23,76415,3721,Medium,5.4
4428,Reddit,60+,Male,USA,Mobile,Mobile Data,Premium,Image,1.5,18,443,144,107,66403,1369,High,2.4
4429,TikTok,46-60,Female,Singapore,Tablet,Mobile Data,Premium,Text,0.2,33,745,133,80,64318,1399,Medium,7.5
4430,Instagram,26-35,Other,Australia,Mobile,Mobile Data,Premium,Image,4.5,15,266,193,51,32391,4947,High,2.7
4431,YouTube,60+,Male,Germany,Tablet,WiFi,Premium,Text,5.0,33,51,108,128,40152,1432,High,2.6
4432,LinkedIn,36-45,Male,Japan,Desktop,Mobile Data,Free,Image,5.0,36,324,145,11,55772,2003,High,9.6
4433,Reddit,19-25,Female,Brazil,Tablet,Mobile Data,Premium,Mixed,3.8,40,709,2,65,91212,1072,Medium,6.2
4434,Pinterest,13-18,Other,Germany,Desktop,Mobile Data,Free,Mixed,3.9,10,764,101,149,129,207,High,2.0
4435,TikTok,36-45,Other,Canada,Mobile,WiFi,Free,Text,5.4,0,487,126,63,77087,3818,Low,5.4
4436,TikTok,19-25,Female,UK,Desktop,Mobile Data,Premium,Image,3.0,14,737,44,105,2882,3834,Low,4.6
4437,Snapchat,46-60,Other,Germany,Mobile,WiFi,Free,Mixed,2.0,20,50,49,99,11065,425,Low,9.8
4438,Twitter,13-18,Female,Brazil,Tablet,Mobile Data,Premium,Text,4.6,26,737,55,56,90721,2237,High,3.9
4439,Snapchat,36-45,Other,UK,Mobile,WiFi,Premium,Image,1.5,0,491,112,67,71760,616,Low,1.6
4440,TikTok,46-60,Female,Germany,Desktop,WiFi,Free,Text,3.3,18,410,2,96,34890,220,Medium,3.6
4441,Snapchat,36-45,Male,UAE,Tablet,Mobile Data,Free,Image,2.4,17,42,145,145,56952,917,Low,9.1
4442,TikTok,60+,Female,Japan,Desktop,Mobile Data,Free,Video,1.1,35,148,25,13,42931,3708,Medium,5.7
4443,Reddit,26-35,Other,Brazil,Mobile,Mobile Data,Free,Image,4.9,18,674,192,89,8419,2626,Medium,3.5
4444,Reddit,26-35,Other,UK,Desktop,WiFi,Free,Text,1.1,33,412,85,30,32544,1641,Low,2.5
4445,TikTok,46-60,Male,India,Mobile,Mobile Data,Free,Text,0.3,6,559,87,55,59406,2254,Medium,1.8
4446,TikTok,46-60,Other,Australia,Mobile,Mobile Data,Premium,Video,3.5,40,261,13,26,91547,3601,High,9.3
4447,Facebook,60+,Female,Japan,Tablet,Mobile Data,Premium,Mixed,0.9,29,334,40,91,70613,2762,Low,8.1
4448,Instagram,60+,Other,USA,Mobile,Mobile Data,Premium,Text,5.1,9,383,10,127,16492,653,Low,2.4
4449,YouTube,36-45,Other,UAE,Tablet,WiFi,Premium,Image,4.8,22,361,117,63,21711,3708,High,2.0
4450,Pinterest,60+,Female,India,Tablet,Mobile Data,Premium,Image,1.9,33,235,125,123,95839,1965,Medium,8.6
4451,Pinterest,60+,Male,Singapore,Desktop,Mobile Data,Free,Image,4.5,35,782,97,128,97145,4803,High,1.9
4452,Snapchat,13-18,Female,India,Mobile,Mobile Data,Premium,Video,2.6,34,144,75,125,766,1069,Medium,4.0
4453,Facebook,60+,Other,Singapore,Tablet,Mobile Data,Free,Video,0.6,25,780,111,125,70216,3268,Low,1.9
4454,TikTok,13-18,Other,Australia,Tablet,WiFi,Premium,Text,0.2,5,228,164,97,77482,955,High,5.4
4455,Snapchat,26-35,Female,Brazil,Tablet,WiFi,Premium,Video,5.8,5,530,39,135,61191,2668,Low,8.0
4456,LinkedIn,46-60,Male,UK,Mobile,Mobile Data,Free,Video,0.8,26,600,183,82,97535,4177,Low,6.2
4457,Twitter,46-60,Male,Canada,Desktop,Mobile Data,Free,Text,2.4,9,246,56,9,53966,653,Medium,5.6
4458,YouTube,46-60,Female,UK,Tablet,WiFi,Premium,Image,3.5,15,225,33,89,43666,2899,Medium,1.8
4459,YouTube,60+,Female,Brazil,Tablet,WiFi,Premium,Video,1.2,37,392,0,120,4440,4769,Medium,4.5
4460,Twitter,26-35,Male,Japan,Tablet,WiFi,Free,Video,4.6,31,108,14,54,36312,2275,Low,6.1
4461,Snapchat,60+,Female,USA,Desktop,WiFi,Free,Image,0.3,16,658,185,8,57794,379,High,7.5
4462,Facebook,60+,Other,Australia,Desktop,Mobile Data,Premium,Mixed,2.4,18,76,13,43,7255,3435,High,9.1
4463,Snapchat,46-60,Other,Germany,Tablet,WiFi,Premium,Mixed,6.0,37,576,100,70,34469,1928,Medium,8.2
4464,Snapchat,36-45,Other,Australia,Mobile,WiFi,Premium,Video,0.5,29,146,132,130,49331,834,High,8.4
4465,YouTube,36-45,Male,Australia,Tablet,WiFi,Premium,Text,5.7,16,263,169,105,54831,3815,Low,6.2
4466,LinkedIn,36-45,Male,UAE,Tablet,WiFi,Free,Text,3.6,34,4,58,61,97003,1880,Medium,4.9
4467,Twitter,36-45,Other,UK,Desktop,Mobile Data,Premium,Mixed,4.7,16,123,139,100,30366,1797,Medium,3.1
4468,Twitter,46-60,Other,USA,Mobile,WiFi,Free,Mixed,4.1,8,511,188,14,19379,4845,High,7.4
4469,Snapchat,19-25,Male,Australia,Tablet,Mobile Data,Premium,Mixed,4.1,16,738,1,73,36313,1299,Medium,3.7
4470,Facebook,26-35,Male,Australia,Tablet,WiFi,Premium,Text,4.1,24,587,61,72,84093,3619,High,9.5
4471,Reddit,36-45,Other,Australia,Mobile,Mobile Data,Premium,Mixed,3.0,38,713,170,103,10865,754,Medium,4.1
4472,Twitter,46-60,Other,UAE,Mobile,Mobile Data,Free,Image,1.2,21,616,170,138,1019,2797,High,8.2
4473,YouTube,46-60,Female,Japan,Tablet,Mobile Data,Premium,Image,2.4,5,62,168,66,81638,789,Medium,4.4
4474,TikTok,26-35,Female,Australia,Desktop,Mobile Data,Premium,Mixed,2.5,28,312,56,0,32713,1954,Low,6.9
4475,TikTok,19-25,Other,USA,Mobile,WiFi,Free,Mixed,4.0,25,618,107,16,93247,4912,Low,9.3
4476,LinkedIn,46-60,Male,USA,Desktop,WiFi,Premium,Image,3.7,21,159,34,60,29506,1566,High,9.4
4477,Facebook,26-35,Male,Australia,Tablet,Mobile Data,Free,Mixed,2.6,14,126,79,90,53569,3865,Low,3.8
4478,Reddit,19-25,Other,USA,Mobile,WiFi,Free,Video,0.3,31,708,132,140,94928,1434,Low,5.3
4479,YouTube,19-25,Female,Singapore,Tablet,WiFi,Free,Video,3.7,21,442,180,132,48508,3040,Medium,9.5
4480,Instagram,26-35,Other,Singapore,Desktop,WiFi,Free,Image,0.5,9,316,130,73,86131,988,High,3.5
4481,Twitter,60+,Female,Germany,Desktop,WiFi,Free,Video,4.9,12,456,165,109,18794,3271,Medium,4.4
4482,Twitter,36-45,Other,Singapore,Mobile,Mobile Data,Free,Text,1.4,22,703,127,123,8333,4724,High,9.5
4483,Snapchat,36-45,Other,UK,Desktop,WiFi,Free,Video,3.7,19,532,122,107,72810,1175,High,1.7
4484,TikTok,60+,Other,India,Desktop,Mobile Data,Premium,Video,5.9,30,527,147,78,83636,2515,High,3.1
4485,TikTok,46-60,Female,USA,Desktop,Mobile Data,Free,Text,4.4,0,309,76,80,32119,534,High,2.9
4486,Facebook,46-60,Male,USA,Desktop,Mobile Data,Premium,Video,4.7,3,657,130,125,68277,2719,High,0.5
4487,Snapchat,13-18,Male,Japan,Desktop,WiFi,Free,Image,3.6,24,719,128,143,46224,2579,High,4.7
4488,TikTok,46-60,Other,Japan,Tablet,Mobile Data,Free,Image,4.1,28,412,156,68,14653,1786,Low,9.2
4489,Instagram,46-60,Other,UAE,Mobile,WiFi,Premium,Video,4.7,36,438,88,115,58691,3282,Medium,8.5
4490,Twitter,60+,Female,Germany,Mobile,Mobile Data,Premium,Mixed,0.7,36,540,79,50,90729,1981,Low,5.3
4491,Facebook,26-35,Other,Singapore,Tablet,WiFi,Free,Text,5.1,12,431,199,36,16358,194,High,9.0
4492,Pinterest,60+,Other,Germany,Desktop,Mobile Data,Premium,Video,2.8,32,329,89,63,2423,1151,Low,6.8
4493,Pinterest,19-25,Other,UK,Tablet,WiFi,Free,Text,3.7,2,121,83,37,9873,131,Medium,3.5
4494,Twitter,26-35,Other,USA,Desktop,WiFi,Premium,Video,5.4,28,165,35,125,34485,3454,Low,7.8
4495,Instagram,46-60,Other,USA,Desktop,Mobile Data,Free,Text,3.0,24,370,112,147,30760,2425,Low,1.4
4496,Instagram,13-18,Female,Australia,Tablet,WiFi,Premium,Video,3.1,32,511,111,130,60031,2602,Low,6.5
4497,LinkedIn,36-45,Female,Singapore,Mobile,Mobile Data,Free,Video,4.2,39,403,84,55,692,2542,High,4.7
4498,Twitter,13-18,Male,UAE,Tablet,Mobile Data,Free,Video,5.6,10,483,56,7,27724,2872,Medium,6.5
4499,LinkedIn,36-45,Male,Brazil,Desktop,Mobile Data,Free,Mixed,2.2,7,650,90,16,99499,3812,High,9.2
4500,Facebook,13-18,Female,Japan,Desktop,Mobile Data,Premium,Video,2.6,37,721,168,81,66544,735,Low,1.5
4501,Facebook,46-60,Male,UK,Desktop,WiFi,Premium,Video,2.7,4,525,54,111,97045,1235,Medium,9.6
4502,LinkedIn,13-18,Other,Australia,Mobile,Mobile Data,Free,Mixed,4.7,28,187,15,67,31756,2109,High,3.1
4503,Twitter,26-35,Male,Canada,Desktop,WiFi,Free,Text,3.6,18,605,177,119,8371,4220,High,7.3
4504,Instagram,26-35,Male,USA,Mobile,Mobile Data,Free,Video,5.6,6,461,148,51,25671,3694,Low,5.1
4505,Reddit,26-35,Other,Canada,Desktop,WiFi,Free,Image,4.3,10,61,23,45,1387,190,High,7.3
4506,Instagram,26-35,Male,Germany,Tablet,Mobile Data,Free,Image,0.9,37,787,158,34,53007,1924,Medium,1.5
4507,Twitter,13-18,Other,Japan,Desktop,WiFi,Premium,Mixed,4.6,40,633,139,29,14549,4001,High,5.5
4508,Facebook,46-60,Other,Japan,Mobile,Mobile Data,Free,Image,5.2,12,499,184,53,38721,3017,High,2.6
4509,Twitter,13-18,Female,India,Tablet,WiFi,Free,Image,1.4,24,114,195,79,65276,3777,Low,5.4
4510,TikTok,60+,Other,UK,Mobile,WiFi,Free,Text,4.7,22,353,42,76,93169,3505,High,4.1
4511,Instagram,19-25,Female,UK,Desktop,Mobile Data,Premium,Image,0.7,23,744,177,49,95496,2464,Low,3.1
4512,LinkedIn,19-25,Male,Singapore,Tablet,WiFi,Premium,Text,0.6,29,436,119,24,38285,2471,Medium,7.1
4513,Instagram,26-35,Other,Singapore,Mobile,WiFi,Free,Text,3.4,33,45,155,68,15284,3085,High,1.0
4514,Reddit,46-60,Male,Singapore,Tablet,WiFi,Free,Image,0.6,19,385,111,54,8460,3026,Low,6.0
4515,Instagram,26-35,Other,Australia,Desktop,WiFi,Free,Mixed,5.5,29,796,23,102,21910,4109,Low,0.7
4516,Snapchat,60+,Other,Canada,Desktop,WiFi,Free,Text,1.2,20,741,74,57,58295,2206,High,7.3
4517,YouTube,26-35,Other,Canada,Mobile,Mobile Data,Premium,Video,3.7,14,191,68,142,24083,2612,High,2.1
4518,TikTok,13-18,Female,UAE,Tablet,WiFi,Free,Mixed,1.6,32,47,36,40,84666,1222,Low,3.3
4519,Pinterest,26-35,Female,Singapore,Desktop,Mobile Data,Premium,Mixed,5.7,22,701,45,73,69908,3389,Low,4.0
4520,TikTok,19-25,Female,Germany,Mobile,Mobile Data,Free,Text,2.0,31,372,82,93,296,3714,High,7.6
4521,Instagram,60+,Other,Australia,Tablet,Mobile Data,Premium,Image,3.0,37,144,25,65,27201,4418,Low,1.1
4522,Facebook,60+,Male,Australia,Tablet,Mobile Data,Premium,Image,5.0,23,681,183,13,70420,2906,Medium,7.0
4523,LinkedIn,60+,Other,Canada,Tablet,WiFi,Free,Mixed,5.1,26,231,194,35,34453,4201,High,7.5
4524,Reddit,26-35,Male,Japan,Mobile,WiFi,Free,Video,3.2,30,485,106,7,28833,3226,Low,6.9
4525,Reddit,26-35,Male,USA,Desktop,Mobile Data,Free,Video,5.0,26,357,144,47,42868,3295,High,0.9
4526,Twitter,26-35,Male,Brazil,Desktop,WiFi,Free,Image,0.5,9,584,45,145,4441,1233,High,9.3
4527,LinkedIn,13-18,Other,USA,Mobile,WiFi,Free,Video,2.8,20,330,44,58,54025,3825,High,1.5
4528,TikTok,13-18,Male,Japan,Tablet,WiFi,Premium,Text,2.3,32,631,38,117,83803,4908,Medium,9.9
4529,YouTube,46-60,Male,UAE,Tablet,Mobile Data,Premium,Text,4.8,5,111,79,36,25074,4323,Medium,3.3
4530,LinkedIn,19-25,Male,Canada,Mobile,Mobile Data,Free,Mixed,0.4,5,704,131,57,65177,4161,Low,1.0
4531,Facebook,46-60,Female,India,Desktop,Mobile Data,Free,Video,4.0,26,137,65,32,5019,3907,High,8.9
4532,Twitter,46-60,Other,UAE,Tablet,WiFi,Premium,Text,1.8,6,84,166,130,44029,3730,Medium,7.2
4533,YouTube,60+,Other,Australia,Mobile,WiFi,Premium,Image,4.1,18,624,18,127,50511,2695,High,3.2
4534,YouTube,19-25,Female,Singapore,Desktop,Mobile Data,Premium,Mixed,3.0,22,690,168,132,99572,1686,Medium,1.7
4535,Instagram,19-25,Female,UK,Desktop,WiFi,Premium,Video,4.5,2,244,108,61,29953,3889,Low,0.9
4536,YouTube,26-35,Male,Japan,Tablet,WiFi,Free,Image,3.7,34,214,15,17,66926,2113,Low,1.2
4537,YouTube,46-60,Other,Japan,Mobile,Mobile Data,Free,Image,2.3,9,637,153,54,25634,3426,Low,9.7
4538,Snapchat,19-25,Female,Brazil,Desktop,Mobile Data,Free,Video,1.8,1,795,115,136,95097,1902,Medium,4.1
4539,Reddit,46-60,Male,Singapore,Desktop,Mobile Data,Premium,Text,4.6,27,127,164,89,74743,984,Medium,5.1
4540,Reddit,46-60,Female,USA,Desktop,Mobile Data,Premium,Image,6.0,30,669,189,57,86942,3868,Medium,8.2
4541,LinkedIn,46-60,Other,Australia,Mobile,WiFi,Premium,Image,0.5,26,521,94,140,22670,1483,Low,2.8
4542,Facebook,46-60,Other,Germany,Desktop,Mobile Data,Premium,Video,5.2,16,57,42,28,85318,904,Medium,5.1
4543,Pinterest,36-45,Other,Brazil,Tablet,Mobile Data,Free,Text,4.1,26,75,145,45,25502,3085,High,2.9
4544,LinkedIn,13-18,Female,Australia,Tablet,WiFi,Premium,Video,3.8,38,435,113,149,80507,743,Medium,3.2
4545,Pinterest,19-25,Female,Germany,Desktop,Mobile Data,Free,Image,5.1,11,126,101,37,67931,1178,High,8.6
4546,Pinterest,60+,Female,Singapore,Tablet,WiFi,Free,Text,5.2,13,79,189,36,51925,813,Medium,5.5
4547,Pinterest,13-18,Female,Germany,Mobile,WiFi,Premium,Video,1.2,11,767,45,45,92289,4454,Low,9.2
4548,Facebook,36-45,Male,Japan,Mobile,WiFi,Premium,Text,2.9,7,389,135,131,43928,2797,Medium,6.4
4549,Snapchat,19-25,Other,India,Mobile,Mobile Data,Free,Mixed,0.8,2,708,66,26,21513,667,Low,7.3
4550,TikTok,26-35,Male,Germany,Desktop,Mobile Data,Free,Video,2.8,6,527,168,106,24530,2519,Medium,1.1
4551,TikTok,19-25,Other,Australia,Tablet,WiFi,Premium,Mixed,1.9,10,29,150,141,36172,3603,Medium,8.5
4552,Reddit,26-35,Other,Japan,Mobile,Mobile Data,Free,Mixed,0.8,26,53,183,77,25670,4124,Medium,9.3
4553,Pinterest,46-60,Male,Brazil,Mobile,Mobile Data,Premium,Video,4.9,25,627,66,18,21082,2711,Low,9.5
4554,Twitter,13-18,Male,Singapore,Mobile,WiFi,Premium,Mixed,3.5,31,463,96,85,61984,2299,Medium,0.5
4555,YouTube,19-25,Male,Brazil,Mobile,Mobile Data,Premium,Image,4.4,6,80,166,146,48386,4181,Low,8.9
4556,Reddit,26-35,Other,Australia,Mobile,WiFi,Free,Video,0.7,39,766,25,54,95924,849,Low,9.8
4557,Pinterest,36-45,Male,USA,Tablet,WiFi,Premium,Text,3.2,26,495,104,140,36015,3467,High,4.1
4558,Twitter,19-25,Male,India,Mobile,WiFi,Free,Mixed,1.4,31,244,50,3,88102,2835,High,8.0
4559,Reddit,46-60,Male,Japan,Mobile,WiFi,Free,Image,2.4,10,771,31,36,20882,2136,Medium,6.2
4560,Snapchat,13-18,Female,Australia,Tablet,WiFi,Free,Image,2.1,29,275,79,58,98612,4673,High,3.9
4561,Reddit,46-60,Female,Brazil,Tablet,WiFi,Free,Text,4.9,23,754,91,92,5672,554,Low,5.8
4562,Facebook,26-35,Female,USA,Mobile,Mobile Data,Free,Image,5.7,9,734,75,43,55007,3157,Medium,4.7
4563,Facebook,26-35,Male,UK,Tablet,Mobile Data,Premium,Text,4.4,38,598,80,5,13344,2117,Medium,2.5
4564,Instagram,60+,Other,UK,Mobile,WiFi,Premium,Mixed,3.4,10,199,189,40,40327,3994,Medium,6.4
4565,Reddit,13-18,Other,India,Desktop,WiFi,Free,Mixed,1.4,30,430,155,139,4392,2742,High,4.0
4566,Facebook,19-25,Male,Australia,Desktop,Mobile Data,Free,Video,5.3,38,113,142,143,25230,3931,High,7.0
4567,Facebook,36-45,Male,Singapore,Mobile,Mobile Data,Free,Image,5.7,4,8,53,21,63272,4819,Low,2.0
4568,YouTube,36-45,Male,UAE,Mobile,WiFi,Premium,Video,4.1,7,637,136,139,25708,4499,High,9.6
4569,Facebook,46-60,Other,India,Desktop,WiFi,Premium,Text,1.8,26,31,122,55,4411,3925,High,2.0
4570,YouTube,60+,Female,Germany,Tablet,Mobile Data,Free,Mixed,4.7,0,793,133,28,5685,2517,Medium,6.3
4571,Reddit,60+,Female,Singapore,Mobile,WiFi,Free,Image,1.1,38,691,74,75,57876,333,Medium,9.8
4572,Instagram,46-60,Other,USA,Tablet,Mobile Data,Free,Text,1.2,17,496,154,14,95432,547,Low,9.0
4573,Twitter,26-35,Female,Canada,Tablet,WiFi,Premium,Mixed,3.0,17,131,158,66,3865,1284,Medium,1.0
4574,Reddit,26-35,Male,USA,Tablet,WiFi,Free,Image,3.1,36,574,81,5,21070,1162,Low,9.7
4575,Pinterest,13-18,Female,Japan,Tablet,Mobile Data,Free,Image,5.1,27,345,74,133,27213,2711,Medium,8.9
4576,YouTube,60+,Male,UK,Desktop,Mobile Data,Premium,Text,1.7,11,160,73,129,48004,3639,Medium,1.3
4577,LinkedIn,36-45,Male,Singapore,Mobile,Mobile Data,Premium,Text,3.3,27,84,167,120,50248,2814,High,3.2
4578,YouTube,13-18,Other,Japan,Desktop,Mobile Data,Free,Video,1.7,39,569,70,148,37451,4863,Medium,8.4
4579,Reddit,60+,Other,Japan,Desktop,Mobile Data,Premium,Video,0.2,2,85,62,62,50728,4158,Low,0.7
4580,Reddit,36-45,Male,Canada,Desktop,WiFi,Free,Image,1.5,40,705,24,52,27042,206,Low,9.5
4581,Snapchat,26-35,Other,Japan,Tablet,WiFi,Free,Mixed,5.3,40,651,86,140,80290,100,Low,7.0
4582,LinkedIn,26-35,Other,Australia,Tablet,Mobile Data,Premium,Text,4.7,11,130,27,94,33153,1180,Low,7.3
4583,Reddit,60+,Female,Australia,Mobile,WiFi,Free,Video,1.6,28,782,175,10,88499,4876,Medium,1.5
4584,YouTube,46-60,Male,UAE,Tablet,WiFi,Premium,Mixed,3.8,6,333,190,107,92809,2666,Medium,3.2
4585,Snapchat,60+,Female,UK,Mobile,Mobile Data,Free,Mixed,0.7,6,447,188,60,41421,2496,High,3.3
4586,YouTube,13-18,Other,USA,Tablet,Mobile Data,Premium,Image,0.8,16,418,156,138,98888,2430,Medium,3.1
4587,Facebook,60+,Female,UAE,Mobile,Mobile Data,Free,Video,2.9,7,614,17,130,30496,2732,Low,3.6
4588,Reddit,13-18,Other,Germany,Desktop,Mobile Data,Premium,Image,5.5,27,253,37,130,8843,4321,High,4.2
4589,YouTube,60+,Male,Japan,Tablet,WiFi,Free,Video,2.5,15,458,112,97,34801,1547,High,9.4
4590,Facebook,36-45,Female,India,Mobile,WiFi,Premium,Image,4.7,19,760,156,50,68034,722,Medium,3.1
4591,Twitter,26-35,Female,Canada,Mobile,Mobile Data,Premium,Text,0.7,33,790,43,75,72930,2790,Low,9.2
4592,Snapchat,36-45,Other,Japan,Mobile,WiFi,Free,Image,0.7,25,272,153,105,9996,4923,Low,8.7
4593,Twitter,26-35,Other,India,Desktop,WiFi,Free,Image,5.2,11,705,147,105,38287,2287,Medium,9.9
4594,TikTok,19-25,Other,UK,Mobile,WiFi,Premium,Text,4.5,23,684,73,16,77585,1901,Medium,3.2
4595,YouTube,36-45,Female,Canada,Tablet,WiFi,Free,Text,3.8,5,554,165,90,17310,4801,Medium,1.4
4596,Facebook,19-25,Other,USA,Mobile,Mobile Data,Premium,Image,6.0,14,518,102,124,63924,3668,Medium,1.0
4597,YouTube,19-25,Female,Germany,Desktop,WiFi,Free,Mixed,1.1,35,50,116,46,58455,532,Medium,3.8
4598,Facebook,13-18,Male,Japan,Tablet,WiFi,Free,Image,4.8,2,586,86,58,8976,1259,Medium,4.7
4599,Snapchat,13-18,Other,Germany,Mobile,Mobile Data,Premium,Text,4.8,31,12,57,128,98617,691,Low,6.4
4600,Instagram,60+,Female,UK,Mobile,Mobile Data,Premium,Text,3.6,39,665,167,133,7990,58,High,3.5
4601,Reddit,13-18,Other,India,Mobile,Mobile Data,Free,Video,5.0,13,732,5,135,51023,777,Low,2.0
4602,Snapchat,13-18,Other,India,Mobile,WiFi,Free,Mixed,2.3,35,225,127,104,31271,859,Low,6.5
4603,Reddit,60+,Female,Japan,Mobile,Mobile Data,Premium,Text,2.9,29,611,70,55,87550,4822,Medium,1.1
4604,Reddit,36-45,Male,Canada,Mobile,Mobile Data,Premium,Text,3.1,29,292,15,73,81201,3242,Medium,1.1
4605,Reddit,60+,Other,Singapore,Tablet,WiFi,Free,Image,1.8,31,29,120,124,4888,1516,Low,9.8
4606,Snapchat,60+,Male,Canada,Desktop,WiFi,Free,Video,2.0,18,257,125,126,20737,63,High,2.5
4607,Reddit,13-18,Female,India,Mobile,WiFi,Free,Video,2.1,2,561,88,90,87171,396,High,6.7
4608,LinkedIn,46-60,Male,India,Tablet,WiFi,Free,Image,1.2,7,666,124,70,75724,457,Low,8.0
4609,Instagram,36-45,Other,Brazil,Tablet,WiFi,Premium,Image,1.2,4,388,93,72,68514,1897,Low,4.5
4610,Facebook,60+,Female,Australia,Tablet,WiFi,Free,Text,4.9,40,220,195,15,13328,4828,High,1.3
4611,TikTok,19-25,Male,UK,Mobile,WiFi,Free,Text,2.8,0,372,49,107,56144,1550,Low,7.2
4612,Snapchat,19-25,Male,Germany,Mobile,WiFi,Premium,Video,5.2,11,466,189,73,54863,3186,Low,7.7
4613,TikTok,36-45,Other,Brazil,Mobile,Mobile Data,Free,Image,4.3,33,549,146,26,47007,61,Low,8.8
4614,LinkedIn,36-45,Other,Brazil,Desktop,Mobile Data,Premium,Mixed,4.1,31,218,194,8,60823,3017,Low,8.1
4615,Pinterest,19-25,Male,Singapore,Tablet,Mobile Data,Premium,Mixed,3.1,10,476,183,113,62777,2806,Low,1.8
4616,Facebook,46-60,Other,Canada,Mobile,WiFi,Free,Video,1.9,37,178,92,28,74249,4218,Medium,7.9
4617,Instagram,19-25,Male,UK,Desktop,WiFi,Premium,Video,0.7,34,721,80,139,71474,2426,Medium,6.2
4618,TikTok,19-25,Male,Japan,Mobile,Mobile Data,Free,Video,3.2,39,168,195,92,2500,4558,Medium,2.7
4619,Instagram,36-45,Other,UAE,Desktop,Mobile Data,Premium,Mixed,3.9,37,91,90,77,10533,1967,High,9.0
4620,Twitter,26-35,Female,Japan,Desktop,WiFi,Free,Video,0.4,25,285,91,29,73896,1041,Low,4.7
4621,Snapchat,46-60,Male,USA,Tablet,Mobile Data,Free,Text,5.5,29,392,38,150,37757,3309,Low,2.6
4622,YouTube,36-45,Female,Australia,Mobile,Mobile Data,Premium,Mixed,5.2,7,667,123,131,34950,2173,Low,9.7
4623,Facebook,13-18,Male,Canada,Tablet,Mobile Data,Premium,Text,2.7,20,112,52,80,49537,717,Low,0.8
4624,Facebook,46-60,Female,UAE,Tablet,WiFi,Premium,Mixed,2.4,19,618,121,105,70531,2896,Low,1.2
4625,Snapchat,19-25,Other,Canada,Desktop,Mobile Data,Premium,Text,3.1,1,274,193,64,44793,3920,Medium,5.2
4626,Facebook,13-18,Other,Brazil,Mobile,WiFi,Premium,Video,5.4,4,789,53,20,57663,3411,Low,8.2
4627,Instagram,26-35,Male,UK,Desktop,Mobile Data,Premium,Image,1.6,15,74,70,65,809,4830,High,4.9
4628,Twitter,13-18,Male,Japan,Tablet,WiFi,Premium,Video,2.9,3,301,113,117,16950,4551,Medium,9.0
4629,Instagram,46-60,Other,Germany,Desktop,WiFi,Free,Image,0.3,3,710,135,79,87858,75,Medium,3.3
4630,Reddit,36-45,Female,Singapore,Mobile,WiFi,Free,Mixed,3.8,23,544,165,21,33960,384,High,7.2
4631,TikTok,13-18,Other,USA,Desktop,Mobile Data,Premium,Mixed,2.0,32,348,168,97,5636,3444,Medium,8.1
4632,TikTok,36-45,Other,UAE,Mobile,WiFi,Premium,Mixed,1.6,20,299,77,126,19691,809,High,2.0
4633,LinkedIn,60+,Female,USA,Tablet,WiFi,Premium,Image,5.1,4,493,95,92,65499,4567,Medium,5.0
4634,Facebook,19-25,Female,USA,Mobile,WiFi,Free,Video,3.5,28,185,198,55,93661,938,Medium,9.5
4635,TikTok,19-25,Male,Brazil,Tablet,Mobile Data,Free,Image,1.0,25,95,50,81,90036,632,Medium,8.0
4636,Reddit,46-60,Other,USA,Desktop,WiFi,Premium,Text,1.3,1,439,24,85,23253,979,High,3.3
4637,Twitter,36-45,Other,UAE,Mobile,Mobile Data,Free,Mixed,5.3,0,7,5,127,47682,2398,High,7.3
4638,Instagram,19-25,Other,Singapore,Mobile,Mobile Data,Premium,Mixed,0.9,0,527,128,58,94073,3019,High,7.7
4639,Snapchat,36-45,Female,India,Desktop,WiFi,Premium,Image,3.7,39,122,165,122,35289,1420,Medium,4.3
4640,Reddit,60+,Male,Japan,Tablet,WiFi,Free,Image,0.5,8,563,51,55,99769,1055,Low,9.0
4641,Instagram,60+,Male,Singapore,Desktop,Mobile Data,Premium,Image,2.0,21,640,83,85,11204,3278,Low,5.5
4642,Pinterest,19-25,Other,Germany,Mobile,Mobile Data,Premium,Text,1.6,24,398,142,143,30509,2412,High,7.0
4643,Instagram,19-25,Male,Brazil,Desktop,Mobile Data,Free,Video,4.8,14,384,119,8,55366,1628,Low,7.0
4644,Facebook,46-60,Other,Australia,Desktop,WiFi,Free,Text,1.8,22,443,84,139,40033,2823,High,8.9
4645,Snapchat,36-45,Other,Canada,Desktop,WiFi,Free,Video,4.9,31,637,178,76,28980,1736,High,2.0
4646,Pinterest,26-35,Male,Canada,Desktop,Mobile Data,Free,Mixed,1.1,28,461,106,35,70373,2863,Medium,7.2
4647,YouTube,46-60,Other,UAE,Mobile,WiFi,Free,Mixed,1.2,31,221,97,85,18645,2204,Medium,4.3
4648,YouTube,26-35,Female,Germany,Desktop,WiFi,Premium,Image,1.1,36,249,58,27,45747,1748,High,7.5
4649,LinkedIn,19-25,Female,Australia,Tablet,Mobile Data,Premium,Mixed,5.1,0,635,45,25,40439,728,Medium,1.4
4650,TikTok,60+,Female,USA,Desktop,WiFi,Premium,Video,2.0,3,124,100,42,27483,2846,Low,8.7
4651,TikTok,26-35,Other,India,Mobile,Mobile Data,Free,Mixed,1.5,35,624,51,132,18690,4493,High,7.8
4652,Instagram,26-35,Other,UAE,Desktop,WiFi,Free,Text,1.4,29,323,141,53,82123,971,Medium,1.9
4653,Reddit,19-25,Female,Japan,Mobile,WiFi,Free,Text,2.0,25,484,107,96,58147,150,Low,5.0
4654,Twitter,36-45,Female,UAE,Tablet,WiFi,Free,Video,3.1,6,734,48,122,90919,2540,Medium,4.2
4655,Pinterest,13-18,Female,India,Tablet,Mobile Data,Free,Image,3.5,33,367,181,70,6896,70,Low,2.2
4656,YouTube,26-35,Male,Australia,Tablet,Mobile Data,Free,Video,4.3,7,407,13,138,214,112,Low,6.7
4657,Reddit,36-45,Male,USA,Desktop,WiFi,Premium,Video,5.0,3,390,17,119,59635,2380,Medium,8.4
4658,LinkedIn,13-18,Female,Canada,Desktop,Mobile Data,Premium,Text,1.6,5,207,149,127,35227,52,Medium,8.0
4659,Twitter,60+,Male,Germany,Mobile,Mobile Data,Free,Text,2.3,12,750,102,32,58626,2775,Medium,6.6
4660,LinkedIn,19-25,Male,India,Desktop,WiFi,Premium,Mixed,1.9,1,440,13,46,29484,1312,Medium,9.0
4661,Snapchat,46-60,Other,Brazil,Tablet,WiFi,Free,Video,5.5,8,59,36,74,68524,791,Medium,4.1
4662,Reddit,36-45,Female,UK,Mobile,WiFi,Free,Mixed,0.4,31,241,141,78,97167,821,Medium,8.5
4663,Instagram,19-25,Other,Japan,Mobile,WiFi,Free,Image,4.0,6,323,18,35,70030,2912,Low,2.9
4664,TikTok,36-45,Other,India,Mobile,WiFi,Free,Image,4.2,36,112,130,145,61590,259,Low,9.9
4665,Pinterest,26-35,Male,UK,Desktop,WiFi,Free,Image,2.1,24,616,171,126,46989,2026,High,4.9
4666,Facebook,36-45,Female,Canada,Desktop,Mobile Data,Premium,Text,5.0,40,163,134,51,29734,2525,High,0.6
4667,TikTok,36-45,Female,Singapore,Tablet,Mobile Data,Free,Video,3.7,13,598,140,3,53846,869,High,4.3
4668,TikTok,19-25,Male,UAE,Desktop,WiFi,Premium,Video,4.0,31,760,162,118,61290,3027,Low,9.2
4669,Pinterest,36-45,Male,UK,Mobile,Mobile Data,Premium,Video,1.3,16,64,49,140,22329,3899,Low,4.7
4670,Instagram,26-35,Male,Germany,Mobile,Mobile Data,Premium,Mixed,4.3,12,456,52,146,38361,454,Low,1.1
4671,Twitter,26-35,Female,Germany,Mobile,WiFi,Free,Image,3.4,13,411,161,74,70884,372,Medium,5.3
4672,Facebook,46-60,Female,Canada,Desktop,WiFi,Premium,Video,2.9,13,170,14,45,33061,4013,Low,6.3
4673,TikTok,19-25,Other,USA,Mobile,Mobile Data,Premium,Text,2.3,38,782,157,5,70356,3496,Medium,8.1
4674,LinkedIn,13-18,Male,Germany,Tablet,WiFi,Free,Image,2.1,26,2,112,108,53329,1330,High,5.2
4675,YouTube,36-45,Female,Brazil,Desktop,Mobile Data,Free,Mixed,2.2,15,534,42,140,95586,2117,Low,6.2
4676,Snapchat,26-35,Female,USA,Desktop,Mobile Data,Premium,Mixed,3.7,19,480,188,105,4908,4355,Low,6.4
4677,LinkedIn,19-25,Other,Germany,Mobile,WiFi,Premium,Text,4.6,17,624,111,61,52321,3697,High,9.3
4678,TikTok,26-35,Male,Australia,Desktop,WiFi,Premium,Video,5.4,34,704,1,123,82231,1531,High,1.5
4679,LinkedIn,13-18,Other,UK,Mobile,Mobile Data,Free,Text,4.2,28,680,196,35,85189,2614,High,7.5
4680,Instagram,13-18,Male,Brazil,Mobile,Mobile Data,Premium,Video,0.4,22,184,91,144,17020,616,Medium,1.9
4681,Pinterest,19-25,Female,India,Tablet,Mobile Data,Premium,Video,4.6,23,484,149,13,3107,3506,High,6.5
4682,Twitter,60+,Male,Japan,Mobile,WiFi,Premium,Mixed,0.7,11,449,36,49,50706,252,Medium,6.8
4683,Facebook,36-45,Female,Brazil,Mobile,Mobile Data,Free,Mixed,0.7,38,767,34,38,53831,1590,Low,9.0
4684,Instagram,36-45,Other,UAE,Mobile,WiFi,Premium,Image,0.2,16,545,186,71,97802,1573,Medium,4.1
4685,Facebook,36-45,Male,Canada,Tablet,WiFi,Premium,Text,3.8,28,109,138,25,54306,3199,High,4.0
4686,YouTube,13-18,Other,UK,Desktop,WiFi,Free,Mixed,0.5,12,417,43,35,72395,4566,Low,10.0
4687,Snapchat,36-45,Other,India,Desktop,Mobile Data,Free,Video,0.3,3,445,33,56,63421,4973,Medium,1.1
4688,LinkedIn,36-45,Female,UK,Mobile,Mobile Data,Free,Video,5.8,18,707,83,125,89093,4855,High,2.3
4689,Facebook,60+,Female,Canada,Tablet,Mobile Data,Premium,Text,1.9,6,746,164,123,84946,1839,High,8.0
4690,Pinterest,36-45,Female,UAE,Mobile,WiFi,Free,Video,1.4,3,295,131,137,68159,618,High,4.1
4691,TikTok,19-25,Female,Australia,Desktop,Mobile Data,Premium,Video,2.7,2,130,103,74,85392,3326,Medium,6.1
4692,YouTube,19-25,Other,UK,Tablet,Mobile Data,Premium,Text,2.2,14,379,190,32,75513,4407,Medium,1.5
4693,YouTube,36-45,Other,Australia,Tablet,Mobile Data,Free,Mixed,4.5,25,213,179,5,56194,359,Low,9.5
4694,Reddit,60+,Male,USA,Tablet,Mobile Data,Free,Image,1.1,27,681,41,26,28007,2866,Medium,5.7
4695,Facebook,13-18,Female,Canada,Mobile,Mobile Data,Premium,Text,4.2,31,600,128,0,60375,2092,Low,3.6
4696,TikTok,36-45,Male,India,Tablet,WiFi,Free,Image,0.5,39,451,93,37,35521,2019,Low,1.5
4697,YouTube,36-45,Other,Brazil,Mobile,WiFi,Premium,Mixed,0.4,4,454,19,90,61,2726,Low,4.1
4698,Facebook,26-35,Male,Australia,Tablet,WiFi,Free,Video,3.3,27,73,25,52,92352,606,Medium,9.5
4699,Reddit,19-25,Other,Germany,Tablet,Mobile Data,Free,Mixed,5.4,8,743,196,148,13927,4601,Medium,0.8
4700,Facebook,36-45,Female,UK,Mobile,WiFi,Premium,Text,2.2,15,504,130,3,29324,3108,Low,5.8
4701,YouTube,60+,Male,Singapore,Tablet,Mobile Data,Premium,Text,5.7,1,751,124,77,7219,322,Low,4.6
4702,Reddit,46-60,Female,UAE,Tablet,WiFi,Premium,Video,2.2,7,468,56,33,45242,2626,High,8.5
4703,Facebook,19-25,Female,Brazil,Desktop,Mobile Data,Premium,Mixed,1.6,40,306,179,148,55402,2450,Low,7.7
4704,LinkedIn,26-35,Male,UK,Tablet,Mobile Data,Premium,Mixed,2.0,33,164,163,35,33900,4003,Low,8.4
4705,Pinterest,19-25,Male,USA,Tablet,Mobile Data,Free,Video,5.6,32,99,150,103,9249,2105,High,8.0
4706,LinkedIn,26-35,Other,Australia,Desktop,WiFi,Premium,Text,4.8,25,567,46,67,30746,500,Medium,7.3
4707,LinkedIn,19-25,Other,Australia,Desktop,Mobile Data,Free,Image,3.9,32,613,165,99,56897,534,Low,7.5
4708,TikTok,36-45,Other,UAE,Tablet,Mobile Data,Premium,Video,1.5,28,56,35,86,30941,3856,Medium,6.4
4709,LinkedIn,46-60,Female,Japan,Tablet,Mobile Data,Premium,Mixed,2.6,33,561,50,73,17341,3361,High,6.1
4710,Reddit,46-60,Male,Brazil,Mobile,WiFi,Free,Video,4.0,29,163,157,4,28135,2873,High,9.9
4711,TikTok,36-45,Male,India,Mobile,Mobile Data,Free,Video,1.5,36,357,123,134,27458,3395,Low,3.8
4712,Instagram,26-35,Other,Singapore,Mobile,Mobile Data,Free,Text,1.1,6,522,182,114,2119,964,Low,7.2
4713,Reddit,60+,Other,Singapore,Desktop,WiFi,Premium,Text,4.1,25,293,80,114,37295,3849,Medium,0.9
4714,Facebook,13-18,Female,Japan,Mobile,Mobile Data,Premium,Image,3.9,17,37,101,88,51452,3046,High,7.0
4715,Twitter,13-18,Male,Japan,Tablet,Mobile Data,Free,Text,3.0,9,656,48,148,98858,3908,High,9.2
4716,Twitter,13-18,Male,USA,Desktop,Mobile Data,Premium,Image,4.7,37,23,39,37,58201,2884,High,9.4
4717,Twitter,13-18,Other,Singapore,Tablet,WiFi,Free,Video,0.2,23,154,109,113,47783,3128,High,2.7
4718,Snapchat,60+,Female,Brazil,Desktop,Mobile Data,Premium,Mixed,5.3,11,396,138,132,74405,1396,High,7.0
4719,Twitter,36-45,Other,Germany,Desktop,WiFi,Free,Mixed,5.7,16,307,100,149,74421,4409,Medium,3.6
4720,Instagram,36-45,Female,UK,Mobile,Mobile Data,Premium,Video,2.2,30,626,64,92,78277,942,Medium,1.2
4721,Facebook,13-18,Other,Germany,Mobile,WiFi,Premium,Image,3.7,27,419,130,11,88491,2278,High,3.4
4722,Pinterest,60+,Female,UAE,Desktop,WiFi,Free,Video,1.2,31,717,21,1,51690,4552,High,2.3
4723,TikTok,36-45,Female,UAE,Mobile,Mobile Data,Free,Video,2.3,8,329,79,108,43603,4950,Medium,4.0
4724,Instagram,19-25,Other,Japan,Tablet,WiFi,Free,Mixed,5.5,37,185,25,95,53668,1815,Medium,0.8
4725,LinkedIn,36-45,Female,Germany,Desktop,WiFi,Free,Mixed,0.7,27,434,36,116,23383,4898,Medium,5.8
4726,YouTube,46-60,Female,Brazil,Mobile,Mobile Data,Premium,Image,4.6,12,361,117,117,57365,1576,Medium,3.7
4727,TikTok,26-35,Other,Brazil,Desktop,WiFi,Premium,Image,5.9,12,666,102,16,37289,1081,High,1.8
4728,LinkedIn,26-35,Other,Japan,Tablet,Mobile Data,Premium,Mixed,4.2,39,109,165,5,80075,1819,High,9.0
4729,TikTok,36-45,Male,Canada,Desktop,WiFi,Premium,Video,4.9,0,424,163,66,75460,2177,Medium,0.5
4730,Facebook,26-35,Other,Germany,Tablet,Mobile Data,Premium,Image,5.2,10,685,149,135,39675,3093,Low,8.4
4731,Reddit,13-18,Female,Canada,Tablet,Mobile Data,Premium,Image,0.6,8,285,191,76,60040,4816,Medium,4.2
4732,YouTube,46-60,Female,Japan,Mobile,Mobile Data,Free,Video,3.5,19,183,168,52,19115,4260,Medium,5.9
4733,Twitter,36-45,Male,USA,Tablet,WiFi,Premium,Image,2.2,20,175,33,95,30848,963,High,3.2
4734,TikTok,19-25,Male,Singapore,Tablet,Mobile Data,Free,Video,5.2,18,54,169,66,66922,3686,Low,2.9
4735,Pinterest,13-18,Female,India,Desktop,WiFi,Free,Video,4.8,25,702,97,121,85167,4301,Medium,9.4
4736,Reddit,26-35,Other,USA,Desktop,WiFi,Free,Video,5.2,11,575,18,122,32654,3320,Medium,2.3
4737,Pinterest,36-45,Other,Canada,Mobile,Mobile Data,Premium,Text,4.7,24,698,112,119,43432,336,High,3.9
4738,Pinterest,36-45,Other,Germany,Mobile,WiFi,Premium,Video,4.9,34,371,6,127,52583,4808,Low,3.2
4739,LinkedIn,60+,Other,Germany,Desktop,Mobile Data,Free,Mixed,1.5,0,604,74,51,35197,3020,High,1.6
4740,TikTok,26-35,Other,Japan,Desktop,WiFi,Free,Text,1.7,23,22,14,29,38974,605,Low,6.0
4741,Facebook,26-35,Male,Singapore,Mobile,Mobile Data,Free,Video,3.4,29,155,194,13,73965,691,Medium,3.0
4742,YouTube,13-18,Female,India,Desktop,WiFi,Free,Image,4.9,20,680,195,4,89440,1291,Medium,5.7
4743,LinkedIn,60+,Male,Canada,Mobile,WiFi,Premium,Mixed,3.8,20,419,155,13,68839,283,Medium,8.4
4744,Instagram,46-60,Female,Canada,Tablet,Mobile Data,Premium,Video,5.0,26,490,27,120,43285,2071,Medium,3.4
4745,Snapchat,26-35,Female,Brazil,Desktop,Mobile Data,Premium,Video,5.4,25,702,143,92,18189,3313,Low,7.0
4746,Pinterest,46-60,Male,Australia,Mobile,Mobile Data,Free,Video,2.5,29,692,115,49,18355,1712,High,8.2
4747,Pinterest,46-60,Other,Brazil,Desktop,Mobile Data,Premium,Mixed,0.6,19,595,158,136,45459,3857,High,6.5
4748,Reddit,19-25,Male,UAE,Mobile,Mobile Data,Free,Video,5.2,9,754,61,41,8605,2911,Low,2.6
4749,TikTok,19-25,Other,Singapore,Tablet,WiFi,Premium,Image,2.7,16,53,173,2,83527,4444,Low,9.9
4750,Reddit,13-18,Male,Japan,Mobile,Mobile Data,Premium,Mixed,4.1,7,530,132,111,37316,1218,Medium,3.6
4751,Snapchat,60+,Female,India,Desktop,WiFi,Free,Video,5.6,40,504,19,95,82760,4718,Medium,6.7
4752,Reddit,26-35,Female,India,Desktop,Mobile Data,Free,Image,5.3,36,464,126,135,3765,3693,Medium,2.0
4753,Instagram,36-45,Male,UK,Tablet,WiFi,Free,Image,2.5,28,709,163,109,29225,660,High,7.2
4754,Pinterest,26-35,Male,Canada,Desktop,Mobile Data,Premium,Image,4.8,4,275,174,121,33984,754,Low,2.0
4755,Snapchat,60+,Other,USA,Desktop,WiFi,Free,Text,5.8,40,413,127,141,36417,204,Medium,2.7
4756,Twitter,46-60,Female,UAE,Mobile,Mobile Data,Premium,Mixed,1.1,22,170,71,30,97955,3578,Medium,8.1
4757,Twitter,26-35,Female,Japan,Desktop,WiFi,Free,Mixed,4.5,38,247,151,39,94150,608,Medium,7.8
4758,Snapchat,60+,Male,India,Mobile,Mobile Data,Premium,Mixed,2.1,1,318,182,4,18817,3191,Medium,3.0
4759,Reddit,13-18,Female,Germany,Tablet,WiFi,Free,Mixed,1.9,28,478,137,2,86549,2603,Low,8.4
4760,Pinterest,46-60,Other,Germany,Mobile,Mobile Data,Premium,Image,1.4,2,206,37,0,14945,2997,Medium,4.8
4761,Facebook,46-60,Male,UAE,Tablet,WiFi,Free,Text,5.8,10,598,73,9,84933,2184,Low,4.1
4762,Twitter,13-18,Other,UK,Desktop,Mobile Data,Premium,Image,5.7,20,506,197,17,3466,4438,Medium,1.6
4763,Instagram,19-25,Other,Germany,Tablet,Mobile Data,Free,Text,3.9,15,322,166,79,43553,436,Low,4.9
4764,Reddit,46-60,Female,UK,Mobile,WiFi,Free,Video,4.9,27,576,144,27,7671,2298,Low,3.3
4765,Reddit,26-35,Other,Australia,Mobile,WiFi,Premium,Image,4.0,8,799,89,10,917,4372,Low,3.9
4766,Twitter,36-45,Female,India,Tablet,WiFi,Premium,Text,5.2,1,207,70,107,20705,4880,Low,6.7
4767,YouTube,13-18,Other,UK,Mobile,WiFi,Premium,Text,1.6,20,575,92,37,89914,1433,Low,6.0
4768,Reddit,13-18,Other,Australia,Mobile,WiFi,Free,Mixed,4.1,13,286,187,129,8104,4419,Medium,6.3
4769,Pinterest,36-45,Male,Germany,Mobile,Mobile Data,Free,Image,4.7,15,195,142,48,91939,1513,Medium,7.0
4770,TikTok,19-25,Other,Germany,Desktop,Mobile Data,Free,Text,1.6,3,654,8,15,83850,4525,High,7.9
4771,Reddit,26-35,Male,Australia,Tablet,Mobile Data,Free,Video,0.8,28,502,84,65,8238,1084,High,7.5
4772,Pinterest,46-60,Male,UK,Tablet,Mobile Data,Free,Mixed,5.4,39,44,190,67,94525,274,Medium,8.6
4773,Facebook,13-18,Female,Japan,Desktop,WiFi,Premium,Mixed,0.5,19,416,83,143,78350,2430,High,3.2
4774,YouTube,46-60,Female,Singapore,Tablet,Mobile Data,Premium,Text,5.5,0,161,45,118,20930,1726,Medium,9.9
4775,Instagram,13-18,Male,Brazil,Desktop,Mobile Data,Free,Image,1.5,21,337,160,120,44912,2962,Low,7.3
4776,Facebook,46-60,Female,Japan,Desktop,Mobile Data,Premium,Video,2.2,10,258,108,55,32174,4197,Low,2.9
4777,Pinterest,13-18,Male,India,Tablet,Mobile Data,Free,Video,3.8,10,526,45,117,91683,4792,High,6.7
4778,Snapchat,13-18,Other,Australia,Tablet,Mobile Data,Free,Video,1.9,14,107,136,85,41018,1655,Low,8.9
4779,Twitter,13-18,Female,India,Desktop,WiFi,Free,Mixed,3.7,37,56,105,90,15859,4565,Low,1.1
4780,Facebook,19-25,Female,Germany,Desktop,WiFi,Premium,Text,5.3,29,12,2,53,58820,2186,Medium,8.6
4781,Reddit,46-60,Female,Germany,Mobile,WiFi,Free,Text,3.9,11,626,27,133,42892,590,High,4.2
4782,TikTok,19-25,Other,Singapore,Tablet,Mobile Data,Free,Mixed,1.1,8,94,185,56,22935,3910,High,6.8
4783,Pinterest,36-45,Female,UK,Tablet,Mobile Data,Premium,Mixed,5.3,31,413,187,88,86001,2954,High,2.4
4784,LinkedIn,13-18,Female,UAE,Desktop,Mobile Data,Premium,Video,4.4,38,154,50,118,18351,2787,High,6.9
4785,Snapchat,60+,Other,Singapore,Mobile,Mobile Data,Premium,Mixed,4.7,26,88,25,134,82889,2172,High,8.0
4786,Pinterest,46-60,Other,UAE,Desktop,Mobile Data,Premium,Video,1.5,13,81,106,128,23310,1786,Low,9.4
4787,Instagram,13-18,Female,Brazil,Desktop,Mobile Data,Premium,Video,5.0,15,543,93,0,92249,3953,High,7.2
4788,Instagram,46-60,Male,India,Mobile,WiFi,Premium,Mixed,5.2,40,75,25,128,29753,2295,Low,1.1
4789,Twitter,13-18,Female,Brazil,Tablet,WiFi,Premium,Mixed,1.9,40,220,45,138,67647,4247,Medium,0.5
4790,LinkedIn,13-18,Female,Singapore,Desktop,WiFi,Free,Text,5.3,1,79,140,23,34946,577,Medium,0.9
4791,Twitter,13-18,Male,UAE,Tablet,Mobile Data,Premium,Image,1.7,12,188,82,99,25456,1309,High,4.5
4792,Pinterest,26-35,Male,Brazil,Tablet,WiFi,Premium,Video,0.3,8,800,18,63,95933,207,Low,8.6
4793,Instagram,60+,Female,UAE,Desktop,WiFi,Premium,Image,3.9,24,707,10,117,95999,3169,Low,7.7
4794,Twitter,19-25,Male,USA,Desktop,Mobile Data,Premium,Text,4.7,5,104,80,103,59188,1054,Low,9.1
4795,Instagram,36-45,Other,USA,Tablet,Mobile Data,Free,Image,1.8,36,94,116,1,40694,3054,Medium,5.7
4796,Facebook,13-18,Male,Germany,Desktop,Mobile Data,Premium,Text,1.6,24,637,133,131,8134,3009,Medium,0.8
4797,Twitter,60+,Other,Singapore,Desktop,Mobile Data,Premium,Mixed,2.8,31,281,198,115,82030,1501,High,7.6
4798,LinkedIn,19-25,Male,India,Tablet,WiFi,Premium,Mixed,6.0,3,713,119,69,65786,2663,High,9.0
4799,Twitter,13-18,Other,Canada,Desktop,WiFi,Premium,Text,4.6,20,431,131,110,97759,2577,Medium,5.9
4800,Facebook,26-35,Male,Canada,Mobile,Mobile Data,Free,Image,5.8,29,658,41,42,21594,2573,High,6.7
4801,Pinterest,46-60,Male,Brazil,Desktop,WiFi,Free,Image,1.5,40,181,43,28,17629,4710,High,3.4
4802,YouTube,13-18,Female,Singapore,Mobile,WiFi,Premium,Text,2.5,34,468,55,144,67619,1610,High,5.3
4803,Twitter,13-18,Male,Japan,Mobile,Mobile Data,Premium,Video,1.9,24,35,117,102,76071,3708,Medium,5.4
4804,Reddit,26-35,Other,Japan,Desktop,WiFi,Premium,Video,0.8,21,281,122,127,370,173,Low,0.9
4805,YouTube,46-60,Other,Singapore,Mobile,Mobile Data,Premium,Mixed,0.9,31,55,191,123,70130,4306,High,2.6
4806,Snapchat,26-35,Male,USA,Desktop,Mobile Data,Premium,Text,3.1,24,255,126,121,46161,3764,Low,4.5
4807,TikTok,46-60,Male,Brazil,Tablet,WiFi,Premium,Mixed,2.5,5,470,115,35,82609,856,Low,4.6
4808,TikTok,46-60,Female,Canada,Tablet,WiFi,Free,Image,1.2,13,570,17,5,39380,2125,Low,3.3
4809,TikTok,13-18,Other,Canada,Desktop,WiFi,Premium,Text,4.7,39,13,184,48,65748,2089,High,8.4
4810,Twitter,26-35,Female,Australia,Desktop,WiFi,Premium,Text,3.4,4,764,119,47,4210,1002,Low,3.2
4811,LinkedIn,13-18,Other,India,Tablet,Mobile Data,Premium,Mixed,2.6,30,539,187,9,54404,4230,Medium,2.8
4812,Reddit,19-25,Male,Singapore,Tablet,Mobile Data,Free,Text,1.9,31,212,19,149,68720,2648,Low,8.1
4813,Twitter,46-60,Female,Canada,Tablet,WiFi,Free,Text,1.3,34,12,192,78,13625,1777,Low,4.9
4814,Pinterest,13-18,Female,Japan,Mobile,Mobile Data,Premium,Video,4.8,13,691,138,112,21980,2992,Low,8.1
4815,Snapchat,36-45,Female,UK,Desktop,Mobile Data,Free,Video,1.9,6,314,75,26,71586,4212,Low,5.5
4816,Facebook,36-45,Male,Canada,Desktop,Mobile Data,Premium,Image,1.0,18,798,113,0,30009,2842,Low,3.9
4817,Pinterest,60+,Other,Singapore,Tablet,Mobile Data,Premium,Mixed,2.0,14,724,27,104,89866,985,High,10.0
4818,Reddit,60+,Male,Brazil,Tablet,Mobile Data,Premium,Text,3.4,19,768,190,29,25357,1748,Low,4.0
4819,Snapchat,36-45,Other,USA,Desktop,Mobile Data,Premium,Image,1.1,36,254,141,91,88318,4164,High,1.4
4820,Facebook,46-60,Male,Australia,Tablet,WiFi,Free,Mixed,0.7,2,507,85,80,25664,4298,Medium,7.1
4821,Instagram,60+,Other,Canada,Desktop,Mobile Data,Premium,Mixed,4.3,22,542,31,69,65240,418,Medium,7.0
4822,TikTok,46-60,Female,USA,Mobile,Mobile Data,Free,Image,3.1,6,536,117,112,94796,1888,Medium,6.1
4823,Snapchat,26-35,Other,Australia,Tablet,Mobile Data,Premium,Mixed,3.7,24,401,53,9,96843,276,Low,5.6
4824,Reddit,46-60,Female,USA,Mobile,Mobile Data,Premium,Mixed,5.7,18,359,76,62,94841,3503,Low,6.1
4825,Pinterest,36-45,Other,UK,Mobile,WiFi,Premium,Mixed,4.7,12,561,193,7,63823,3133,High,2.2
4826,Twitter,19-25,Female,UAE,Desktop,WiFi,Free,Text,1.8,7,45,59,126,51950,3380,Medium,3.5
4827,Instagram,13-18,Male,Brazil,Tablet,WiFi,Free,Image,2.4,22,485,35,79,29771,857,High,5.9
4828,Pinterest,19-25,Male,Japan,Tablet,Mobile Data,Premium,Mixed,0.3,3,709,129,113,66257,3908,Medium,8.2
4829,LinkedIn,26-35,Male,UK,Desktop,Mobile Data,Free,Text,4.6,33,199,122,85,70789,3381,High,3.8
4830,Facebook,46-60,Male,Canada,Mobile,WiFi,Premium,Image,3.0,31,129,120,46,40417,2608,High,8.6
4831,Facebook,19-25,Other,Australia,Tablet,WiFi,Free,Text,2.5,19,612,70,60,65142,4514,Low,6.1
4832,Instagram,19-25,Male,Singapore,Tablet,Mobile Data,Premium,Image,5.7,38,666,7,55,15937,2731,High,8.8
4833,Snapchat,46-60,Male,Brazil,Desktop,Mobile Data,Premium,Video,2.3,38,184,139,136,84716,4901,Low,6.0
4834,Snapchat,60+,Other,Germany,Desktop,Mobile Data,Free,Mixed,2.2,19,336,115,139,1128,2656,Low,1.6
4835,TikTok,26-35,Other,USA,Mobile,Mobile Data,Free,Video,5.8,36,512,192,69,936,436,Low,7.3
4836,YouTube,60+,Other,Canada,Desktop,WiFi,Free,Mixed,2.7,17,726,27,53,16309,4222,Low,3.6
4837,Facebook,36-45,Male,UK,Tablet,WiFi,Premium,Video,0.9,35,388,63,121,73205,4847,Medium,10.0
4838,Reddit,19-25,Female,India,Desktop,Mobile Data,Premium,Video,4.8,36,144,35,44,43571,4303,Medium,2.9
4839,Facebook,13-18,Male,India,Desktop,WiFi,Premium,Image,4.9,25,154,126,147,81914,973,High,6.4
4840,Snapchat,46-60,Other,UAE,Mobile,WiFi,Free,Video,1.3,29,552,62,131,23601,871,Medium,8.4
4841,Reddit,26-35,Female,India,Tablet,Mobile Data,Free,Text,3.3,29,125,15,124,22957,1643,High,3.0
4842,Instagram,13-18,Female,Germany,Mobile,Mobile Data,Free,Mixed,4.9,14,506,105,23,53320,2713,Medium,5.0
4843,YouTube,26-35,Other,Germany,Tablet,Mobile Data,Premium,Image,0.6,25,360,7,85,43983,753,High,5.0
4844,Reddit,13-18,Female,Japan,Desktop,WiFi,Premium,Mixed,2.2,12,723,119,92,42459,1487,Medium,6.9
4845,LinkedIn,60+,Female,Canada,Desktop,Mobile Data,Free,Video,2.5,5,376,180,26,42888,2922,Low,5.0
4846,Twitter,36-45,Male,Germany,Mobile,WiFi,Free,Text,1.6,29,152,42,90,60324,769,High,1.5
4847,Snapchat,19-25,Female,UAE,Tablet,WiFi,Free,Text,2.2,1,545,164,61,91626,1384,Medium,4.5
4848,Facebook,26-35,Other,India,Desktop,Mobile Data,Free,Text,2.9,12,42,86,112,76069,3641,Low,4.4
4849,Twitter,36-45,Other,Australia,Mobile,WiFi,Premium,Text,0.8,21,176,20,58,82429,4572,Low,5.6
4850,Reddit,13-18,Other,Japan,Tablet,Mobile Data,Premium,Text,2.4,34,522,83,118,87875,4375,High,1.0
4851,TikTok,36-45,Male,UAE,Desktop,Mobile Data,Premium,Image,1.8,34,665,6,38,49463,2730,Medium,3.9
4852,Instagram,46-60,Other,Germany,Mobile,WiFi,Free,Image,5.4,16,437,72,48,56908,3894,High,8.2
4853,Instagram,26-35,Female,India,Desktop,Mobile Data,Premium,Text,4.6,5,185,94,20,29106,2252,Low,2.5
4854,Twitter,36-45,Other,Brazil,Mobile,Mobile Data,Free,Text,2.8,8,660,151,20,98280,886,Low,8.0
4855,Facebook,46-60,Female,Canada,Desktop,WiFi,Premium,Mixed,2.9,11,625,9,102,89661,1117,Low,5.8
4856,Twitter,36-45,Other,UAE,Tablet,Mobile Data,Premium,Video,3.0,12,217,46,9,98522,4246,High,7.2
4857,YouTube,26-35,Other,Australia,Mobile,Mobile Data,Premium,Mixed,3.3,3,145,74,95,50315,3960,Medium,7.2
4858,YouTube,60+,Other,Germany,Desktop,Mobile Data,Premium,Image,1.1,7,624,95,97,39875,3884,High,1.7
4859,YouTube,60+,Male,UAE,Tablet,Mobile Data,Premium,Mixed,3.2,36,485,9,148,59443,2553,High,4.6
4860,Instagram,36-45,Other,Singapore,Desktop,Mobile Data,Free,Video,5.2,18,639,12,62,73065,930,Medium,3.5
4861,Facebook,19-25,Other,Brazil,Mobile,Mobile Data,Free,Text,3.0,3,386,44,96,3977,3765,Medium,1.8
4862,Snapchat,60+,Female,Germany,Desktop,Mobile Data,Free,Mixed,2.5,39,564,191,131,89696,754,High,8.0
4863,Reddit,46-60,Other,Japan,Mobile,WiFi,Free,Video,5.0,37,754,112,69,31366,4976,Low,4.9
4864,Reddit,26-35,Male,Japan,Mobile,WiFi,Premium,Image,5.2,40,727,193,73,83223,701,High,7.6
4865,YouTube,13-18,Female,India,Desktop,Mobile Data,Premium,Image,1.8,39,195,48,46,17246,2765,High,4.7
4866,Twitter,36-45,Female,Australia,Desktop,Mobile Data,Premium,Text,3.7,19,468,76,28,9267,285,Medium,3.9
4867,Instagram,13-18,Other,Singapore,Tablet,WiFi,Premium,Image,3.6,18,446,142,69,14292,3148,Medium,7.2
4868,Pinterest,60+,Male,UK,Desktop,Mobile Data,Premium,Text,6.0,23,671,177,111,59185,2762,High,7.5
4869,Reddit,46-60,Other,Australia,Tablet,Mobile Data,Free,Video,4.5,3,601,146,119,2023,3736,High,1.6
4870,Pinterest,19-25,Other,India,Mobile,WiFi,Free,Image,4.4,17,762,17,95,99359,2178,High,6.2
4871,Reddit,19-25,Other,Singapore,Tablet,Mobile Data,Premium,Text,4.0,30,518,24,92,56094,500,High,8.0
4872,LinkedIn,26-35,Female,UK,Mobile,WiFi,Premium,Mixed,5.0,21,82,145,5,74121,4739,High,0.7
4873,Instagram,46-60,Female,UAE,Mobile,WiFi,Premium,Image,4.9,9,319,87,125,30876,1701,Medium,9.5
4874,Reddit,46-60,Male,Australia,Desktop,Mobile Data,Free,Image,5.3,11,155,197,131,13981,1765,High,3.3
4875,LinkedIn,60+,Female,Germany,Tablet,WiFi,Premium,Image,3.7,37,414,13,148,92211,195,High,2.0
4876,TikTok,13-18,Male,Brazil,Tablet,WiFi,Free,Image,3.1,27,652,20,89,24131,4850,Low,0.7
4877,TikTok,19-25,Male,Singapore,Tablet,WiFi,Premium,Mixed,5.5,28,25,104,3,16712,3148,Low,4.4
4878,Reddit,19-25,Other,Singapore,Tablet,WiFi,Free,Text,1.8,16,289,191,13,14362,1884,Low,1.3
4879,Facebook,13-18,Other,Canada,Mobile,WiFi,Free,Image,1.3,18,7,156,144,33352,1466,Low,7.0
4880,Facebook,13-18,Other,India,Desktop,Mobile Data,Free,Mixed,4.6,21,188,120,93,38368,2446,High,8.6
4881,TikTok,26-35,Male,Japan,Mobile,WiFi,Premium,Text,5.8,23,408,193,56,36580,205,Low,8.7
4882,Pinterest,60+,Female,USA,Tablet,Mobile Data,Free,Image,5.3,17,688,173,122,43565,3360,Medium,0.8
4883,Twitter,26-35,Female,Australia,Mobile,WiFi,Premium,Video,5.7,36,170,36,119,97702,4728,Medium,5.3
4884,Snapchat,13-18,Male,Australia,Tablet,Mobile Data,Premium,Mixed,4.6,0,274,103,67,65547,191,Medium,1.0
4885,Twitter,46-60,Male,Brazil,Desktop,Mobile Data,Free,Text,1.0,5,308,111,128,91306,4334,High,1.1
4886,Twitter,60+,Other,Japan,Tablet,Mobile Data,Free,Mixed,5.9,26,538,64,135,89019,4212,High,2.9
4887,LinkedIn,60+,Male,Australia,Mobile,Mobile Data,Premium,Mixed,2.9,9,56,51,149,72232,4051,High,4.9
4888,Instagram,13-18,Female,Australia,Mobile,WiFi,Premium,Mixed,1.4,6,360,126,149,75392,2461,High,8.6
4889,Instagram,13-18,Female,India,Desktop,WiFi,Free,Text,4.0,17,484,129,128,48878,574,Medium,8.8
4890,Reddit,36-45,Other,Brazil,Mobile,WiFi,Premium,Video,6.0,5,421,103,129,22161,1048,Medium,3.3
4891,Instagram,60+,Female,Brazil,Mobile,WiFi,Free,Video,1.0,35,560,55,81,61094,4589,Low,6.7
4892,Instagram,60+,Other,USA,Tablet,WiFi,Free,Mixed,5.1,38,712,172,141,16874,1983,Low,1.8
4893,Facebook,60+,Male,Brazil,Mobile,Mobile Data,Premium,Text,4.4,26,132,79,9,4383,121,Low,9.1
4894,Facebook,26-35,Male,UK,Mobile,WiFi,Premium,Video,3.6,38,731,99,35,75102,4912,High,6.6
4895,Twitter,60+,Other,UK,Desktop,Mobile Data,Premium,Mixed,3.4,0,214,5,104,14901,3339,High,3.0
4896,Pinterest,60+,Male,UK,Tablet,WiFi,Free,Text,5.4,23,389,117,59,54553,4769,High,4.4
4897,LinkedIn,36-45,Male,Singapore,Tablet,WiFi,Free,Text,1.0,0,36,76,31,37268,3893,High,2.8
4898,Twitter,13-18,Male,Australia,Desktop,Mobile Data,Premium,Mixed,4.6,29,607,134,111,68853,4964,Low,3.2
4899,LinkedIn,60+,Other,USA,Mobile,Mobile Data,Premium,Video,2.8,36,521,68,72,33835,701,Medium,8.8
4900,Reddit,60+,Female,India,Desktop,Mobile Data,Premium,Image,3.0,31,800,146,86,57904,704,Low,0.7
4901,Instagram,13-18,Other,Australia,Tablet,WiFi,Free,Video,5.6,35,687,87,69,97396,304,High,9.6
4902,Twitter,60+,Other,Canada,Mobile,WiFi,Premium,Video,2.4,10,204,165,28,72818,3159,Low,0.9
4903,TikTok,19-25,Other,India,Desktop,WiFi,Free,Mixed,4.6,5,355,124,41,27656,1680,Medium,9.3
4904,TikTok,46-60,Female,Japan,Desktop,Mobile Data,Free,Video,0.7,36,711,71,32,28997,1781,High,9.3
4905,Twitter,36-45,Other,Brazil,Tablet,Mobile Data,Free,Text,5.6,2,347,109,108,26225,3188,Medium,6.8
4906,LinkedIn,19-25,Female,Canada,Desktop,Mobile Data,Premium,Video,1.1,13,431,169,74,82338,1517,Medium,1.2
4907,LinkedIn,60+,Other,Brazil,Tablet,Mobile Data,Free,Text,4.6,7,110,51,91,39835,3290,Low,4.2
4908,LinkedIn,13-18,Female,Australia,Desktop,Mobile Data,Free,Text,0.2,15,103,0,146,7692,4295,Medium,6.4
4909,TikTok,60+,Other,Brazil,Mobile,WiFi,Premium,Mixed,5.5,23,120,115,24,71554,651,Low,0.6
4910,Twitter,60+,Male,Brazil,Tablet,WiFi,Free,Mixed,2.3,24,291,114,134,36612,3271,Low,8.2
4911,Snapchat,60+,Male,Japan,Mobile,Mobile Data,Premium,Image,0.5,3,526,39,111,56257,1863,High,6.8
4912,Pinterest,19-25,Other,Germany,Desktop,WiFi,Premium,Mixed,2.9,26,238,68,7,26919,1440,High,2.9
4913,Instagram,19-25,Male,USA,Tablet,Mobile Data,Premium,Mixed,4.6,7,144,154,105,3415,1832,Low,1.0
4914,Snapchat,46-60,Male,UAE,Mobile,WiFi,Free,Mixed,3.3,36,580,159,111,26585,2853,Low,5.7
4915,Instagram,46-60,Other,Japan,Desktop,Mobile Data,Premium,Image,3.3,19,150,171,120,9506,3177,Low,2.8
4916,Facebook,26-35,Male,Japan,Tablet,Mobile Data,Free,Video,2.3,7,131,34,126,22322,4476,Low,2.8
4917,TikTok,13-18,Other,Singapore,Tablet,WiFi,Free,Video,2.4,16,114,109,127,81247,1682,High,6.0
4918,Pinterest,13-18,Male,Japan,Tablet,Mobile Data,Free,Video,3.8,3,69,58,134,50745,276,High,1.8
4919,Snapchat,19-25,Other,USA,Mobile,WiFi,Free,Text,4.3,23,399,47,58,22916,1808,High,7.2
4920,LinkedIn,26-35,Male,India,Desktop,Mobile Data,Free,Mixed,3.0,12,628,166,67,40592,3303,Medium,9.6
4921,Snapchat,19-25,Male,USA,Tablet,WiFi,Premium,Mixed,0.6,18,307,38,115,34093,1806,Low,9.7
4922,LinkedIn,36-45,Male,Singapore,Desktop,Mobile Data,Premium,Mixed,5.7,37,796,71,57,31469,2003,Medium,4.9
4923,YouTube,36-45,Female,USA,Desktop,Mobile Data,Free,Text,5.3,10,506,164,109,78748,789,Medium,0.7
4924,Facebook,26-35,Other,UAE,Tablet,WiFi,Premium,Text,4.7,10,702,35,9,37412,3721,Medium,7.8
4925,Instagram,36-45,Other,India,Desktop,WiFi,Premium,Mixed,1.0,39,61,71,80,29077,4005,High,6.2
4926,Instagram,46-60,Male,UAE,Mobile,WiFi,Free,Video,4.8,12,12,190,122,44471,3022,High,2.0
4927,Instagram,36-45,Female,Canada,Mobile,WiFi,Premium,Text,0.3,17,35,2,28,28415,539,High,3.5
4928,Pinterest,36-45,Male,Germany,Desktop,WiFi,Free,Image,1.9,24,297,64,76,44003,552,Low,9.0
4929,Instagram,26-35,Male,India,Desktop,Mobile Data,Free,Mixed,5.9,30,709,80,112,69893,3560,High,8.1
4930,Reddit,46-60,Female,Singapore,Tablet,Mobile Data,Free,Mixed,4.0,0,677,44,43,79778,1876,Low,8.9
4931,LinkedIn,13-18,Female,Germany,Tablet,WiFi,Premium,Text,2.8,10,162,122,94,65904,1317,Low,1.8
4932,Facebook,36-45,Other,Brazil,Mobile,WiFi,Free,Text,3.3,29,249,102,57,32679,2900,Low,0.7
4933,Instagram,36-45,Other,Brazil,Tablet,Mobile Data,Free,Text,1.0,25,715,122,13,84474,3976,High,4.5
4934,Pinterest,46-60,Female,India,Desktop,WiFi,Free,Image,0.3,22,146,167,11,69292,1077,Low,6.7
4935,LinkedIn,60+,Other,UK,Tablet,Mobile Data,Premium,Video,5.6,5,190,31,55,24911,1720,High,9.6
4936,Instagram,46-60,Male,Germany,Desktop,Mobile Data,Premium,Text,4.8,16,210,1,135,96425,4804,Low,0.9
4937,Reddit,13-18,Male,Brazil,Desktop,WiFi,Premium,Text,1.9,13,497,79,101,71917,2185,Low,2.9
4938,Reddit,26-35,Male,UK,Tablet,WiFi,Premium,Mixed,4.2,33,190,161,78,53688,3703,Low,1.7
4939,Instagram,36-45,Female,UK,Desktop,Mobile Data,Premium,Text,4.5,8,574,176,80,4163,1078,High,8.4
4940,Pinterest,46-60,Other,Canada,Tablet,Mobile Data,Premium,Image,4.3,26,559,180,40,26553,1986,High,2.4
4941,Facebook,60+,Female,UAE,Desktop,WiFi,Premium,Image,1.0,29,554,46,83,74202,775,Low,4.5
4942,YouTube,13-18,Male,Brazil,Mobile,Mobile Data,Free,Video,0.2,31,2,8,38,63729,137,Low,4.3
4943,Reddit,46-60,Other,Brazil,Tablet,Mobile Data,Free,Mixed,0.9,29,337,84,109,84161,3898,High,2.6
4944,YouTube,46-60,Other,USA,Mobile,WiFi,Premium,Mixed,2.6,28,645,12,71,73244,2467,High,1.4
4945,Reddit,60+,Male,UK,Desktop,Mobile Data,Premium,Video,3.4,38,593,33,22,29387,4358,High,0.5
4946,Facebook,36-45,Male,Brazil,Mobile,WiFi,Free,Image,1.7,11,752,81,36,92745,1813,High,1.8
4947,YouTube,13-18,Other,Germany,Tablet,Mobile Data,Premium,Video,0.7,34,397,81,86,8106,474,High,3.7
4948,LinkedIn,26-35,Other,UAE,Desktop,Mobile Data,Premium,Text,2.0,28,285,4,8,36782,566,High,8.5
4949,Instagram,26-35,Other,USA,Mobile,WiFi,Free,Mixed,2.0,35,28,196,85,71953,1682,Medium,1.9
4950,Reddit,46-60,Female,Germany,Mobile,Mobile Data,Free,Mixed,3.2,28,471,78,58,39370,3254,Medium,6.1
4951,Pinterest,13-18,Male,India,Mobile,WiFi,Premium,Mixed,1.8,0,352,174,87,59146,822,High,1.9
4952,Twitter,60+,Other,Brazil,Tablet,Mobile Data,Premium,Mixed,0.3,24,270,134,145,80256,1280,High,5.4
4953,Pinterest,36-45,Female,Singapore,Desktop,Mobile Data,Premium,Image,3.7,3,431,158,56,5374,705,Medium,1.8
4954,LinkedIn,60+,Female,UAE,Mobile,Mobile Data,Free,Video,3.7,9,167,57,93,68306,928,High,8.7
4955,TikTok,36-45,Male,USA,Desktop,Mobile Data,Premium,Text,4.1,6,186,163,117,54007,3291,High,5.9
4956,Snapchat,46-60,Other,Japan,Mobile,WiFi,Premium,Image,0.9,10,131,94,99,15480,2740,High,3.7
4957,Facebook,46-60,Male,USA,Tablet,Mobile Data,Free,Text,3.6,31,24,82,73,40056,3778,High,8.3
4958,Instagram,13-18,Other,India,Desktop,Mobile Data,Premium,Mixed,2.3,36,70,65,57,74235,1561,Low,1.1
4959,Twitter,36-45,Male,UK,Tablet,WiFi,Free,Mixed,0.8,30,601,186,121,94138,2235,Medium,7.8
4960,Instagram,13-18,Female,Australia,Desktop,WiFi,Free,Mixed,5.9,6,767,185,143,5105,2424,High,5.5
4961,Facebook,46-60,Male,USA,Tablet,WiFi,Free,Text,1.5,14,51,38,138,94847,4049,Medium,9.7
4962,Pinterest,26-35,Male,Brazil,Desktop,WiFi,Free,Text,3.9,27,295,117,99,56514,1577,Low,9.2
4963,Pinterest,46-60,Other,Australia,Desktop,WiFi,Free,Mixed,0.4,29,219,100,33,88748,2458,High,0.7
4964,Pinterest,60+,Female,Japan,Mobile,Mobile Data,Premium,Mixed,2.9,15,695,14,16,12464,3899,Low,7.4
4965,TikTok,60+,Female,UK,Tablet,WiFi,Premium,Video,0.9,38,302,0,107,25071,3526,High,2.1
4966,Snapchat,13-18,Male,Germany,Tablet,Mobile Data,Free,Text,3.2,32,194,37,2,38474,3595,Low,6.2
4967,TikTok,46-60,Other,Singapore,Desktop,Mobile Data,Free,Mixed,1.9,36,546,98,137,95110,4902,Medium,4.4
4968,YouTube,26-35,Other,India,Tablet,Mobile Data,Free,Video,3.5,3,93,35,109,43935,3008,High,9.5
4969,TikTok,26-35,Other,Brazil,Desktop,Mobile Data,Free,Image,1.2,3,636,187,143,67465,3405,Medium,7.2
4970,TikTok,19-25,Male,India,Tablet,WiFi,Free,Image,0.6,16,484,197,119,54683,2980,High,6.5
4971,Twitter,60+,Male,India,Tablet,WiFi,Premium,Mixed,2.0,19,708,60,79,35614,143,Low,8.7
4972,LinkedIn,19-25,Male,Canada,Tablet,WiFi,Free,Text,1.0,0,692,120,83,4563,3038,Medium,3.2
4973,Facebook,19-25,Male,India,Tablet,WiFi,Free,Text,4.9,34,593,78,139,75595,4131,Low,8.3
4974,YouTube,36-45,Male,USA,Mobile,Mobile Data,Free,Image,1.3,21,156,13,134,88382,889,Low,9.1
4975,Pinterest,13-18,Female,USA,Mobile,Mobile Data,Free,Text,5.0,7,498,170,56,45932,2887,Medium,5.2
4976,LinkedIn,13-18,Other,Canada,Mobile,Mobile Data,Free,Mixed,4.6,14,402,25,1,41446,4025,Low,7.9
4977,LinkedIn,26-35,Other,Singapore,Desktop,Mobile Data,Free,Video,2.0,18,207,161,80,89987,264,Medium,1.7
4978,Twitter,13-18,Female,Germany,Desktop,Mobile Data,Premium,Video,1.5,40,43,184,120,3743,1428,High,5.4
4979,YouTube,36-45,Male,Germany,Tablet,Mobile Data,Free,Video,5.8,7,175,137,7,53671,1725,Low,8.8
4980,Snapchat,46-60,Male,India,Desktop,Mobile Data,Free,Image,4.5,37,326,33,113,9978,194,Low,0.6
4981,Snapchat,36-45,Other,USA,Desktop,WiFi,Premium,Image,4.9,9,166,34,9,3134,3768,Medium,3.8
4982,Instagram,36-45,Female,Singapore,Desktop,WiFi,Free,Video,5.7,28,53,34,96,69864,4407,High,9.4
4983,Snapchat,46-60,Male,Australia,Tablet,Mobile Data,Free,Video,3.5,6,110,166,128,57438,2367,Medium,2.7
4984,Twitter,46-60,Female,Australia,Tablet,Mobile Data,Free,Mixed,5.4,33,0,194,108,77761,2547,Medium,8.5
4985,Instagram,60+,Female,UAE,Tablet,WiFi,Free,Image,2.8,15,112,97,88,10295,2609,Low,0.5
4986,Facebook,13-18,Male,UAE,Mobile,Mobile Data,Premium,Image,0.5,37,315,14,141,47435,3399,High,5.4
4987,Pinterest,19-25,Female,UAE,Tablet,WiFi,Free,Video,0.2,27,509,84,118,45327,173,High,4.0
4988,YouTube,36-45,Female,Germany,Tablet,WiFi,Free,Image,5.4,25,284,169,62,38401,2498,Low,5.7
4989,TikTok,13-18,Female,Japan,Mobile,WiFi,Free,Mixed,3.6,40,407,43,19,51507,1214,Low,7.8
4990,Facebook,26-35,Female,Canada,Tablet,Mobile Data,Premium,Text,4.7,17,761,181,127,79253,1220,High,6.6
4991,Snapchat,36-45,Female,Singapore,Tablet,WiFi,Free,Image,0.9,19,517,11,101,56641,4435,Low,3.4
4992,Twitter,19-25,Female,Singapore,Tablet,Mobile Data,Free,Text,0.4,12,521,127,68,93691,3449,High,4.3
4993,LinkedIn,19-25,Other,Canada,Desktop,WiFi,Free,Text,5.1,15,609,48,0,39500,3620,Medium,7.7
4994,YouTube,19-25,Male,UK,Desktop,WiFi,Premium,Text,1.5,13,105,198,3,82792,290,Low,8.6
4995,YouTube,60+,Female,Germany,Mobile,WiFi,Premium,Text,1.3,1,458,34,55,22311,3252,Low,3.7
4996,YouTube,19-25,Other,Singapore,Mobile,WiFi,Free,Video,0.4,37,284,118,126,95434,4486,High,9.0
4997,TikTok,19-25,Female,UAE,Desktop,WiFi,Free,Mixed,3.6,5,45,126,70,56495,3192,High,1.4
4998,Pinterest,60+,Other,Australia,Desktop,WiFi,Free,Mixed,3.8,5,3,137,73,99309,2760,High,5.8
4999,YouTube,19-25,Female,Brazil,Mobile,Mobile Data,Premium,Text,4.4,6,608,153,57,22880,2203,High,6.1
5000,YouTube,60+,Female,Singapore,Desktop,Mobile Data,Premium,Mixed,4.9,36,769,154,98,91887,553,Medium,3.5
5001,LinkedIn,26-35,Male,Australia,Desktop,Mobile Data,Premium,Image,3.6,34,622,21,92,4884,2252,Low,8.9
5002,Twitter,26-35,Other,Germany,Mobile,WiFi,Premium,Text,0.4,37,11,118,146,55007,833,Medium,8.4
5003,YouTube,36-45,Female,Brazil,Desktop,WiFi,Premium,Video,4.7,22,684,123,119,1497,2276,Medium,6.7
5004,YouTube,46-60,Male,UAE,Mobile,Mobile Data,Premium,Mixed,4.7,17,233,55,39,30959,3436,Medium,7.3
5005,Pinterest,60+,Other,UK,Desktop,WiFi,Premium,Text,2.9,22,675,162,136,68160,1050,Medium,6.7
5006,LinkedIn,13-18,Male,India,Mobile,WiFi,Premium,Image,3.1,30,762,158,44,81742,1336,Medium,8.8
5007,TikTok,19-25,Male,Japan,Tablet,Mobile Data,Free,Image,4.8,5,704,25,81,5064,4315,Medium,8.9
5008,YouTube,13-18,Other,Brazil,Mobile,Mobile Data,Premium,Text,5.8,8,119,193,135,24998,4275,Low,5.9
5009,TikTok,46-60,Female,Germany,Desktop,Mobile Data,Free,Mixed,2.5,17,676,189,38,32430,3535,Low,7.9
5010,Twitter,19-25,Male,UK,Tablet,WiFi,Premium,Video,5.7,32,374,118,124,82304,2849,High,3.9
5011,Facebook,60+,Other,Brazil,Desktop,Mobile Data,Free,Video,0.7,16,353,3,125,39985,296,High,1.0
5012,Instagram,60+,Other,Canada,Mobile,Mobile Data,Free,Text,2.6,8,33,154,22,78471,4878,Medium,7.4
5013,YouTube,36-45,Other,Canada,Mobile,Mobile Data,Free,Image,1.5,11,638,28,66,83969,4290,Low,3.3
5014,LinkedIn,26-35,Female,Brazil,Mobile,Mobile Data,Free,Image,3.1,35,392,52,88,15791,4133,Medium,7.9
5015,Instagram,60+,Female,Brazil,Tablet,WiFi,Free,Mixed,0.3,25,631,166,74,51166,4803,Low,4.8
5016,LinkedIn,60+,Other,UK,Tablet,WiFi,Premium,Image,4.2,31,447,21,55,8344,3353,Low,3.0
5017,Reddit,13-18,Male,Japan,Desktop,WiFi,Premium,Text,0.6,4,763,183,146,48429,604,Low,2.0
5018,TikTok,36-45,Female,India,Desktop,WiFi,Premium,Video,3.5,22,195,174,122,3486,2730,Medium,3.6
5019,LinkedIn,26-35,Male,Japan,Mobile,Mobile Data,Premium,Image,2.0,8,685,66,13,17798,171,Low,1.5
5020,TikTok,46-60,Male,Singapore,Mobile,Mobile Data,Free,Video,2.0,3,516,194,116,51653,1592,Low,0.8
5021,Instagram,36-45,Female,Japan,Tablet,Mobile Data,Premium,Mixed,3.2,22,536,31,108,30913,2014,Low,6.5
5022,YouTube,13-18,Male,Brazil,Desktop,WiFi,Premium,Image,0.9,23,39,177,99,2233,4564,Low,8.2
5023,Facebook,46-60,Female,USA,Tablet,WiFi,Premium,Image,1.6,33,81,166,103,95877,4696,Low,10.0
5024,Instagram,60+,Female,UK,Desktop,Mobile Data,Premium,Mixed,2.0,29,97,47,85,38546,1019,Low,3.2
5025,Reddit,60+,Female,Brazil,Tablet,Mobile Data,Premium,Text,1.6,30,330,159,68,74325,1783,High,4.5
5026,Reddit,26-35,Female,Brazil,Desktop,WiFi,Premium,Video,3.9,3,136,52,82,21028,2400,High,5.9
5027,YouTube,19-25,Male,Australia,Tablet,Mobile Data,Free,Mixed,5.3,16,248,48,60,46162,4824,Medium,3.3
5028,Pinterest,13-18,Female,UAE,Mobile,Mobile Data,Premium,Text,3.1,35,77,180,21,59515,1605,Low,2.1
5029,LinkedIn,60+,Other,UAE,Mobile,Mobile Data,Premium,Image,1.2,31,769,146,109,54358,332,Medium,6.4
5030,LinkedIn,60+,Other,Germany,Tablet,Mobile Data,Free,Video,0.8,28,679,165,36,63698,3556,Medium,0.7
5031,YouTube,26-35,Male,Canada,Desktop,Mobile Data,Free,Image,2.7,30,773,86,45,41380,4919,Medium,1.8
5032,Snapchat,26-35,Male,India,Tablet,Mobile Data,Premium,Mixed,2.1,0,26,194,96,63667,2497,Low,3.1
5033,TikTok,60+,Female,USA,Mobile,WiFi,Premium,Video,1.8,21,36,58,86,96631,2398,Medium,1.9
5034,TikTok,13-18,Other,Japan,Tablet,WiFi,Free,Video,3.7,23,689,164,54,76260,503,Low,7.1
5035,Facebook,19-25,Male,UK,Desktop,WiFi,Free,Mixed,0.3,12,393,96,131,9893,1352,Medium,2.3
5036,Twitter,36-45,Male,Singapore,Mobile,Mobile Data,Premium,Video,6.0,35,577,117,130,56416,131,Low,1.6
5037,LinkedIn,19-25,Female,Canada,Desktop,WiFi,Free,Image,5.2,5,647,112,87,34049,4585,Low,5.2
5038,Facebook,36-45,Other,UAE,Mobile,Mobile Data,Free,Video,0.8,13,673,180,63,68828,1574,High,7.6
5039,Instagram,19-25,Other,UAE,Mobile,Mobile Data,Premium,Text,5.1,4,585,75,36,18346,1864,Medium,3.2
5040,LinkedIn,36-45,Other,India,Tablet,WiFi,Premium,Video,4.2,17,433,59,107,25733,123,Low,7.2
5041,Pinterest,19-25,Male,Brazil,Tablet,Mobile Data,Free,Video,1.7,4,357,16,143,78916,2591,Medium,3.2
5042,Twitter,60+,Female,UAE,Mobile,Mobile Data,Premium,Text,2.4,15,32,192,119,81670,1270,Medium,3.8
5043,YouTube,26-35,Other,Canada,Tablet,Mobile Data,Premium,Video,1.1,7,26,171,110,80234,2648,Low,7.7
5044,Instagram,19-25,Other,Japan,Desktop,WiFi,Premium,Text,3.3,29,628,189,100,96737,2877,Low,3.3
5045,LinkedIn,19-25,Female,Brazil,Mobile,Mobile Data,Free,Mixed,2.2,32,350,0,91,42123,1149,Low,4.4
5046,Instagram,19-25,Female,Canada,Desktop,Mobile Data,Premium,Mixed,3.7,20,236,88,2,58466,785,High,3.7
5047,Snapchat,26-35,Male,Singapore,Tablet,Mobile Data,Free,Video,2.1,28,21,17,144,73885,99,Low,3.8
5048,Facebook,60+,Male,Australia,Tablet,Mobile Data,Premium,Image,2.0,12,556,186,135,1362,1766,Medium,2.2
5049,YouTube,36-45,Other,India,Mobile,WiFi,Premium,Mixed,4.4,36,1,156,38,2284,3690,Low,6.0
5050,Snapchat,60+,Other,USA,Tablet,WiFi,Free,Mixed,5.1,38,241,130,15,22203,2788,Medium,8.3
5051,Snapchat,46-60,Male,UK,Tablet,WiFi,Free,Mixed,1.7,37,395,67,83,72709,4652,Low,4.3
5052,YouTube,19-25,Other,Germany,Mobile,WiFi,Premium,Video,3.7,21,248,197,86,89872,3153,High,1.6
5053,Reddit,46-60,Male,Singapore,Tablet,WiFi,Premium,Image,3.0,2,208,28,120,44681,507,Low,3.0
5054,Snapchat,46-60,Other,Germany,Desktop,WiFi,Free,Image,2.9,2,60,5,38,3456,1226,Low,6.1
5055,Facebook,26-35,Other,UK,Desktop,Mobile Data,Free,Mixed,0.4,17,478,77,53,37542,4968,Medium,4.2
5056,YouTube,60+,Other,UAE,Tablet,Mobile Data,Premium,Image,2.0,13,800,77,104,54571,2465,Low,6.3
5057,Instagram,26-35,Male,Germany,Desktop,Mobile Data,Premium,Text,2.2,8,384,113,35,25979,4730,High,4.3
5058,Reddit,19-25,Other,Germany,Desktop,Mobile Data,Premium,Text,2.4,35,729,189,24,84412,1652,High,4.1
5059,Twitter,13-18,Male,Germany,Mobile,WiFi,Premium,Image,0.7,9,599,188,35,99732,3165,High,2.0
5060,Pinterest,26-35,Female,USA,Mobile,Mobile Data,Free,Mixed,2.3,6,486,47,25,68526,2472,Medium,1.1
5061,Pinterest,60+,Female,Japan,Mobile,Mobile Data,Premium,Image,4.3,33,560,70,19,46747,1831,Low,1.8
5062,Instagram,26-35,Other,Japan,Desktop,WiFi,Free,Image,1.9,15,22,87,55,64806,2457,High,9.2
5063,Snapchat,26-35,Other,Japan,Tablet,WiFi,Free,Image,5.9,18,603,1,72,75294,3218,High,4.1
5064,TikTok,13-18,Female,Japan,Mobile,Mobile Data,Premium,Image,5.7,29,671,194,67,17305,3282,Medium,7.3
5065,Twitter,13-18,Other,UAE,Mobile,Mobile Data,Free,Mixed,0.8,23,344,168,73,32429,3298,Medium,4.3
5066,Pinterest,46-60,Male,Singapore,Desktop,Mobile Data,Premium,Mixed,5.6,21,336,106,147,84428,3277,Low,1.2
5067,Reddit,60+,Male,Canada,Desktop,Mobile Data,Premium,Text,2.1,4,611,10,45,36322,1738,Medium,5.8
5068,Snapchat,36-45,Male,UK,Desktop,WiFi,Premium,Video,4.7,16,594,82,4,84523,2563,Low,1.3
5069,Reddit,36-45,Other,Canada,Desktop,WiFi,Free,Mixed,4.6,16,538,172,103,59581,2909,Low,3.9
5070,Reddit,46-60,Other,Brazil,Mobile,Mobile Data,Free,Video,2.1,15,744,72,6,70247,91,High,8.4
5071,Pinterest,60+,Male,India,Tablet,Mobile Data,Free,Video,0.3,28,56,154,26,61249,438,Low,3.9
5072,LinkedIn,60+,Female,India,Mobile,Mobile Data,Premium,Text,4.7,31,486,190,75,11103,4446,High,7.4
5073,YouTube,13-18,Male,Australia,Tablet,Mobile Data,Free,Video,3.4,20,623,138,117,95267,1287,Low,6.2
5074,Reddit,36-45,Female,Germany,Tablet,WiFi,Free,Text,5.8,32,513,129,141,18181,2963,Low,9.2
5075,Instagram,60+,Male,UK,Tablet,Mobile Data,Free,Image,4.0,28,698,6,88,99189,4791,High,4.8
5076,Twitter,26-35,Female,UK,Mobile,WiFi,Free,Mixed,5.4,27,103,75,120,77926,1234,Medium,4.8
5077,Twitter,46-60,Female,Brazil,Mobile,WiFi,Premium,Video,5.1,23,463,138,26,31515,2923,Medium,2.0
5078,LinkedIn,46-60,Female,UK,Tablet,Mobile Data,Premium,Text,4.2,37,378,89,17,78001,2586,Medium,6.1
5079,Pinterest,19-25,Other,UAE,Tablet,WiFi,Premium,Image,4.1,36,452,175,106,97439,4426,High,5.7
5080,YouTube,36-45,Female,Canada,Desktop,Mobile Data,Premium,Image,1.1,11,318,100,35,22314,262,Low,2.3
5081,Facebook,60+,Female,Japan,Mobile,WiFi,Free,Mixed,1.5,2,71,188,138,34022,2099,Low,4.6
5082,LinkedIn,36-45,Other,India,Tablet,Mobile Data,Free,Mixed,1.1,40,782,54,5,33091,3583,Medium,2.0
5083,Facebook,19-25,Female,Canada,Mobile,WiFi,Premium,Mixed,2.5,38,561,4,10,12949,4047,High,5.0
5084,Reddit,60+,Other,UAE,Desktop,WiFi,Premium,Image,2.0,26,704,62,22,49612,3998,Low,9.0
5085,LinkedIn,13-18,Female,UAE,Mobile,Mobile Data,Premium,Video,3.8,16,788,180,73,16100,4663,Low,8.7
5086,Snapchat,36-45,Male,Singapore,Mobile,WiFi,Free,Video,3.9,37,195,103,3,48615,1619,Low,9.9
5087,Twitter,13-18,Female,Australia,Desktop,WiFi,Premium,Video,3.9,15,433,1,21,96805,1823,High,7.6
5088,LinkedIn,60+,Other,Brazil,Desktop,WiFi,Premium,Video,4.9,21,275,34,125,84202,3442,Medium,4.9
5089,Reddit,26-35,Male,UAE,Tablet,WiFi,Free,Text,1.3,29,23,158,1,14570,2058,Medium,7.8
5090,Instagram,19-25,Female,Germany,Tablet,Mobile Data,Premium,Mixed,5.9,24,304,130,72,79079,351,Medium,6.3
5091,TikTok,36-45,Other,Singapore,Mobile,Mobile Data,Premium,Mixed,4.3,19,726,91,41,79146,1615,High,4.7
5092,TikTok,19-25,Male,USA,Mobile,Mobile Data,Free,Image,5.6,22,507,169,7,25242,2131,Medium,3.7
5093,Twitter,26-35,Other,USA,Mobile,Mobile Data,Free,Image,2.9,13,559,78,39,85015,2357,Low,3.9
5094,Pinterest,13-18,Other,UK,Mobile,WiFi,Premium,Mixed,2.2,20,465,143,113,68426,3331,High,1.8
5095,LinkedIn,36-45,Male,Australia,Desktop,Mobile Data,Free,Mixed,2.8,16,442,22,70,96392,2786,Medium,7.6
5096,TikTok,26-35,Male,Brazil,Tablet,WiFi,Premium,Image,1.5,16,723,89,128,71195,392,Medium,2.9
5097,Instagram,46-60,Other,Canada,Tablet,WiFi,Premium,Video,1.6,1,760,116,74,6753,3589,Medium,0.5
5098,Twitter,46-60,Female,Germany,Tablet,Mobile Data,Premium,Video,4.5,37,229,131,39,91647,4948,High,2.8
5099,Reddit,36-45,Other,Germany,Tablet,Mobile Data,Free,Image,4.4,40,57,144,13,92443,813,Low,6.6
5100,Pinterest,46-60,Other,Canada,Tablet,Mobile Data,Free,Mixed,4.7,18,83,194,68,13905,1765,Medium,9.2
5101,Reddit,26-35,Female,Japan,Tablet,WiFi,Free,Image,0.2,12,641,78,71,88827,4064,Low,2.8
5102,Snapchat,46-60,Female,Australia,Desktop,WiFi,Premium,Mixed,3.1,3,44,14,115,96951,3759,High,7.8
5103,LinkedIn,26-35,Male,Germany,Mobile,WiFi,Free,Mixed,3.9,28,426,157,10,99895,2203,Medium,8.3
5104,Snapchat,60+,Female,Brazil,Desktop,WiFi,Free,Video,2.9,20,474,70,107,35540,930,Low,4.7
5105,Facebook,36-45,Female,Brazil,Desktop,Mobile Data,Premium,Text,5.4,5,67,23,129,53598,4260,Medium,1.2
5106,Pinterest,60+,Female,Australia,Mobile,Mobile Data,Free,Text,1.1,19,272,51,72,99372,4904,High,5.2
5107,YouTube,36-45,Male,Canada,Tablet,WiFi,Free,Video,5.8,2,317,60,26,80228,3866,High,5.4
5108,TikTok,13-18,Other,Japan,Desktop,WiFi,Free,Text,5.0,19,439,67,17,15870,4427,Low,4.5
5109,Pinterest,36-45,Other,Brazil,Desktop,WiFi,Free,Image,2.2,25,544,151,72,52966,1331,Low,8.5
5110,Twitter,46-60,Other,Australia,Desktop,WiFi,Premium,Image,1.7,27,190,157,28,43573,1057,High,9.8
5111,Facebook,19-25,Other,Japan,Mobile,WiFi,Premium,Text,3.8,21,120,22,45,21738,1893,Medium,8.1
5112,Snapchat,46-60,Male,UAE,Tablet,WiFi,Premium,Text,1.8,10,747,101,65,92727,4408,Low,8.6
5113,Instagram,19-25,Other,Germany,Desktop,Mobile Data,Premium,Mixed,4.7,38,727,12,77,74384,1648,Medium,9.8
5114,Pinterest,46-60,Male,UK,Desktop,Mobile Data,Premium,Mixed,1.0,9,634,63,76,16202,508,Medium,3.4
5115,Reddit,36-45,Female,Singapore,Mobile,Mobile Data,Premium,Text,2.5,13,353,107,37,99157,4258,Medium,1.5
5116,LinkedIn,60+,Other,Japan,Mobile,Mobile Data,Premium,Mixed,4.8,27,171,21,71,73986,4211,High,6.7
5117,YouTube,60+,Female,India,Desktop,WiFi,Premium,Image,0.3,19,632,193,109,84475,744,High,6.5
5118,Instagram,60+,Female,Australia,Tablet,Mobile Data,Premium,Text,2.4,1,748,144,21,15282,2693,Medium,1.1
5119,Instagram,26-35,Other,Japan,Desktop,WiFi,Free,Text,1.5,26,183,148,7,59774,2197,Medium,3.0
5120,LinkedIn,13-18,Male,UAE,Desktop,Mobile Data,Free,Video,3.2,20,108,132,75,42896,2755,Medium,5.0
5121,Reddit,26-35,Male,India,Desktop,WiFi,Premium,Mixed,4.6,19,472,148,131,43876,1974,Low,3.0
5122,Facebook,36-45,Male,Australia,Tablet,Mobile Data,Free,Image,0.9,1,445,118,4,72820,1491,High,1.9
5123,Pinterest,19-25,Female,Japan,Mobile,Mobile Data,Free,Mixed,0.6,35,652,186,44,96913,3973,Low,2.6
5124,TikTok,19-25,Other,Brazil,Mobile,Mobile Data,Premium,Text,0.5,31,299,100,70,16898,4003,High,3.6
5125,Twitter,36-45,Female,Japan,Tablet,WiFi,Premium,Video,2.3,22,396,43,110,24892,2136,Low,0.9
5126,TikTok,13-18,Other,Brazil,Mobile,Mobile Data,Free,Image,0.5,26,658,42,7,79548,3301,Low,4.1
5127,Facebook,46-60,Other,Australia,Tablet,Mobile Data,Free,Image,3.9,29,762,184,142,40421,4861,Medium,8.8
5128,Twitter,46-60,Male,Singapore,Mobile,Mobile Data,Free,Text,1.9,25,341,125,54,54586,4075,Medium,4.2
5129,Facebook,13-18,Female,Canada,Tablet,Mobile Data,Premium,Video,4.3,20,254,61,17,97836,271,Medium,7.3
5130,Snapchat,19-25,Male,UAE,Mobile,WiFi,Free,Video,2.7,16,204,17,88,42200,2960,Low,2.7
5131,Twitter,36-45,Other,Brazil,Mobile,WiFi,Premium,Mixed,3.9,30,533,199,71,8670,1136,High,1.7
5132,Pinterest,13-18,Male,Singapore,Tablet,Mobile Data,Free,Mixed,3.6,12,514,156,85,60498,422,Low,2.8
5133,Twitter,13-18,Male,Germany,Mobile,Mobile Data,Premium,Mixed,3.9,5,550,81,147,45189,3352,Low,2.8
5134,Instagram,26-35,Female,Brazil,Tablet,WiFi,Premium,Mixed,3.7,14,576,151,59,96911,1062,Low,9.5
5135,TikTok,19-25,Female,USA,Tablet,WiFi,Premium,Image,1.4,7,697,41,5,43069,1350,Medium,4.3
5136,Facebook,46-60,Other,India,Mobile,WiFi,Premium,Video,4.9,24,7,128,15,79386,2563,Low,3.1
5137,TikTok,36-45,Male,UAE,Tablet,Mobile Data,Premium,Image,1.5,14,31,52,106,18773,3161,High,7.1
5138,Pinterest,13-18,Other,India,Mobile,WiFi,Premium,Mixed,2.0,15,604,42,15,60107,2915,High,4.3
5139,Facebook,60+,Female,USA,Mobile,Mobile Data,Free,Video,0.7,24,150,120,137,80107,526,High,0.7
5140,Instagram,13-18,Male,Singapore,Tablet,Mobile Data,Premium,Video,3.2,22,162,90,127,3483,806,Medium,7.3
5141,Reddit,26-35,Female,UAE,Desktop,WiFi,Free,Video,0.5,3,412,81,116,30202,1839,Medium,2.9
5142,LinkedIn,60+,Male,Singapore,Desktop,WiFi,Premium,Video,1.2,24,456,167,128,31418,1071,Low,7.3
5143,Instagram,19-25,Other,Canada,Mobile,Mobile Data,Premium,Text,3.3,28,275,175,139,25877,1661,Low,6.9
5144,LinkedIn,26-35,Other,Germany,Tablet,Mobile Data,Free,Image,1.5,31,633,111,130,62636,3353,Low,5.1
5145,Twitter,19-25,Female,Australia,Tablet,Mobile Data,Free,Text,4.6,21,411,86,47,47069,4051,Medium,9.5
5146,TikTok,13-18,Female,Japan,Tablet,Mobile Data,Premium,Text,0.8,12,12,98,42,84388,1548,Low,8.0
5147,Reddit,46-60,Female,UAE,Desktop,Mobile Data,Free,Text,1.0,20,719,64,72,69035,4719,Low,1.5
5148,Snapchat,19-25,Male,USA,Mobile,WiFi,Free,Mixed,2.4,1,226,88,125,12928,4008,Medium,6.5
5149,Reddit,13-18,Male,Australia,Desktop,Mobile Data,Premium,Image,2.4,17,763,179,112,47745,2688,High,0.6
5150,Snapchat,26-35,Female,UK,Mobile,Mobile Data,Premium,Text,6.0,27,463,98,125,17019,2861,High,4.0
5151,Reddit,26-35,Male,USA,Mobile,Mobile Data,Free,Text,0.4,3,791,143,61,58459,3294,Medium,6.2
5152,Reddit,26-35,Female,Canada,Mobile,Mobile Data,Premium,Image,3.4,10,319,14,86,78531,3782,Low,4.4
5153,Reddit,13-18,Other,USA,Mobile,Mobile Data,Free,Text,0.8,38,212,187,58,26396,715,Medium,0.9
5154,LinkedIn,19-25,Female,Australia,Mobile,Mobile Data,Free,Mixed,5.9,5,65,177,51,32704,4998,High,9.0
5155,Facebook,19-25,Female,Germany,Desktop,WiFi,Free,Image,4.2,4,443,105,143,53711,2632,Low,5.7
5156,Reddit,36-45,Other,Japan,Tablet,Mobile Data,Free,Text,0.4,7,567,59,1,59414,4344,Low,8.1
5157,Reddit,19-25,Other,Australia,Tablet,WiFi,Premium,Image,0.3,19,693,117,44,9798,841,High,4.0
5158,Pinterest,46-60,Other,Germany,Mobile,Mobile Data,Premium,Image,4.4,27,272,84,127,30604,1121,Medium,7.9
5159,Reddit,19-25,Female,India,Desktop,WiFi,Premium,Text,5.1,40,131,191,124,21609,716,Medium,5.1
5160,YouTube,36-45,Male,Australia,Tablet,WiFi,Premium,Video,5.5,22,161,198,110,20483,4438,High,2.4
5161,Snapchat,13-18,Other,UAE,Desktop,WiFi,Free,Video,1.9,18,378,132,55,49779,2945,Low,1.6
5162,Pinterest,13-18,Female,Japan,Tablet,WiFi,Free,Video,2.4,3,539,163,79,70197,58,Medium,1.4
5163,Instagram,36-45,Other,Singapore,Mobile,WiFi,Premium,Text,3.1,30,758,161,82,66448,4024,Medium,2.0
5164,TikTok,36-45,Male,Canada,Tablet,WiFi,Premium,Video,0.5,39,342,43,41,37734,3219,High,7.9
5165,Reddit,26-35,Other,Japan,Mobile,WiFi,Premium,Video,4.4,35,377,198,56,94743,2737,High,2.0
5166,Pinterest,46-60,Other,India,Tablet,WiFi,Premium,Text,3.2,30,340,122,92,65141,4096,High,9.4
5167,LinkedIn,19-25,Other,UK,Mobile,WiFi,Free,Mixed,5.6,33,724,47,14,69140,4836,High,1.3
5168,Instagram,60+,Female,UAE,Tablet,WiFi,Premium,Video,1.3,15,359,79,68,32817,4465,Medium,2.9
5169,Pinterest,46-60,Male,Canada,Mobile,Mobile Data,Premium,Text,1.6,10,122,122,58,73065,3406,Low,1.1
5170,Twitter,19-25,Other,India,Tablet,Mobile Data,Free,Image,5.0,40,210,51,20,45245,4350,Medium,6.6
5171,Facebook,46-60,Female,Australia,Desktop,WiFi,Free,Mixed,0.7,29,767,106,100,42814,2718,High,9.2
5172,Instagram,26-35,Male,Germany,Desktop,WiFi,Free,Text,4.5,16,545,55,4,26454,2992,Medium,0.8
5173,Pinterest,46-60,Female,Brazil,Mobile,Mobile Data,Premium,Text,3.4,2,478,5,112,54157,2582,High,6.8
5174,YouTube,13-18,Female,India,Desktop,Mobile Data,Premium,Video,1.6,9,689,80,39,60055,1512,Low,6.2
5175,Pinterest,36-45,Male,USA,Tablet,Mobile Data,Premium,Image,2.7,26,88,126,17,50935,2748,Medium,7.5
5176,Facebook,26-35,Male,Canada,Desktop,Mobile Data,Free,Mixed,4.5,10,83,119,40,65945,2125,Medium,5.0
5177,YouTube,26-35,Male,India,Desktop,WiFi,Premium,Video,5.4,17,180,70,48,54892,4047,High,5.8
5178,Pinterest,60+,Male,India,Desktop,Mobile Data,Free,Video,5.9,23,96,118,95,57120,3944,High,0.5
5179,Facebook,26-35,Other,Japan,Mobile,Mobile Data,Free,Image,3.0,27,756,68,70,56466,1157,Medium,8.1
5180,Twitter,36-45,Other,Japan,Tablet,Mobile Data,Premium,Image,5.0,6,726,105,85,54388,603,Low,7.2
5181,Instagram,36-45,Female,Australia,Mobile,Mobile Data,Premium,Image,0.4,28,693,51,41,1194,3084,High,9.3
5182,YouTube,46-60,Female,Australia,Mobile,Mobile Data,Free,Video,4.1,2,716,179,109,63424,2395,High,3.6
5183,Snapchat,26-35,Female,Canada,Desktop,WiFi,Free,Image,2.4,27,718,98,91,53443,2306,Low,5.0
5184,Twitter,36-45,Female,Japan,Desktop,Mobile Data,Premium,Video,1.3,15,484,112,131,11343,3257,Medium,2.4
5185,Twitter,13-18,Male,Germany,Desktop,WiFi,Free,Text,1.0,23,497,65,150,99213,1483,High,5.5
5186,TikTok,26-35,Other,Japan,Mobile,WiFi,Premium,Text,2.6,27,91,176,61,48067,2566,High,1.0
5187,Snapchat,60+,Female,UK,Mobile,Mobile Data,Free,Image,2.9,7,591,130,138,49708,661,High,1.7
5188,YouTube,13-18,Female,UAE,Mobile,Mobile Data,Free,Video,4.5,17,226,87,47,17263,530,Low,3.6
5189,Facebook,19-25,Female,Germany,Mobile,WiFi,Free,Mixed,0.5,19,793,30,30,31437,1564,High,5.3
5190,LinkedIn,36-45,Female,Australia,Tablet,Mobile Data,Free,Mixed,5.4,11,222,196,42,33030,3792,Medium,9.4
5191,Pinterest,26-35,Male,USA,Mobile,WiFi,Premium,Text,4.7,2,566,155,27,55960,250,High,2.6
5192,Facebook,19-25,Other,Canada,Mobile,Mobile Data,Premium,Image,4.1,14,681,126,97,24815,2008,High,2.5
5193,Facebook,13-18,Male,UAE,Desktop,WiFi,Free,Text,5.6,35,127,122,4,96487,2475,Medium,0.9
5194,Snapchat,46-60,Other,Canada,Tablet,Mobile Data,Premium,Video,3.0,33,489,102,78,50806,4151,Medium,7.4
5195,Snapchat,13-18,Other,Brazil,Tablet,Mobile Data,Free,Video,4.3,37,166,174,82,34309,3789,Medium,4.0
5196,Reddit,19-25,Other,UAE,Tablet,Mobile Data,Free,Text,2.6,40,485,14,23,88041,3113,Low,2.9
5197,LinkedIn,46-60,Other,India,Desktop,Mobile Data,Premium,Video,1.4,7,558,186,124,81076,4637,Low,3.3
5198,LinkedIn,36-45,Female,Japan,Desktop,WiFi,Free,Text,4.9,6,69,8,7,45561,2271,High,4.3
5199,TikTok,60+,Other,India,Desktop,WiFi,Premium,Mixed,2.5,10,116,121,44,94041,2214,Medium,9.4
5200,Pinterest,19-25,Other,Germany,Tablet,WiFi,Free,Video,5.7,31,540,128,125,52270,846,Medium,1.2
5201,TikTok,60+,Female,India,Mobile,Mobile Data,Free,Text,2.7,1,584,134,150,87606,2214,Low,8.6
5202,Twitter,19-25,Other,USA,Mobile,WiFi,Premium,Video,0.8,16,86,109,91,54126,3066,High,6.6
5203,TikTok,13-18,Male,Australia,Tablet,Mobile Data,Free,Text,3.6,35,419,16,25,2365,547,High,4.1
5204,Reddit,60+,Male,Singapore,Desktop,Mobile Data,Premium,Mixed,4.2,11,52,116,137,51224,1518,High,5.8
5205,Snapchat,26-35,Female,Brazil,Desktop,WiFi,Free,Mixed,4.1,13,498,136,2,43378,1780,High,2.3
5206,Snapchat,36-45,Male,India,Desktop,WiFi,Premium,Image,2.2,34,787,137,41,69885,932,High,3.4
5207,Snapchat,26-35,Other,Japan,Desktop,Mobile Data,Premium,Video,5.9,27,461,88,112,98529,1061,Low,8.0
5208,Instagram,19-25,Other,UAE,Desktop,Mobile Data,Free,Video,5.1,28,789,54,129,96561,334,High,4.3
5209,Snapchat,46-60,Female,UAE,Mobile,WiFi,Free,Text,2.6,40,256,165,113,7836,4510,Medium,4.3
5210,Twitter,13-18,Female,Canada,Tablet,WiFi,Premium,Mixed,0.7,15,464,109,65,35730,2230,High,4.9
5211,Instagram,60+,Male,Canada,Desktop,WiFi,Premium,Video,4.3,4,683,122,125,26730,3133,High,9.2
5212,YouTube,36-45,Other,Japan,Tablet,WiFi,Premium,Video,2.1,20,568,107,19,29372,2361,Low,1.1
5213,Snapchat,46-60,Female,Canada,Desktop,WiFi,Free,Video,1.6,1,109,67,36,94595,84,High,1.1
5214,Snapchat,46-60,Female,Singapore,Tablet,Mobile Data,Premium,Image,1.5,12,299,33,125,72740,1743,Low,3.4
5215,TikTok,13-18,Female,USA,Desktop,Mobile Data,Premium,Text,3.1,32,67,45,83,9118,3772,Low,7.0
5216,Reddit,13-18,Male,Canada,Mobile,WiFi,Free,Text,3.9,4,527,76,100,10503,596,Low,1.5
5217,Pinterest,60+,Male,UAE,Desktop,Mobile Data,Free,Text,2.0,1,494,187,115,3789,4879,Medium,6.6
5218,Snapchat,26-35,Female,Brazil,Mobile,WiFi,Premium,Text,0.4,15,771,88,98,14887,2629,High,2.2
5219,Snapchat,46-60,Other,Germany,Tablet,WiFi,Free,Mixed,4.4,34,313,54,109,61965,3476,Low,9.6
5220,Twitter,46-60,Female,India,Desktop,WiFi,Premium,Text,4.3,12,572,185,46,36992,3993,Low,8.1
5221,Reddit,60+,Female,USA,Desktop,Mobile Data,Free,Text,1.0,21,266,36,108,2289,3244,Medium,7.5
5222,Twitter,36-45,Other,Singapore,Tablet,Mobile Data,Free,Text,2.6,38,400,135,47,14632,3821,High,6.4
5223,Pinterest,13-18,Other,Germany,Desktop,Mobile Data,Free,Image,2.2,2,694,140,138,30642,599,Low,3.7
5224,Reddit,19-25,Male,Japan,Mobile,WiFi,Free,Text,5.4,28,639,67,141,57181,3790,Low,8.8
5225,Instagram,36-45,Female,Canada,Mobile,WiFi,Premium,Video,5.3,9,769,158,62,60033,4900,Medium,4.2
5226,Twitter,60+,Other,UAE,Tablet,Mobile Data,Free,Image,0.4,19,755,111,71,97588,4089,Low,8.4
5227,Instagram,26-35,Female,UK,Desktop,Mobile Data,Premium,Mixed,2.5,5,325,162,62,84699,3209,Medium,3.2
5228,LinkedIn,19-25,Other,Singapore,Mobile,WiFi,Free,Image,1.4,18,107,200,84,86552,1590,Medium,3.3
5229,LinkedIn,36-45,Other,UAE,Mobile,Mobile Data,Free,Text,4.3,19,48,8,121,47038,3013,High,9.0
5230,YouTube,26-35,Female,Japan,Mobile,Mobile Data,Premium,Image,2.6,31,289,126,50,4597,4683,Medium,7.5
5231,Facebook,60+,Male,Brazil,Tablet,WiFi,Free,Text,5.4,12,279,38,22,51022,4835,High,3.5
5232,TikTok,46-60,Male,Australia,Tablet,WiFi,Premium,Image,3.1,14,308,158,127,77504,1383,Low,9.7
5233,LinkedIn,19-25,Male,India,Mobile,Mobile Data,Free,Video,3.9,17,655,129,42,28987,4355,Medium,2.4
5234,Pinterest,13-18,Male,Brazil,Desktop,Mobile Data,Premium,Mixed,0.5,2,787,122,132,62858,607,High,2.4
5235,Facebook,46-60,Male,USA,Tablet,WiFi,Premium,Image,5.0,40,21,182,33,68122,4111,Low,2.2
5236,Pinterest,60+,Other,Brazil,Tablet,Mobile Data,Premium,Text,3.5,18,441,47,127,18483,349,High,7.3
5237,TikTok,36-45,Female,Brazil,Tablet,WiFi,Free,Image,3.9,27,470,132,21,87398,4706,Medium,8.3
5238,Instagram,46-60,Female,Brazil,Mobile,WiFi,Premium,Mixed,1.4,16,347,98,103,78337,2241,Medium,4.9
5239,Instagram,13-18,Female,USA,Desktop,WiFi,Premium,Image,2.8,3,465,196,50,95391,2781,High,8.6
5240,LinkedIn,26-35,Male,UAE,Tablet,WiFi,Free,Video,0.6,1,698,31,65,90785,4976,High,7.7
5241,Twitter,36-45,Female,Canada,Tablet,WiFi,Premium,Image,5.9,22,767,157,66,44723,2697,Low,2.1
5242,Instagram,26-35,Female,Brazil,Desktop,Mobile Data,Free,Mixed,4.2,28,376,30,46,61062,507,Medium,3.2
5243,Snapchat,19-25,Other,Japan,Desktop,WiFi,Free,Mixed,4.6,34,459,52,101,62490,4471,Medium,5.8
5244,LinkedIn,36-45,Male,Japan,Mobile,WiFi,Premium,Video,0.9,19,312,147,150,2776,2296,Low,1.7
5245,LinkedIn,46-60,Male,USA,Tablet,Mobile Data,Premium,Video,2.7,28,47,107,142,19428,1669,Low,3.5
5246,Reddit,13-18,Male,India,Mobile,Mobile Data,Free,Image,5.1,11,689,117,9,12795,1077,Medium,7.4
5247,YouTube,26-35,Female,UAE,Desktop,Mobile Data,Premium,Image,3.8,12,154,192,73,6895,3203,Medium,2.1
5248,Twitter,19-25,Male,India,Tablet,Mobile Data,Free,Mixed,3.0,6,584,83,8,31314,3923,High,10.0
5249,TikTok,36-45,Other,Singapore,Tablet,WiFi,Free,Video,1.8,16,570,111,108,59091,634,Low,6.9
5250,YouTube,36-45,Female,Singapore,Desktop,Mobile Data,Free,Video,0.7,15,694,135,127,95143,2187,Low,0.7
5251,Facebook,19-25,Female,USA,Tablet,WiFi,Premium,Text,0.5,3,688,47,20,64238,747,High,5.2
5252,Instagram,19-25,Male,Canada,Mobile,WiFi,Premium,Text,3.9,10,702,125,47,39513,4004,High,6.8
5253,Facebook,36-45,Other,India,Tablet,Mobile Data,Free,Video,3.6,0,312,181,142,88545,761,Low,6.0
5254,Twitter,46-60,Other,Australia,Desktop,Mobile Data,Free,Text,1.6,4,709,78,70,27340,3328,High,5.7
5255,Twitter,46-60,Female,Australia,Desktop,WiFi,Free,Video,1.2,3,286,126,51,87799,3832,Medium,6.1
5256,YouTube,19-25,Female,India,Desktop,Mobile Data,Free,Text,1.7,5,537,68,82,86765,1804,High,9.6
5257,Reddit,60+,Male,USA,Tablet,WiFi,Free,Mixed,1.8,28,381,93,8,52758,1947,Low,4.8
5258,TikTok,26-35,Female,India,Tablet,Mobile Data,Premium,Text,3.6,3,116,144,99,43406,664,High,6.3
5259,Pinterest,60+,Female,Australia,Mobile,WiFi,Premium,Image,3.6,15,560,79,15,78783,3896,Low,9.3
5260,Instagram,60+,Other,Japan,Tablet,WiFi,Premium,Video,1.0,13,770,65,56,66561,3523,Low,2.1
5261,YouTube,36-45,Other,Germany,Desktop,WiFi,Premium,Mixed,2.2,25,335,109,108,44656,4331,Low,7.2
5262,Twitter,13-18,Other,Germany,Tablet,WiFi,Premium,Video,3.9,20,404,115,5,60006,4041,Low,9.2
5263,TikTok,26-35,Male,Canada,Tablet,Mobile Data,Premium,Text,3.3,3,715,72,147,11717,1174,High,7.1
5264,YouTube,26-35,Other,USA,Mobile,Mobile Data,Free,Mixed,2.0,14,586,122,34,46452,4992,Medium,1.5
5265,Snapchat,46-60,Female,Canada,Mobile,WiFi,Free,Mixed,2.3,32,721,61,101,6013,4470,High,0.8
5266,Pinterest,60+,Other,UK,Tablet,WiFi,Premium,Video,3.3,9,647,91,104,42072,135,High,9.0
5267,LinkedIn,19-25,Other,Canada,Desktop,WiFi,Free,Video,5.8,22,250,50,71,45705,455,High,5.9
5268,Twitter,19-25,Male,Germany,Tablet,WiFi,Premium,Image,3.1,12,328,176,26,47691,3705,High,2.7
5269,Snapchat,46-60,Female,UK,Mobile,Mobile Data,Premium,Image,4.5,24,156,94,103,65011,1344,High,4.4
5270,Twitter,26-35,Male,Canada,Tablet,Mobile Data,Free,Text,2.9,13,564,15,128,23104,2137,Medium,1.0
5271,YouTube,19-25,Other,India,Tablet,Mobile Data,Premium,Image,4.6,30,774,15,120,19849,520,High,6.8
5272,TikTok,60+,Female,Canada,Tablet,WiFi,Free,Mixed,4.2,25,644,129,75,39190,953,High,2.2
5273,Facebook,46-60,Male,UK,Mobile,WiFi,Premium,Image,3.4,36,414,35,145,16249,1250,Low,5.5
5274,Instagram,46-60,Female,UAE,Desktop,WiFi,Premium,Mixed,1.0,31,427,41,141,64851,2305,Low,6.0
5275,Snapchat,36-45,Other,UK,Mobile,Mobile Data,Premium,Video,4.0,39,397,124,142,54887,4834,High,2.7
5276,Instagram,60+,Female,Australia,Desktop,Mobile Data,Free,Text,2.9,15,218,199,1,7125,3900,Low,7.9
5277,Facebook,19-25,Other,Brazil,Desktop,WiFi,Free,Text,5.5,13,23,127,135,71299,4488,Low,7.7
5278,LinkedIn,19-25,Female,Japan,Mobile,WiFi,Premium,Video,0.5,6,238,21,28,67022,378,High,6.2
5279,Twitter,26-35,Male,Singapore,Tablet,WiFi,Free,Video,1.3,3,375,195,85,13813,3400,Low,8.8
5280,Pinterest,13-18,Male,India,Mobile,WiFi,Premium,Image,1.6,37,650,173,23,26693,734,Medium,7.4
5281,LinkedIn,26-35,Male,India,Desktop,WiFi,Premium,Video,0.5,33,603,150,113,96204,149,Medium,8.7
5282,Twitter,46-60,Male,Germany,Tablet,Mobile Data,Free,Image,0.3,23,371,120,42,92863,1192,Medium,6.1
5283,Reddit,13-18,Female,Singapore,Desktop,WiFi,Free,Image,2.0,32,775,159,144,88943,454,High,1.1
5284,LinkedIn,60+,Other,Brazil,Mobile,WiFi,Free,Video,5.4,18,775,65,105,91257,632,High,9.2
5285,LinkedIn,19-25,Other,Japan,Desktop,Mobile Data,Free,Image,4.6,20,624,65,9,97270,4312,Medium,5.3
5286,YouTube,46-60,Other,Australia,Mobile,WiFi,Free,Mixed,2.8,9,429,150,38,58005,875,Medium,6.1
5287,TikTok,46-60,Female,Brazil,Mobile,Mobile Data,Free,Mixed,0.6,18,474,189,75,55591,938,Low,3.8
5288,Snapchat,26-35,Female,USA,Desktop,Mobile Data,Free,Video,4.2,3,369,0,83,58716,2327,Low,5.5
5289,Instagram,60+,Female,Brazil,Tablet,Mobile Data,Free,Video,1.3,23,471,175,3,96441,3662,Medium,3.0
5290,Pinterest,19-25,Female,USA,Tablet,Mobile Data,Free,Text,4.8,10,590,105,150,25628,3934,Medium,4.0
5291,Reddit,36-45,Male,Brazil,Desktop,WiFi,Premium,Text,0.2,38,458,152,4,56260,1096,Medium,8.1
5292,Reddit,19-25,Female,Japan,Desktop,Mobile Data,Premium,Video,5.3,39,423,98,99,95381,3044,High,8.5
5293,Pinterest,13-18,Female,USA,Desktop,Mobile Data,Free,Image,2.8,32,50,170,93,67276,3721,Low,8.3
5294,Reddit,60+,Female,UAE,Desktop,Mobile Data,Premium,Image,4.1,22,45,194,98,71774,4220,Low,5.5
5295,Snapchat,19-25,Male,Singapore,Mobile,WiFi,Premium,Mixed,5.9,8,128,14,44,95062,1962,High,7.3
5296,Twitter,13-18,Other,Australia,Tablet,WiFi,Premium,Image,0.9,12,114,53,8,73777,3248,Low,3.6
5297,Pinterest,60+,Other,Australia,Mobile,WiFi,Premium,Image,3.3,31,390,104,73,202,1654,High,8.7
5298,Snapchat,26-35,Other,Japan,Tablet,WiFi,Free,Mixed,6.0,32,407,149,131,46709,3022,Low,1.1
5299,Pinterest,36-45,Male,Germany,Mobile,Mobile Data,Free,Video,0.6,39,531,168,63,44952,524,Medium,6.0
5300,Reddit,60+,Female,Singapore,Mobile,WiFi,Free,Text,5.5,32,479,83,94,87842,4908,Low,5.9
5301,YouTube,36-45,Other,Canada,Tablet,Mobile Data,Free,Text,2.7,27,669,0,3,945,1159,High,5.1
5302,Pinterest,13-18,Other,UAE,Mobile,Mobile Data,Free,Video,3.9,9,186,38,51,32994,1015,High,8.0
5303,Facebook,26-35,Male,USA,Mobile,Mobile Data,Premium,Image,2.6,19,687,9,71,51667,4629,Medium,1.7
5304,YouTube,19-25,Female,Germany,Desktop,Mobile Data,Free,Text,1.5,14,596,114,90,25673,1901,High,6.1
5305,Facebook,60+,Other,Australia,Tablet,WiFi,Premium,Video,1.0,29,670,138,70,90531,895,High,5.8
5306,LinkedIn,13-18,Other,Canada,Tablet,WiFi,Free,Text,0.9,40,630,7,72,73088,3805,Medium,9.1
5307,Snapchat,13-18,Other,India,Tablet,WiFi,Premium,Text,1.6,20,526,137,48,77499,4084,Low,2.0
5308,Instagram,26-35,Female,USA,Mobile,WiFi,Free,Video,1.7,13,256,119,45,72514,4574,Low,5.2
5309,Snapchat,13-18,Other,Brazil,Desktop,WiFi,Premium,Image,3.9,27,545,20,77,39308,2814,Medium,6.2
5310,Pinterest,60+,Male,UAE,Tablet,Mobile Data,Free,Image,1.5,17,460,127,65,54075,1821,High,5.2
5311,Reddit,36-45,Other,Canada,Mobile,WiFi,Premium,Image,3.6,29,388,24,21,548,2778,Medium,7.7
5312,Facebook,19-25,Other,USA,Desktop,Mobile Data,Free,Image,4.6,36,282,83,14,85317,4297,Low,5.8
5313,Twitter,26-35,Other,Australia,Mobile,WiFi,Free,Mixed,3.7,3,650,63,7,31034,1469,Low,0.5
5314,Twitter,60+,Other,UK,Mobile,WiFi,Premium,Text,4.5,8,263,49,83,58462,3193,Medium,10.0
5315,Snapchat,13-18,Other,Germany,Tablet,WiFi,Free,Image,5.2,6,343,27,144,87365,2222,Low,1.9
5316,Reddit,19-25,Male,Japan,Mobile,Mobile Data,Free,Image,4.2,36,797,19,55,3211,4686,Medium,5.3
5317,Facebook,36-45,Female,UAE,Desktop,Mobile Data,Premium,Text,0.5,1,627,126,108,10224,4981,Low,2.5
5318,Instagram,36-45,Other,Australia,Mobile,WiFi,Premium,Mixed,5.7,31,34,116,68,30025,241,Low,7.4
5319,LinkedIn,46-60,Female,Germany,Desktop,Mobile Data,Free,Video,4.7,33,0,96,51,83834,1187,Medium,6.2
5320,Reddit,36-45,Female,Brazil,Desktop,WiFi,Free,Image,3.2,11,571,100,42,11475,2651,High,4.6
5321,Instagram,19-25,Other,Singapore,Desktop,Mobile Data,Premium,Text,1.7,23,773,27,5,8020,433,Low,5.1
5322,Reddit,46-60,Male,USA,Tablet,WiFi,Free,Text,5.0,19,388,57,34,7067,766,High,4.7
5323,Pinterest,19-25,Other,UAE,Tablet,Mobile Data,Premium,Image,2.9,24,696,9,7,65209,2495,High,2.3
5324,Facebook,36-45,Other,Germany,Desktop,Mobile Data,Premium,Video,0.7,38,112,63,14,79447,2600,High,8.6
5325,Facebook,13-18,Male,Canada,Tablet,WiFi,Free,Image,1.3,22,735,190,92,33289,3131,High,7.6
5326,Snapchat,13-18,Female,Japan,Mobile,Mobile Data,Premium,Video,2.4,15,640,119,150,49862,208,High,2.3
5327,Reddit,19-25,Female,Japan,Desktop,WiFi,Free,Text,5.5,3,108,125,11,94581,1312,Medium,3.8
5328,YouTube,26-35,Male,Canada,Mobile,Mobile Data,Premium,Text,5.8,1,769,192,54,86960,4489,Medium,3.0
5329,YouTube,46-60,Male,Singapore,Desktop,Mobile Data,Free,Mixed,2.5,23,399,13,32,70336,2728,High,3.7
5330,Reddit,46-60,Other,UAE,Desktop,Mobile Data,Free,Image,2.8,16,479,178,50,66916,4038,High,3.0
5331,YouTube,60+,Other,Canada,Mobile,WiFi,Free,Mixed,2.5,37,174,152,74,81371,4233,High,8.1
5332,Reddit,46-60,Female,Brazil,Desktop,Mobile Data,Premium,Mixed,2.1,12,521,180,108,97520,4369,High,9.8
5333,Facebook,26-35,Other,India,Mobile,WiFi,Free,Video,3.7,35,27,117,91,53915,3916,High,1.5
5334,YouTube,13-18,Female,India,Mobile,Mobile Data,Premium,Video,5.0,5,271,147,58,94904,2674,Medium,4.8
5335,YouTube,13-18,Other,USA,Tablet,WiFi,Free,Video,4.2,0,413,170,78,22230,1560,Medium,5.2
5336,YouTube,60+,Other,India,Mobile,WiFi,Premium,Text,4.4,6,590,58,33,83183,2020,High,9.9
5337,TikTok,26-35,Female,UAE,Mobile,WiFi,Free,Mixed,0.2,21,466,35,93,62625,2298,Medium,1.3
5338,Snapchat,19-25,Male,Singapore,Mobile,WiFi,Free,Text,2.1,16,380,164,61,66761,2332,Medium,1.5
5339,Reddit,46-60,Female,USA,Desktop,Mobile Data,Premium,Video,2.3,19,696,79,47,32493,3206,High,9.3
5340,Reddit,46-60,Male,UAE,Desktop,WiFi,Premium,Image,5.8,6,738,5,21,97142,1279,Low,6.7
5341,TikTok,19-25,Other,Japan,Tablet,Mobile Data,Premium,Video,3.3,17,319,95,70,21259,616,High,1.3
5342,LinkedIn,19-25,Female,Germany,Desktop,Mobile Data,Premium,Image,1.3,0,282,156,128,78951,1004,High,1.1
5343,TikTok,26-35,Other,USA,Tablet,Mobile Data,Free,Mixed,5.2,37,161,113,101,11932,3390,Low,3.8
5344,Reddit,19-25,Female,Brazil,Tablet,Mobile Data,Premium,Mixed,1.1,25,367,151,54,98151,3948,Low,8.5
5345,TikTok,60+,Other,Japan,Desktop,Mobile Data,Premium,Mixed,1.3,12,182,47,6,48633,2925,Low,1.6
5346,Snapchat,36-45,Other,Canada,Mobile,Mobile Data,Free,Video,5.6,1,93,145,37,27148,573,Medium,8.2
5347,Facebook,60+,Female,Germany,Tablet,Mobile Data,Free,Video,0.5,17,192,105,84,8671,3158,High,4.6
5348,Instagram,26-35,Male,Germany,Mobile,Mobile Data,Premium,Mixed,0.3,3,689,21,132,42933,4037,Low,6.7
5349,YouTube,26-35,Female,Germany,Mobile,WiFi,Free,Video,1.1,22,189,1,8,82742,2863,High,4.6
5350,Reddit,60+,Female,Canada,Tablet,WiFi,Premium,Video,1.4,29,658,26,57,47139,2544,Low,2.7
5351,Twitter,36-45,Female,UK,Tablet,Mobile Data,Premium,Text,3.7,9,302,78,97,88914,1705,Low,4.1
5352,TikTok,60+,Other,Canada,Tablet,WiFi,Free,Image,5.4,20,771,39,146,98840,4849,High,1.7
5353,YouTube,19-25,Male,USA,Desktop,WiFi,Free,Text,4.5,0,620,183,25,14702,4622,Medium,8.4
5354,Pinterest,19-25,Male,UAE,Mobile,WiFi,Free,Image,2.7,9,33,163,3,69201,3710,High,3.4
5355,Twitter,46-60,Male,USA,Tablet,WiFi,Premium,Text,0.4,15,713,64,118,95473,4465,High,2.2
5356,Facebook,36-45,Male,Japan,Tablet,WiFi,Free,Mixed,4.2,30,463,189,108,89927,4218,Low,2.4
5357,Reddit,13-18,Other,UAE,Mobile,WiFi,Free,Video,1.3,8,370,94,124,80448,4328,Low,3.4
5358,Pinterest,26-35,Female,UK,Mobile,Mobile Data,Premium,Image,1.7,38,47,58,11,21095,4572,Low,3.0
5359,YouTube,19-25,Other,UAE,Desktop,WiFi,Premium,Mixed,1.6,22,524,168,53,39529,4303,Medium,0.5
5360,Reddit,46-60,Other,UK,Mobile,Mobile Data,Premium,Image,3.2,23,599,139,94,89382,4848,High,2.2
5361,LinkedIn,19-25,Male,UK,Mobile,WiFi,Premium,Text,0.6,35,636,181,17,38064,1897,Low,6.4
5362,Facebook,46-60,Other,Singapore,Tablet,WiFi,Premium,Text,5.6,26,208,113,114,3178,1205,Medium,2.6
5363,TikTok,36-45,Female,Australia,Mobile,Mobile Data,Free,Image,5.4,30,732,82,91,85950,280,Low,7.2
5364,TikTok,46-60,Male,Germany,Tablet,Mobile Data,Premium,Text,0.6,10,481,37,46,41995,481,Low,4.9
5365,Reddit,46-60,Female,UK,Desktop,Mobile Data,Free,Mixed,1.5,12,152,10,124,54863,2029,Medium,7.7
5366,YouTube,13-18,Male,Japan,Tablet,Mobile Data,Premium,Image,4.5,10,296,110,136,34228,2640,Low,5.6
5367,Twitter,46-60,Female,Australia,Tablet,Mobile Data,Free,Image,5.1,20,354,42,2,82757,4446,Medium,9.0
5368,YouTube,19-25,Female,UK,Tablet,WiFi,Free,Image,5.2,31,729,28,74,38722,1824,Low,5.6
5369,Instagram,26-35,Female,USA,Mobile,Mobile Data,Free,Image,0.8,26,23,162,39,49266,2146,Medium,8.8
5370,TikTok,36-45,Other,UAE,Mobile,WiFi,Premium,Video,0.8,36,264,93,90,19295,4009,High,9.8
5371,TikTok,13-18,Female,Canada,Tablet,Mobile Data,Premium,Text,3.0,10,615,53,125,14794,605,Low,0.6
5372,Facebook,46-60,Female,Japan,Tablet,WiFi,Premium,Text,2.1,28,641,113,94,68734,3076,Medium,1.6
5373,Pinterest,36-45,Female,Australia,Desktop,WiFi,Free,Mixed,2.5,13,249,123,53,28042,433,Medium,8.0
5374,YouTube,60+,Other,UAE,Mobile,WiFi,Premium,Video,2.1,33,363,168,121,23481,358,Low,8.2
5375,LinkedIn,19-25,Male,USA,Tablet,Mobile Data,Free,Text,3.4,22,92,72,17,83628,1921,Low,2.8
5376,Reddit,46-60,Male,UAE,Desktop,WiFi,Premium,Image,2.6,31,480,122,122,21793,1018,High,1.1
5377,Pinterest,36-45,Female,Japan,Desktop,WiFi,Free,Text,3.5,25,486,38,12,31075,4785,Medium,0.6
5378,Pinterest,19-25,Male,Canada,Tablet,WiFi,Premium,Mixed,3.0,24,167,6,120,16944,639,Low,4.9
5379,Pinterest,13-18,Other,Japan,Desktop,Mobile Data,Premium,Mixed,1.1,25,483,74,117,7576,1915,Low,9.4
5380,Instagram,46-60,Male,India,Tablet,WiFi,Free,Mixed,3.4,8,148,14,78,26068,2747,Low,0.8
5381,TikTok,26-35,Other,Japan,Desktop,Mobile Data,Premium,Image,2.2,25,410,79,17,39620,203,Low,1.7
5382,LinkedIn,36-45,Female,India,Desktop,WiFi,Premium,Image,2.9,23,123,165,41,15176,1509,Low,3.8
5383,Pinterest,46-60,Other,Australia,Desktop,Mobile Data,Free,Image,0.5,23,715,19,26,67006,1126,High,5.9
5384,LinkedIn,60+,Male,Germany,Mobile,Mobile Data,Premium,Text,5.5,19,747,13,88,8963,1701,Low,8.0
5385,Snapchat,60+,Male,Japan,Tablet,WiFi,Free,Mixed,2.3,38,392,139,116,71685,2317,Medium,9.2
5386,Pinterest,13-18,Male,Brazil,Mobile,WiFi,Premium,Text,4.1,27,489,80,9,88530,4719,Medium,1.1
5387,Reddit,46-60,Female,India,Desktop,WiFi,Premium,Video,2.9,17,733,180,108,38332,2691,Medium,8.4
5388,YouTube,46-60,Other,Brazil,Mobile,WiFi,Premium,Mixed,4.1,13,204,138,56,93663,1737,High,6.1
5389,Pinterest,60+,Male,India,Mobile,WiFi,Premium,Image,2.6,21,267,139,106,6748,3693,Medium,1.0
5390,Reddit,19-25,Female,UK,Desktop,WiFi,Premium,Mixed,2.6,6,668,35,116,20321,2325,High,3.5
5391,Twitter,60+,Female,Brazil,Tablet,Mobile Data,Free,Mixed,4.0,9,691,136,141,37193,4181,High,1.7
5392,Reddit,46-60,Female,Canada,Mobile,WiFi,Free,Mixed,2.4,4,438,151,144,41433,2909,Medium,7.0
5393,TikTok,19-25,Male,India,Mobile,WiFi,Free,Image,0.7,6,659,182,68,38120,3640,Low,1.5
5394,LinkedIn,36-45,Female,USA,Desktop,Mobile Data,Premium,Image,1.6,1,44,141,108,27906,1837,High,8.3
5395,Facebook,60+,Male,USA,Desktop,Mobile Data,Premium,Text,1.1,26,793,101,96,47124,4390,Low,5.6
5396,Reddit,60+,Male,USA,Desktop,WiFi,Premium,Text,5.6,27,139,176,9,97671,1483,Medium,1.5
5397,Facebook,19-25,Other,Japan,Tablet,Mobile Data,Premium,Text,4.3,2,749,64,150,51233,3518,Low,6.3
5398,YouTube,19-25,Male,India,Desktop,Mobile Data,Premium,Image,0.7,22,160,79,8,29360,4627,Low,8.1
5399,YouTube,46-60,Other,Singapore,Mobile,Mobile Data,Premium,Image,4.0,21,354,116,102,30485,4698,Low,7.0
5400,Instagram,26-35,Female,UAE,Tablet,Mobile Data,Premium,Mixed,3.9,26,727,199,22,20331,1305,Low,8.0
5401,TikTok,13-18,Female,UK,Desktop,Mobile Data,Free,Text,1.3,39,206,125,139,92854,2866,High,3.1
5402,YouTube,26-35,Female,Japan,Mobile,WiFi,Premium,Text,1.5,26,647,17,88,558,3254,Low,1.5
5403,Facebook,60+,Male,Singapore,Mobile,WiFi,Free,Image,3.7,13,155,3,72,125,1191,Medium,4.7
5404,Facebook,13-18,Other,Canada,Desktop,Mobile Data,Premium,Image,5.9,33,263,70,98,68486,4894,Low,6.0
5405,Pinterest,26-35,Other,Singapore,Mobile,WiFi,Free,Mixed,3.1,12,612,126,51,67774,2831,Medium,8.3
5406,TikTok,13-18,Female,Singapore,Mobile,Mobile Data,Free,Mixed,3.6,15,249,200,134,60175,836,Low,1.7
5407,Instagram,36-45,Female,USA,Tablet,WiFi,Premium,Mixed,0.5,1,291,113,34,11170,4302,Low,8.7
5408,Snapchat,60+,Male,Canada,Mobile,WiFi,Free,Text,5.4,13,207,150,103,94470,1250,High,6.8
5409,Reddit,26-35,Male,Australia,Mobile,WiFi,Free,Image,4.8,13,665,56,30,98642,1782,Medium,7.9
5410,Reddit,26-35,Other,Germany,Desktop,WiFi,Free,Mixed,3.7,5,651,86,37,11930,4560,High,1.7
5411,LinkedIn,26-35,Female,Germany,Desktop,WiFi,Free,Image,5.1,29,698,193,49,24323,369,High,2.2
5412,YouTube,46-60,Other,Singapore,Mobile,Mobile Data,Premium,Text,3.7,19,456,123,69,91815,2247,Low,5.2
5413,Facebook,26-35,Male,USA,Mobile,Mobile Data,Free,Video,2.5,33,529,159,110,81784,4259,Medium,5.2
5414,TikTok,46-60,Other,UK,Tablet,WiFi,Premium,Video,1.5,19,115,183,37,41090,573,Low,1.9
5415,Facebook,13-18,Other,Australia,Desktop,Mobile Data,Premium,Image,3.9,29,10,118,118,29325,3450,High,9.3
5416,Twitter,60+,Female,Brazil,Tablet,WiFi,Free,Image,6.0,14,167,66,84,7360,3214,High,0.5
5417,Facebook,19-25,Female,Germany,Tablet,Mobile Data,Premium,Text,1.7,4,711,179,134,489,596,High,1.3
5418,LinkedIn,36-45,Male,Australia,Mobile,WiFi,Premium,Mixed,3.1,7,697,121,27,5803,3439,Low,2.4
5419,YouTube,46-60,Female,Singapore,Mobile,WiFi,Premium,Mixed,3.4,27,446,57,113,12358,2005,Low,7.1
5420,Snapchat,60+,Other,UK,Mobile,Mobile Data,Free,Image,1.0,5,416,34,78,77459,2831,Medium,1.4
5421,LinkedIn,19-25,Other,USA,Tablet,WiFi,Premium,Video,5.9,34,328,174,140,34172,483,Medium,5.2
5422,Twitter,36-45,Male,UK,Desktop,WiFi,Free,Mixed,4.7,29,380,117,112,60512,4317,High,2.8
5423,LinkedIn,60+,Other,India,Mobile,WiFi,Premium,Video,2.2,38,217,54,3,37288,4237,Low,1.6
5424,Twitter,26-35,Female,USA,Tablet,WiFi,Free,Mixed,3.7,3,464,180,29,36227,3606,Low,0.8
5425,Reddit,19-25,Male,Singapore,Desktop,WiFi,Premium,Mixed,3.5,28,218,93,57,54188,2333,High,1.3
5426,Reddit,13-18,Male,Germany,Mobile,WiFi,Premium,Mixed,0.9,15,450,187,145,38914,401,Medium,1.9
5427,Instagram,36-45,Female,UK,Tablet,WiFi,Premium,Image,3.4,38,290,139,90,52964,2443,Low,7.3
5428,Pinterest,26-35,Male,Brazil,Tablet,WiFi,Free,Text,2.8,20,467,114,0,64277,629,Low,6.5
5429,TikTok,13-18,Other,Germany,Mobile,Mobile Data,Free,Image,4.5,13,655,40,87,34108,1184,High,8.0
5430,Twitter,60+,Other,Australia,Tablet,WiFi,Free,Image,0.8,8,328,99,76,9542,1357,Medium,1.5
5431,Instagram,13-18,Female,Japan,Desktop,Mobile Data,Free,Video,0.9,30,639,152,24,54974,2866,Medium,8.0
5432,Pinterest,26-35,Other,India,Desktop,WiFi,Premium,Text,1.4,17,158,38,20,86672,3342,High,6.3
5433,TikTok,36-45,Male,UK,Tablet,WiFi,Premium,Image,2.4,34,4,194,52,20640,2078,Medium,3.7
5434,Instagram,26-35,Male,Brazil,Tablet,WiFi,Premium,Text,5.0,8,55,72,56,5329,1974,Medium,7.8
5435,TikTok,19-25,Male,Brazil,Mobile,Mobile Data,Free,Video,3.6,27,281,128,80,84009,3126,High,1.5
5436,Facebook,36-45,Male,Japan,Desktop,Mobile Data,Premium,Image,5.6,3,709,61,7,94037,51,High,1.3
5437,Twitter,19-25,Male,USA,Mobile,Mobile Data,Free,Video,4.6,9,179,57,105,78005,3542,Medium,6.8
5438,Facebook,36-45,Male,UAE,Tablet,WiFi,Premium,Image,3.5,10,624,144,45,58461,56,Medium,1.6
5439,LinkedIn,26-35,Female,Brazil,Mobile,Mobile Data,Free,Image,5.6,27,108,160,60,21679,3040,Low,5.7
5440,TikTok,13-18,Other,India,Desktop,Mobile Data,Premium,Image,1.3,1,785,81,32,57078,531,Medium,5.8
5441,YouTube,19-25,Other,UK,Tablet,WiFi,Premium,Text,2.9,2,666,169,18,73370,3792,High,2.4
5442,Reddit,26-35,Other,Brazil,Desktop,WiFi,Free,Mixed,4.0,14,126,140,112,49377,3411,High,4.2
5443,LinkedIn,46-60,Female,Australia,Tablet,WiFi,Premium,Video,1.1,10,572,106,73,16993,1667,Low,0.6
5444,Twitter,13-18,Male,India,Desktop,WiFi,Free,Mixed,1.9,25,553,83,20,15887,2136,High,5.1
5445,YouTube,60+,Male,Brazil,Desktop,Mobile Data,Free,Video,5.4,15,35,65,39,42814,1205,Low,1.3
5446,YouTube,13-18,Other,UAE,Desktop,WiFi,Free,Text,4.3,28,630,197,78,71455,278,High,4.3
5447,TikTok,19-25,Female,Germany,Tablet,Mobile Data,Premium,Image,0.6,40,521,54,136,1191,3106,High,10.0
5448,Facebook,13-18,Other,UAE,Mobile,WiFi,Premium,Text,4.3,10,637,199,139,88635,1288,High,2.8
5449,Instagram,26-35,Male,USA,Mobile,WiFi,Free,Image,4.4,22,725,181,142,51387,1083,Low,2.7
5450,Snapchat,13-18,Female,Germany,Tablet,Mobile Data,Premium,Mixed,1.4,12,141,177,29,50660,350,Medium,6.0
5451,LinkedIn,19-25,Male,Singapore,Mobile,WiFi,Premium,Text,1.5,10,298,48,133,77133,2366,Low,5.7
5452,Reddit,60+,Female,Germany,Mobile,Mobile Data,Free,Text,4.5,3,396,32,5,82631,1231,Medium,3.8
5453,Twitter,36-45,Other,UK,Mobile,WiFi,Free,Video,5.7,8,654,130,40,86299,505,Medium,4.5
5454,Instagram,36-45,Other,UK,Mobile,Mobile Data,Free,Text,1.2,3,389,65,47,62224,1188,High,4.8
5455,Snapchat,13-18,Female,Singapore,Mobile,Mobile Data,Free,Video,1.3,33,750,77,145,70883,1190,Medium,9.8
5456,Pinterest,26-35,Other,UK,Mobile,WiFi,Premium,Image,2.9,26,146,197,124,98260,1845,High,7.7
5457,Pinterest,26-35,Female,UAE,Mobile,WiFi,Free,Video,2.3,38,490,3,140,51047,1952,Medium,2.6
5458,Snapchat,36-45,Male,Canada,Mobile,WiFi,Premium,Video,0.5,9,635,95,111,75731,1402,Medium,5.5
5459,Twitter,46-60,Male,UAE,Desktop,Mobile Data,Premium,Text,2.7,35,685,94,46,54107,1869,High,6.9
5460,Pinterest,46-60,Female,UAE,Mobile,Mobile Data,Free,Image,0.3,7,762,21,62,57276,2240,High,7.4
5461,Twitter,46-60,Female,USA,Desktop,WiFi,Premium,Text,3.0,35,191,16,10,40974,1804,Low,6.6
5462,Pinterest,19-25,Female,Australia,Tablet,Mobile Data,Free,Text,0.5,14,647,72,87,48782,4857,High,6.3
5463,LinkedIn,60+,Female,Canada,Mobile,WiFi,Free,Mixed,5.5,30,6,112,13,11478,3136,Low,5.1
5464,Reddit,13-18,Female,USA,Desktop,Mobile Data,Premium,Image,1.0,5,435,195,39,66614,1891,High,3.1
5465,Twitter,13-18,Male,UK,Mobile,WiFi,Free,Image,5.0,6,11,11,75,86493,2300,High,3.5
5466,YouTube,19-25,Other,Germany,Desktop,WiFi,Free,Video,1.2,5,4,124,106,36018,4513,Medium,1.0
5467,Instagram,36-45,Female,UAE,Desktop,Mobile Data,Premium,Text,1.8,30,767,123,79,7204,4612,High,4.7
5468,YouTube,46-60,Other,UAE,Desktop,Mobile Data,Premium,Mixed,0.9,14,106,162,113,66883,4765,Medium,2.2
5469,LinkedIn,19-25,Other,UAE,Tablet,Mobile Data,Free,Image,4.5,11,360,100,36,9021,3307,Medium,1.1
5470,Pinterest,19-25,Female,Australia,Mobile,Mobile Data,Premium,Text,3.9,7,100,94,48,59743,1724,Medium,6.7
5471,Pinterest,36-45,Male,Canada,Tablet,WiFi,Premium,Text,3.6,13,358,78,46,19114,1917,Medium,8.3
5472,Snapchat,46-60,Male,UAE,Tablet,WiFi,Premium,Mixed,3.0,23,683,182,65,45355,814,High,1.0
5473,Twitter,46-60,Female,UAE,Mobile,Mobile Data,Free,Mixed,4.5,16,160,96,14,95437,2672,Medium,2.3
5474,Snapchat,13-18,Other,UAE,Tablet,Mobile Data,Premium,Mixed,3.2,10,586,105,14,30795,4068,High,6.6
5475,Twitter,46-60,Male,Germany,Desktop,WiFi,Free,Mixed,2.9,33,760,118,23,2788,90,High,1.3
5476,YouTube,13-18,Female,Singapore,Mobile,Mobile Data,Premium,Mixed,0.3,35,538,27,108,17330,3808,Medium,4.2
5477,Reddit,26-35,Other,Canada,Mobile,WiFi,Premium,Mixed,4.3,4,120,64,82,78119,1536,Medium,7.3
5478,Twitter,26-35,Other,Singapore,Mobile,Mobile Data,Free,Video,1.0,39,538,95,147,99610,3379,Medium,1.4
5479,Reddit,19-25,Other,UK,Tablet,Mobile Data,Premium,Video,2.3,40,555,151,142,1432,3068,Medium,5.0
5480,Twitter,26-35,Male,Germany,Mobile,Mobile Data,Premium,Image,5.1,29,67,61,0,52336,2369,High,7.9
5481,LinkedIn,26-35,Other,UAE,Tablet,Mobile Data,Premium,Video,1.0,32,314,196,53,81203,526,Medium,8.4
5482,Pinterest,46-60,Other,Germany,Tablet,WiFi,Premium,Text,4.9,7,643,107,142,50389,4156,High,6.0
5483,Facebook,13-18,Other,USA,Desktop,WiFi,Premium,Video,5.4,39,393,77,145,30722,3120,Low,5.3
5484,Pinterest,36-45,Female,Japan,Tablet,WiFi,Premium,Image,1.5,1,13,20,85,51688,2864,Low,9.2
5485,LinkedIn,36-45,Female,Canada,Desktop,Mobile Data,Free,Image,5.2,26,619,77,125,19397,4829,High,6.4
5486,Reddit,26-35,Male,Germany,Tablet,WiFi,Free,Mixed,1.2,27,409,16,103,57297,801,Medium,6.8
5487,TikTok,60+,Male,UK,Mobile,Mobile Data,Premium,Mixed,4.3,35,51,99,14,61693,2984,Low,9.4
5488,Instagram,46-60,Male,UAE,Desktop,WiFi,Free,Image,2.6,11,408,22,118,57019,4222,Medium,1.1
5489,Twitter,46-60,Female,Singapore,Tablet,WiFi,Premium,Text,2.5,5,559,124,78,31413,1018,Low,9.1
5490,Instagram,60+,Other,Australia,Desktop,WiFi,Premium,Video,0.9,32,719,4,143,98615,2122,High,1.4
5491,Reddit,46-60,Other,Japan,Desktop,Mobile Data,Free,Text,2.4,37,221,18,90,48734,902,Medium,2.9
5492,Twitter,19-25,Male,Singapore,Mobile,Mobile Data,Premium,Video,3.3,31,513,120,64,80257,1630,Low,2.7
5493,Instagram,36-45,Female,USA,Desktop,WiFi,Premium,Image,4.6,40,438,166,52,82835,3495,Low,4.1
5494,Facebook,60+,Female,Singapore,Desktop,Mobile Data,Free,Text,0.5,0,351,157,7,71566,1521,Medium,6.4
5495,Reddit,60+,Other,Australia,Mobile,WiFi,Premium,Image,0.3,0,95,23,62,68135,2177,High,5.2
5496,Twitter,46-60,Other,Canada,Tablet,Mobile Data,Free,Text,3.5,3,382,106,26,64166,3783,Medium,5.6
5497,Facebook,19-25,Male,India,Mobile,Mobile Data,Free,Mixed,1.9,10,409,179,86,48268,3597,Low,7.1
5498,Twitter,46-60,Female,UK,Desktop,WiFi,Premium,Image,3.0,34,268,134,26,33472,2650,Medium,1.6
5499,Snapchat,19-25,Female,Australia,Mobile,Mobile Data,Premium,Video,4.4,31,720,135,54,27746,3590,High,5.1
5500,Facebook,19-25,Female,Brazil,Desktop,WiFi,Premium,Video,1.6,32,307,195,138,80777,4514,Low,5.4
5501,TikTok,36-45,Female,Australia,Tablet,WiFi,Premium,Mixed,4.8,34,253,48,56,43848,2933,High,4.8
5502,Snapchat,46-60,Other,USA,Mobile,WiFi,Free,Image,0.4,19,220,19,129,97423,625,High,5.3
5503,Reddit,36-45,Male,Germany,Mobile,Mobile Data,Free,Video,3.5,25,707,97,54,61613,730,Low,8.5
5504,TikTok,36-45,Other,UK,Mobile,WiFi,Premium,Mixed,1.1,6,51,78,58,68225,2918,Medium,8.4
5505,Snapchat,19-25,Other,UK,Desktop,WiFi,Premium,Mixed,0.6,14,592,174,13,17320,784,High,3.5
5506,Facebook,60+,Other,UK,Mobile,Mobile Data,Free,Mixed,0.7,4,301,165,122,50334,578,Low,6.8
5507,TikTok,19-25,Male,Brazil,Desktop,Mobile Data,Free,Image,0.8,2,745,196,116,35019,93,High,3.7
5508,Reddit,60+,Other,Brazil,Mobile,WiFi,Premium,Video,0.6,3,46,23,65,18732,4182,High,0.9
5509,TikTok,19-25,Female,India,Tablet,WiFi,Premium,Image,2.3,8,304,199,14,92734,2855,Medium,4.0
5510,LinkedIn,46-60,Female,USA,Tablet,WiFi,Free,Text,5.6,33,545,92,57,71374,1737,High,9.5
5511,Twitter,60+,Male,Japan,Mobile,Mobile Data,Premium,Image,5.4,4,580,62,88,82386,3403,Medium,9.0
5512,TikTok,36-45,Other,Japan,Tablet,WiFi,Premium,Mixed,5.6,29,338,4,6,87674,2819,High,8.5
5513,LinkedIn,13-18,Female,Singapore,Mobile,WiFi,Free,Text,3.4,30,182,171,104,48024,392,Low,1.9
5514,Facebook,13-18,Other,Singapore,Tablet,Mobile Data,Free,Mixed,3.1,31,270,68,122,33822,422,Low,9.7
5515,Pinterest,36-45,Male,Germany,Mobile,WiFi,Free,Video,0.6,28,171,145,139,46781,1703,High,7.6
5516,TikTok,46-60,Other,India,Mobile,Mobile Data,Free,Text,4.5,1,368,72,8,24766,3476,Low,2.7
5517,Twitter,46-60,Male,Japan,Desktop,Mobile Data,Premium,Video,1.1,19,457,87,35,87042,4161,High,8.7
5518,YouTube,36-45,Other,Japan,Mobile,WiFi,Premium,Mixed,3.3,32,434,122,140,75648,1218,Medium,3.6
5519,TikTok,46-60,Female,UK,Mobile,Mobile Data,Free,Video,3.3,3,375,157,94,77493,391,High,4.3
5520,YouTube,19-25,Other,Germany,Tablet,WiFi,Free,Image,1.3,28,158,36,44,35189,4041,High,0.5
5521,Facebook,13-18,Male,Australia,Desktop,WiFi,Free,Video,3.6,16,43,142,51,38615,3245,Medium,3.7
5522,Pinterest,13-18,Female,UK,Desktop,WiFi,Premium,Video,0.9,2,244,191,18,58277,1800,Low,5.1
5523,Facebook,26-35,Female,UK,Desktop,Mobile Data,Free,Mixed,0.9,34,93,36,61,36813,456,Low,4.5
5524,Instagram,46-60,Male,USA,Desktop,Mobile Data,Premium,Text,2.5,29,29,4,60,34179,3048,High,1.5
5525,TikTok,36-45,Male,Germany,Tablet,WiFi,Premium,Mixed,4.8,39,369,85,3,11188,943,Medium,6.1
5526,Instagram,13-18,Male,UK,Desktop,Mobile Data,Premium,Mixed,5.4,4,101,116,116,13554,3941,High,9.6
5527,LinkedIn,36-45,Male,Australia,Desktop,Mobile Data,Free,Image,3.0,5,763,110,12,48222,697,Medium,8.8
5528,Pinterest,36-45,Female,Singapore,Tablet,WiFi,Premium,Image,5.6,37,627,17,46,7192,3757,High,7.7
5529,LinkedIn,60+,Female,Australia,Tablet,WiFi,Free,Text,4.5,12,145,70,71,68282,2307,High,5.5
5530,Instagram,26-35,Male,Germany,Desktop,WiFi,Premium,Image,4.6,7,124,38,88,78289,1209,Low,7.2
5531,Facebook,46-60,Other,UAE,Desktop,Mobile Data,Premium,Video,3.3,0,544,45,6,31056,1736,High,0.7
5532,Snapchat,19-25,Female,Germany,Tablet,WiFi,Premium,Text,4.9,12,755,200,74,26191,4959,High,1.7
5533,TikTok,19-25,Other,Singapore,Mobile,WiFi,Free,Video,4.3,27,231,108,147,99124,2833,High,3.9
5534,Twitter,36-45,Other,Japan,Tablet,WiFi,Premium,Mixed,5.0,32,324,66,48,15325,2796,Medium,2.8
5535,LinkedIn,36-45,Female,UK,Mobile,Mobile Data,Premium,Video,1.8,28,251,178,96,34312,1826,Low,3.6
5536,LinkedIn,19-25,Other,Australia,Tablet,Mobile Data,Premium,Mixed,1.4,10,390,110,40,2707,132,Medium,2.7
5537,Reddit,13-18,Other,Singapore,Tablet,WiFi,Premium,Video,2.6,3,160,77,129,17713,801,Medium,2.6
5538,Reddit,46-60,Other,Canada,Tablet,WiFi,Free,Mixed,5.9,17,285,54,19,74826,2047,High,8.4
5539,Snapchat,36-45,Female,Australia,Desktop,Mobile Data,Free,Text,5.1,37,363,176,69,81762,644,High,1.7
5540,Reddit,60+,Female,Japan,Desktop,WiFi,Free,Video,3.8,33,403,116,32,71227,3183,Medium,5.0
5541,Reddit,60+,Female,Canada,Desktop,Mobile Data,Free,Text,2.3,34,340,173,109,8494,1660,High,3.4
5542,Facebook,36-45,Male,UAE,Desktop,Mobile Data,Free,Mixed,5.8,19,226,72,63,21259,4807,High,5.3
5543,LinkedIn,46-60,Male,India,Tablet,Mobile Data,Free,Video,3.2,33,350,108,88,3627,2320,Medium,1.6
5544,Twitter,36-45,Female,Australia,Tablet,WiFi,Free,Video,3.0,6,507,148,33,42407,3515,Low,0.6
5545,YouTube,13-18,Male,Canada,Desktop,WiFi,Premium,Image,3.3,37,609,78,52,11085,1865,Low,8.7
5546,Reddit,19-25,Female,Singapore,Mobile,Mobile Data,Premium,Mixed,2.2,9,41,195,91,39592,2929,Low,6.4
5547,Instagram,46-60,Male,India,Mobile,WiFi,Premium,Mixed,4.4,29,295,40,50,16117,3718,Low,5.7
5548,Snapchat,46-60,Male,UAE,Desktop,WiFi,Free,Mixed,4.0,13,183,145,142,90314,2866,Low,2.2
5549,Facebook,19-25,Female,Singapore,Mobile,WiFi,Premium,Video,2.1,9,157,188,150,26072,4218,Medium,7.5
5550,TikTok,36-45,Female,Brazil,Desktop,WiFi,Free,Image,2.0,23,797,74,104,9136,1744,Medium,9.0
5551,Facebook,46-60,Other,UAE,Desktop,Mobile Data,Free,Video,2.4,17,350,192,50,89476,2810,Low,1.5
5552,Reddit,60+,Other,Japan,Mobile,Mobile Data,Premium,Image,4.9,14,384,17,70,93438,651,Low,9.3
5553,TikTok,46-60,Male,Australia,Mobile,WiFi,Free,Video,4.5,7,254,87,52,80800,1689,Medium,1.6
5554,Reddit,19-25,Female,Australia,Desktop,WiFi,Free,Video,1.0,17,99,16,10,54243,306,Medium,3.4
5555,YouTube,13-18,Other,India,Mobile,WiFi,Free,Mixed,0.6,37,767,130,20,69781,2233,High,7.9
5556,Pinterest,46-60,Female,UAE,Tablet,Mobile Data,Premium,Image,4.6,26,243,185,130,92160,2233,Medium,3.2
5557,Instagram,36-45,Other,Canada,Desktop,Mobile Data,Free,Mixed,2.3,39,211,60,60,43587,394,Low,5.0
5558,Reddit,60+,Female,UK,Desktop,Mobile Data,Free,Mixed,2.1,32,661,125,118,1751,2605,High,3.4
5559,Facebook,26-35,Female,USA,Desktop,Mobile Data,Free,Image,5.3,13,466,89,111,58187,4428,Low,8.5
5560,TikTok,19-25,Male,Japan,Desktop,WiFi,Premium,Text,0.5,31,274,10,124,50861,2154,High,9.7
5561,Pinterest,19-25,Female,Japan,Tablet,WiFi,Free,Image,5.7,33,90,159,67,99425,4334,Medium,1.9
5562,TikTok,26-35,Male,Canada,Desktop,WiFi,Premium,Text,0.4,20,62,169,100,94991,2877,Medium,6.7
5563,TikTok,26-35,Female,USA,Tablet,Mobile Data,Premium,Mixed,3.9,14,629,148,79,32507,1315,High,6.6
5564,Snapchat,46-60,Female,Australia,Mobile,WiFi,Free,Video,2.4,22,226,56,37,41551,2509,High,8.0
5565,Facebook,46-60,Male,UAE,Tablet,WiFi,Free,Image,1.2,37,716,157,4,8913,1097,High,7.0
5566,Facebook,60+,Male,Australia,Tablet,Mobile Data,Free,Text,1.5,17,1,132,18,98928,4165,High,9.6
5567,Twitter,19-25,Female,Brazil,Mobile,Mobile Data,Premium,Video,2.5,38,185,22,105,14116,2051,High,3.8
5568,Twitter,19-25,Female,USA,Mobile,WiFi,Premium,Video,4.1,3,136,176,129,97274,1188,Low,9.0
5569,Pinterest,13-18,Other,Brazil,Tablet,WiFi,Free,Mixed,2.7,3,613,21,150,70388,1964,Low,9.7
5570,Pinterest,26-35,Other,India,Desktop,Mobile Data,Premium,Text,0.3,27,497,53,63,75957,2478,Medium,9.8
5571,Pinterest,60+,Other,UAE,Desktop,WiFi,Premium,Image,1.3,37,685,92,72,52693,4860,Medium,5.8
5572,LinkedIn,46-60,Other,Germany,Mobile,WiFi,Free,Mixed,4.3,1,329,8,142,22140,4674,Low,1.2
5573,Reddit,60+,Female,Canada,Mobile,Mobile Data,Free,Video,2.0,9,365,26,4,84196,2419,Medium,1.6
5574,Snapchat,13-18,Other,UAE,Tablet,WiFi,Free,Text,2.6,33,434,53,84,14338,3167,Medium,3.4
5575,YouTube,19-25,Male,Australia,Mobile,Mobile Data,Premium,Text,5.2,9,750,132,51,61845,3540,Low,6.1
5576,Reddit,26-35,Other,USA,Desktop,WiFi,Premium,Mixed,3.8,36,99,14,118,3482,3935,Medium,5.7
5577,Facebook,13-18,Male,Germany,Desktop,WiFi,Free,Image,2.2,26,8,16,33,34542,4738,High,4.0
5578,Facebook,13-18,Other,UK,Desktop,WiFi,Premium,Text,3.2,33,697,54,47,20438,1231,Low,0.8
5579,LinkedIn,46-60,Other,UAE,Desktop,WiFi,Premium,Text,3.2,21,289,149,98,77952,580,High,3.4
5580,Twitter,13-18,Male,UK,Mobile,Mobile Data,Premium,Video,4.9,27,567,38,77,65007,847,Low,1.9
5581,LinkedIn,19-25,Female,Singapore,Tablet,Mobile Data,Free,Image,1.4,25,450,68,1,81092,2087,Medium,2.8
5582,Facebook,36-45,Other,India,Mobile,WiFi,Free,Mixed,2.6,22,609,39,82,80321,3459,High,6.9
5583,Facebook,36-45,Male,Singapore,Mobile,WiFi,Free,Text,0.7,23,296,45,124,65745,3465,Low,9.1
5584,Instagram,13-18,Male,Brazil,Mobile,Mobile Data,Free,Image,2.4,3,750,151,58,66528,4427,High,3.3
5585,YouTube,19-25,Other,Singapore,Desktop,Mobile Data,Free,Image,2.3,3,790,61,107,72478,3492,Medium,2.6
5586,Facebook,19-25,Other,UAE,Tablet,Mobile Data,Premium,Image,5.9,39,298,159,25,74045,2447,High,3.8
5587,YouTube,60+,Other,UK,Tablet,WiFi,Free,Text,0.8,38,337,106,146,37204,3710,Medium,6.1
5588,YouTube,60+,Male,USA,Tablet,Mobile Data,Free,Video,3.2,2,80,65,142,85574,4706,Medium,5.2
5589,Facebook,13-18,Female,India,Mobile,WiFi,Premium,Video,4.8,38,457,68,41,12392,4395,Low,7.9
5590,Instagram,60+,Female,UK,Tablet,WiFi,Free,Mixed,4.2,35,492,144,11,27726,2637,Low,6.7
5591,Facebook,13-18,Female,Australia,Mobile,WiFi,Premium,Image,4.6,17,235,79,12,67361,2999,High,5.3
5592,Facebook,36-45,Male,Singapore,Desktop,Mobile Data,Premium,Text,0.3,15,791,198,131,13896,3834,Medium,9.9
5593,Facebook,19-25,Male,Singapore,Mobile,WiFi,Premium,Mixed,1.0,10,128,142,82,39803,498,Medium,2.6
5594,Pinterest,19-25,Male,UK,Desktop,WiFi,Premium,Video,3.9,31,6,104,23,9698,464,Medium,6.3
5595,Facebook,36-45,Female,India,Desktop,Mobile Data,Free,Text,4.4,0,89,35,17,13116,3850,Low,1.1
5596,Pinterest,19-25,Female,Canada,Tablet,WiFi,Free,Image,1.8,0,344,154,3,55241,4624,Medium,6.8
5597,TikTok,19-25,Other,Brazil,Mobile,WiFi,Premium,Image,3.1,37,111,102,37,81799,486,High,2.8
5598,TikTok,19-25,Female,Germany,Mobile,Mobile Data,Free,Text,4.2,38,424,137,47,42882,2063,Medium,5.2
5599,YouTube,46-60,Other,Australia,Mobile,Mobile Data,Free,Mixed,5.7,12,438,80,51,36463,4637,High,4.2
5600,Pinterest,36-45,Other,Germany,Mobile,WiFi,Free,Video,0.6,5,527,70,137,33708,674,Medium,8.3
5601,Pinterest,46-60,Female,India,Tablet,WiFi,Free,Video,5.3,11,579,93,49,15674,1374,High,5.5
5602,Facebook,26-35,Other,Singapore,Desktop,WiFi,Free,Video,0.6,10,24,78,47,43743,1922,Low,4.7
5603,Twitter,13-18,Female,Germany,Tablet,Mobile Data,Premium,Mixed,5.5,40,126,12,67,42480,4712,Low,6.4
5604,Instagram,13-18,Female,Australia,Tablet,Mobile Data,Free,Video,4.9,35,543,118,97,74592,1492,Medium,0.8
5605,LinkedIn,13-18,Other,India,Desktop,WiFi,Free,Image,3.8,5,321,12,96,49572,465,High,9.9
5606,Facebook,13-18,Male,USA,Tablet,WiFi,Free,Text,4.3,27,641,94,26,85179,4873,High,6.6
5607,Pinterest,60+,Male,Australia,Mobile,Mobile Data,Premium,Image,0.4,29,695,83,148,39368,4156,High,3.6
5608,Reddit,36-45,Male,Singapore,Desktop,Mobile Data,Premium,Text,4.3,40,291,108,68,18890,2863,Medium,1.8
5609,TikTok,13-18,Other,Singapore,Tablet,Mobile Data,Free,Image,0.3,1,33,72,83,7217,2647,Low,3.5
5610,Twitter,26-35,Other,India,Mobile,Mobile Data,Free,Image,1.2,35,16,183,5,80115,4820,Medium,3.5
5611,TikTok,60+,Female,Canada,Desktop,Mobile Data,Free,Mixed,4.7,10,39,92,97,73310,3343,High,8.7
5612,Twitter,13-18,Female,Singapore,Tablet,WiFi,Free,Text,0.9,27,107,158,65,29146,1534,Medium,10.0
5613,Facebook,46-60,Female,India,Tablet,Mobile Data,Free,Mixed,3.9,28,170,169,34,32417,4391,High,0.6
5614,Facebook,36-45,Other,Singapore,Mobile,WiFi,Premium,Image,2.3,21,657,181,63,20264,3859,Medium,8.5
5615,YouTube,26-35,Other,India,Tablet,Mobile Data,Premium,Text,1.1,9,683,124,52,13350,4641,Low,7.1
5616,Facebook,36-45,Other,Canada,Desktop,Mobile Data,Premium,Image,5.7,9,673,62,131,29931,3437,Low,7.2
5617,Snapchat,46-60,Other,UAE,Tablet,Mobile Data,Free,Mixed,4.8,1,132,193,93,32831,353,Low,6.6
5618,TikTok,26-35,Female,Japan,Desktop,WiFi,Free,Mixed,2.3,6,533,159,101,13566,4037,Low,8.5
5619,Twitter,26-35,Male,UK,Desktop,Mobile Data,Premium,Text,3.2,25,280,87,47,9628,1304,Medium,8.6
5620,Twitter,36-45,Male,Brazil,Desktop,WiFi,Free,Text,2.5,25,794,198,38,74341,1393,Low,7.6
5621,Pinterest,60+,Other,India,Tablet,WiFi,Free,Image,2.5,10,758,66,105,63897,2855,Medium,1.5
5622,Facebook,36-45,Other,India,Tablet,WiFi,Free,Mixed,1.7,30,402,101,79,15109,4408,Low,0.9
5623,Facebook,26-35,Male,India,Mobile,WiFi,Free,Mixed,2.7,12,175,186,146,47560,4135,High,7.4
5624,Facebook,60+,Male,Japan,Desktop,WiFi,Premium,Video,3.0,40,565,86,44,45156,1870,Low,4.2
5625,Pinterest,46-60,Other,USA,Mobile,WiFi,Premium,Text,0.5,12,248,157,23,59167,4660,High,9.3
5626,TikTok,26-35,Other,Australia,Mobile,Mobile Data,Free,Text,1.9,31,145,105,14,77229,3061,Medium,3.8
5627,Twitter,26-35,Other,USA,Mobile,WiFi,Premium,Image,2.4,40,126,130,109,70465,2083,Medium,6.3
5628,YouTube,13-18,Female,Japan,Desktop,Mobile Data,Premium,Text,2.4,23,31,142,73,80980,4583,Medium,9.8
5629,Twitter,46-60,Other,Australia,Mobile,Mobile Data,Free,Text,5.9,9,254,162,76,38416,4857,Low,5.2
5630,Facebook,36-45,Male,Singapore,Mobile,WiFi,Premium,Image,3.3,39,392,116,25,45902,1730,Medium,5.3
5631,Reddit,60+,Male,Singapore,Mobile,Mobile Data,Premium,Video,5.0,11,458,74,135,48995,674,Low,6.2
5632,TikTok,46-60,Female,Brazil,Tablet,Mobile Data,Free,Image,3.3,11,326,98,74,66145,2114,Low,4.5
5633,Reddit,19-25,Female,Brazil,Mobile,WiFi,Premium,Mixed,2.4,14,568,110,110,72115,53,High,7.7
5634,Twitter,13-18,Other,Germany,Desktop,WiFi,Free,Video,3.7,0,782,46,4,96936,656,High,3.8
5635,Instagram,26-35,Other,Japan,Tablet,WiFi,Free,Text,1.5,14,29,82,149,94070,931,High,1.9
5636,Facebook,60+,Female,Brazil,Tablet,Mobile Data,Free,Image,2.3,18,96,67,106,2972,4169,Medium,5.4
5637,Facebook,13-18,Female,Canada,Tablet,WiFi,Free,Image,5.1,14,17,16,25,49037,3644,High,5.8
5638,Instagram,19-25,Male,Australia,Desktop,WiFi,Free,Mixed,5.9,23,631,90,12,69129,2120,Medium,5.3
5639,Pinterest,19-25,Other,Brazil,Desktop,WiFi,Premium,Image,4.3,37,557,155,48,31516,4061,Medium,5.8
5640,Instagram,36-45,Other,Canada,Desktop,WiFi,Free,Mixed,4.6,37,383,139,48,14322,1975,Low,0.5
5641,LinkedIn,13-18,Male,USA,Desktop,WiFi,Free,Mixed,1.4,8,198,152,38,32312,242,Low,9.0
5642,Reddit,19-25,Female,Germany,Mobile,WiFi,Premium,Text,0.7,23,588,40,141,43528,1670,High,1.2
5643,Facebook,26-35,Female,Singapore,Mobile,WiFi,Premium,Image,6.0,15,246,70,122,13032,2603,Medium,3.1
5644,LinkedIn,26-35,Other,Singapore,Desktop,WiFi,Premium,Image,5.6,33,141,17,149,34049,2001,Low,7.0
5645,LinkedIn,26-35,Male,Japan,Tablet,WiFi,Premium,Video,3.1,11,639,34,147,91274,2581,Low,4.5
5646,Facebook,19-25,Female,Australia,Desktop,Mobile Data,Premium,Image,2.1,38,388,30,53,66003,4575,Low,2.9
5647,Facebook,36-45,Male,USA,Mobile,Mobile Data,Premium,Image,3.1,8,161,80,41,13864,1363,High,9.0
5648,Pinterest,19-25,Male,Australia,Tablet,Mobile Data,Premium,Image,5.4,7,400,79,105,65215,4667,Medium,3.8
5649,Twitter,36-45,Other,USA,Mobile,WiFi,Premium,Video,5.3,33,271,113,92,24208,4838,Medium,8.0
5650,Snapchat,26-35,Male,Brazil,Desktop,WiFi,Premium,Video,2.2,39,800,4,142,42452,4132,Medium,6.3
5651,Instagram,19-25,Male,Brazil,Tablet,Mobile Data,Free,Text,0.9,24,490,66,24,67952,1485,High,5.0
5652,YouTube,46-60,Male,UAE,Mobile,Mobile Data,Premium,Mixed,0.4,22,663,181,20,69345,3753,Low,7.8
5653,Pinterest,46-60,Female,Singapore,Mobile,WiFi,Premium,Text,2.5,32,695,95,62,48283,2292,Low,4.8
5654,Reddit,26-35,Female,Australia,Tablet,Mobile Data,Premium,Text,4.1,21,97,82,89,30480,3256,High,6.4
5655,Reddit,19-25,Other,Japan,Tablet,Mobile Data,Premium,Video,2.3,4,685,23,102,49340,3389,Medium,6.7
5656,Pinterest,46-60,Other,USA,Desktop,WiFi,Premium,Text,3.8,10,431,89,12,83616,205,Medium,8.8
5657,Pinterest,60+,Other,Germany,Mobile,WiFi,Premium,Text,2.8,34,246,64,53,51206,792,Low,2.9
5658,YouTube,26-35,Female,Germany,Desktop,WiFi,Free,Video,1.8,39,229,66,120,22164,4659,Low,9.1
5659,Pinterest,36-45,Male,UAE,Tablet,Mobile Data,Premium,Mixed,3.3,23,333,172,41,80427,1460,Medium,3.8
5660,YouTube,13-18,Female,UAE,Tablet,Mobile Data,Free,Text,4.3,23,355,66,38,64783,2172,Medium,6.2
5661,Reddit,36-45,Male,Australia,Desktop,Mobile Data,Premium,Mixed,5.1,40,478,153,117,92869,2332,High,7.2
5662,Reddit,26-35,Female,Canada,Mobile,Mobile Data,Premium,Image,2.5,4,90,71,50,74225,2347,Medium,7.6
5663,TikTok,26-35,Other,India,Desktop,WiFi,Premium,Image,3.5,25,711,13,61,48439,3563,Medium,4.2
5664,TikTok,19-25,Female,Germany,Desktop,Mobile Data,Premium,Mixed,5.4,12,654,46,97,38637,2927,High,9.8
5665,Reddit,36-45,Other,Germany,Desktop,Mobile Data,Free,Text,4.8,21,127,48,4,6081,3009,Low,5.7
5666,Snapchat,46-60,Male,Germany,Tablet,WiFi,Free,Mixed,0.5,3,209,150,65,66287,720,Low,2.2
5667,Snapchat,60+,Female,Germany,Tablet,Mobile Data,Premium,Text,4.1,25,612,178,8,8031,2562,Low,8.5
5668,Twitter,26-35,Male,USA,Tablet,WiFi,Premium,Image,5.7,39,122,153,63,14179,4011,Low,9.3
5669,Pinterest,60+,Male,Japan,Mobile,WiFi,Free,Text,2.2,26,298,138,80,48992,3259,Medium,7.0
5670,Twitter,46-60,Other,India,Mobile,Mobile Data,Premium,Image,4.6,29,218,125,63,83607,1967,Medium,8.9
5671,LinkedIn,36-45,Male,UK,Mobile,WiFi,Free,Image,3.0,6,135,94,86,89715,2273,High,8.9
5672,Facebook,60+,Female,Japan,Desktop,WiFi,Premium,Text,3.0,3,14,159,139,19270,644,Low,3.3
5673,TikTok,19-25,Female,Brazil,Tablet,WiFi,Premium,Video,4.1,12,600,87,137,52439,226,Medium,3.5
5674,Facebook,19-25,Male,India,Desktop,WiFi,Premium,Video,4.1,33,265,123,56,77654,3998,Medium,2.0
5675,Instagram,19-25,Other,Germany,Desktop,WiFi,Premium,Image,1.3,35,72,95,55,76048,3601,High,3.8
5676,Facebook,26-35,Male,UAE,Desktop,Mobile Data,Free,Video,2.1,14,622,169,107,96975,375,Low,8.3
5677,Twitter,60+,Male,Canada,Mobile,Mobile Data,Free,Mixed,1.3,28,773,162,45,73501,3431,Low,9.3
5678,TikTok,13-18,Male,Australia,Mobile,WiFi,Free,Video,5.1,32,303,198,66,40639,474,Medium,4.0
5679,Facebook,36-45,Female,UK,Mobile,WiFi,Premium,Image,5.7,12,628,47,88,28628,2890,High,7.4
5680,TikTok,36-45,Male,Singapore,Tablet,Mobile Data,Free,Text,1.0,0,563,7,39,67335,2101,Medium,4.4
5681,LinkedIn,36-45,Male,Singapore,Mobile,WiFi,Free,Image,4.9,12,779,37,72,81828,2682,Low,1.6
5682,Snapchat,19-25,Male,India,Tablet,Mobile Data,Premium,Text,3.5,1,729,195,149,59642,3888,High,6.2
5683,Twitter,36-45,Female,UK,Tablet,WiFi,Free,Mixed,4.2,11,36,126,98,39387,1313,Medium,3.3
5684,Pinterest,19-25,Other,Brazil,Desktop,WiFi,Premium,Image,1.9,29,674,134,57,26077,1666,Low,9.3
5685,TikTok,19-25,Female,Australia,Desktop,Mobile Data,Free,Video,0.9,27,38,104,74,92281,4713,Medium,2.6
5686,Twitter,13-18,Male,Brazil,Mobile,Mobile Data,Premium,Video,1.9,0,57,129,105,75858,126,Low,5.2
5687,YouTube,36-45,Other,Germany,Tablet,WiFi,Premium,Video,0.8,22,551,30,125,91352,4221,High,8.4
5688,Twitter,13-18,Female,Australia,Mobile,WiFi,Premium,Mixed,2.8,20,250,179,6,64162,4216,Low,3.0
5689,Pinterest,46-60,Male,UAE,Tablet,Mobile Data,Premium,Mixed,5.3,12,517,108,95,19569,2457,High,8.5
5690,YouTube,13-18,Male,Germany,Tablet,WiFi,Free,Video,3.1,40,421,13,26,96386,1147,Medium,9.6
5691,YouTube,36-45,Other,India,Tablet,WiFi,Free,Mixed,4.4,38,527,194,84,51767,1508,Low,3.8
5692,Twitter,26-35,Female,Brazil,Tablet,WiFi,Free,Mixed,2.6,34,314,39,69,51879,3144,High,6.0
5693,Reddit,26-35,Other,Japan,Desktop,WiFi,Premium,Image,3.2,22,742,152,133,46838,658,Low,1.8
5694,TikTok,60+,Other,Australia,Tablet,Mobile Data,Free,Video,0.8,33,87,157,93,11847,347,Medium,6.4
5695,Reddit,19-25,Female,India,Mobile,Mobile Data,Premium,Text,0.4,16,647,11,126,84367,3399,Low,0.6
5696,Reddit,36-45,Other,India,Desktop,Mobile Data,Free,Mixed,4.5,29,576,53,45,18382,202,Low,3.1
5697,Instagram,60+,Other,Japan,Desktop,WiFi,Premium,Video,3.6,12,731,45,12,43563,479,Low,2.2
5698,YouTube,46-60,Male,Canada,Mobile,WiFi,Premium,Image,2.0,38,3,130,29,74483,4115,Low,7.0
5699,Pinterest,60+,Female,UK,Tablet,Mobile Data,Premium,Image,4.7,36,734,4,74,97590,1011,High,8.2
5700,TikTok,60+,Female,UAE,Tablet,WiFi,Premium,Mixed,5.7,0,339,84,1,26578,3779,High,4.7
5701,YouTube,36-45,Other,Japan,Desktop,WiFi,Free,Image,4.5,5,396,33,127,51826,3607,Low,5.2
5702,Snapchat,36-45,Other,Brazil,Mobile,WiFi,Premium,Mixed,5.9,36,748,65,5,54652,3795,Medium,2.1
5703,Facebook,26-35,Other,UAE,Mobile,WiFi,Premium,Text,4.3,34,361,145,133,12060,4448,Low,0.8
5704,Instagram,19-25,Female,UAE,Mobile,Mobile Data,Free,Mixed,5.5,8,750,90,100,57936,4033,Medium,2.5
5705,Instagram,46-60,Male,Canada,Tablet,WiFi,Premium,Video,2.4,9,441,188,67,45562,4536,Medium,5.8
5706,LinkedIn,60+,Other,Japan,Mobile,Mobile Data,Premium,Image,0.3,35,638,125,64,45144,2682,Low,2.1
5707,TikTok,26-35,Other,USA,Tablet,Mobile Data,Free,Text,3.7,15,611,84,61,65290,3692,Low,3.6
5708,YouTube,19-25,Other,Canada,Mobile,WiFi,Premium,Image,0.4,38,423,84,97,4552,2732,Low,5.1
5709,TikTok,19-25,Male,Canada,Mobile,Mobile Data,Free,Video,4.4,40,634,170,22,95637,4686,Low,1.1
5710,TikTok,36-45,Male,UAE,Desktop,WiFi,Free,Image,1.9,16,687,117,96,64346,2888,Low,3.6
5711,Facebook,46-60,Male,Japan,Desktop,Mobile Data,Free,Image,3.0,13,282,174,50,40897,3584,Low,9.7
5712,YouTube,13-18,Other,Singapore,Tablet,WiFi,Free,Text,5.6,16,53,77,100,82928,1876,High,8.6
5713,Pinterest,26-35,Female,Brazil,Desktop,WiFi,Free,Image,0.8,27,155,72,84,57778,915,Medium,3.1
5714,YouTube,46-60,Female,Canada,Tablet,Mobile Data,Premium,Mixed,5.8,23,322,187,63,61080,482,High,3.7
5715,Snapchat,60+,Other,USA,Tablet,Mobile Data,Free,Video,3.0,0,748,59,65,50660,2905,High,0.6
5716,Reddit,46-60,Other,Singapore,Desktop,WiFi,Premium,Image,3.5,39,295,75,126,86900,515,Low,8.0
5717,Pinterest,26-35,Male,Brazil,Tablet,Mobile Data,Free,Video,5.7,1,53,30,143,84597,3246,Medium,4.5
5718,TikTok,26-35,Male,Singapore,Mobile,Mobile Data,Free,Image,0.9,21,661,150,1,50941,1831,High,9.7
5719,Twitter,60+,Other,USA,Tablet,WiFi,Premium,Mixed,4.2,1,7,154,58,51517,2132,Low,2.6
5720,Instagram,26-35,Female,Brazil,Tablet,Mobile Data,Free,Mixed,1.9,29,342,50,89,9778,655,Low,4.0
5721,Pinterest,26-35,Male,Australia,Mobile,Mobile Data,Free,Mixed,2.8,12,15,8,72,96023,2394,Medium,7.5
5722,YouTube,60+,Other,UAE,Mobile,Mobile Data,Premium,Video,1.6,1,94,43,82,78531,3911,High,2.6
5723,Reddit,26-35,Female,India,Desktop,Mobile Data,Free,Mixed,4.5,38,210,96,22,72285,2238,High,2.5
5724,YouTube,60+,Other,Brazil,Tablet,WiFi,Free,Image,4.3,15,752,189,0,33822,2569,High,6.2
5725,Reddit,13-18,Other,Australia,Mobile,WiFi,Premium,Image,5.4,17,531,11,75,25193,3819,High,7.5
5726,Snapchat,46-60,Male,Canada,Mobile,Mobile Data,Premium,Text,4.2,15,217,106,101,44080,2496,High,2.1
5727,Snapchat,46-60,Other,Australia,Tablet,WiFi,Free,Image,0.4,4,137,148,120,17775,101,Medium,5.1
5728,Snapchat,19-25,Male,Japan,Desktop,WiFi,Free,Mixed,3.1,11,145,37,16,29130,1427,Low,4.9
5729,YouTube,13-18,Female,Canada,Mobile,Mobile Data,Premium,Text,1.7,39,101,140,66,45312,1869,Medium,5.4
5730,Pinterest,36-45,Male,India,Desktop,WiFi,Premium,Mixed,3.7,40,374,160,143,44985,2472,Medium,3.4
5731,Pinterest,60+,Other,Canada,Desktop,WiFi,Premium,Text,3.7,26,104,184,117,99776,2965,Medium,9.1
5732,Pinterest,13-18,Other,India,Desktop,WiFi,Free,Image,4.3,8,272,25,143,54810,2440,High,0.8
5733,TikTok,19-25,Male,Japan,Tablet,WiFi,Free,Mixed,5.7,17,357,58,97,24421,3177,Medium,0.6
5734,TikTok,19-25,Female,Australia,Tablet,WiFi,Free,Video,0.9,11,706,131,136,23916,3250,Low,5.6
5735,LinkedIn,60+,Female,Singapore,Mobile,WiFi,Free,Video,2.7,12,216,89,20,37078,710,Medium,9.3
5736,Pinterest,46-60,Female,Japan,Tablet,WiFi,Free,Video,2.3,15,272,34,145,69346,1475,Low,9.2
5737,Reddit,36-45,Other,Japan,Desktop,WiFi,Free,Text,5.2,14,319,166,135,80207,4278,Medium,5.1
5738,Twitter,26-35,Other,USA,Mobile,WiFi,Free,Image,1.0,19,363,165,119,57493,3988,High,6.8
5739,Reddit,36-45,Female,Singapore,Mobile,Mobile Data,Premium,Mixed,1.5,24,363,155,56,46403,4207,High,9.7
5740,Facebook,13-18,Male,Canada,Mobile,WiFi,Free,Image,4.3,18,0,197,7,26799,4353,Low,1.3
5741,LinkedIn,19-25,Female,India,Tablet,Mobile Data,Premium,Mixed,2.1,9,468,41,41,44823,62,Medium,9.9
5742,TikTok,26-35,Female,Brazil,Mobile,Mobile Data,Premium,Mixed,4.2,14,62,141,55,68813,4082,Medium,4.2
5743,Twitter,26-35,Other,Germany,Desktop,WiFi,Premium,Video,5.6,1,686,153,1,43521,4065,Medium,9.0
5744,LinkedIn,36-45,Male,UAE,Desktop,Mobile Data,Premium,Text,2.0,25,249,47,100,61193,4596,Medium,9.9
5745,Snapchat,26-35,Other,Germany,Desktop,WiFi,Free,Text,2.1,22,347,36,114,89205,2024,High,8.6
5746,Snapchat,60+,Female,USA,Desktop,Mobile Data,Free,Image,5.3,18,555,84,140,36779,4904,Low,6.8
5747,Instagram,60+,Other,India,Desktop,WiFi,Premium,Video,2.8,8,173,115,107,19380,1912,Low,7.5
5748,Pinterest,26-35,Male,Singapore,Mobile,WiFi,Free,Video,4.4,38,543,113,68,69785,3489,Low,5.0
5749,Snapchat,13-18,Other,Canada,Tablet,WiFi,Premium,Mixed,4.0,14,653,1,93,88177,4505,Low,2.5
5750,Pinterest,46-60,Female,India,Tablet,Mobile Data,Premium,Image,0.3,6,721,59,119,31014,2157,Low,7.1
5751,Snapchat,26-35,Male,India,Desktop,Mobile Data,Free,Video,1.9,17,240,143,75,2611,802,High,9.4
5752,Reddit,19-25,Other,Japan,Desktop,Mobile Data,Premium,Text,3.3,0,491,7,35,47708,4759,Low,3.0
5753,LinkedIn,36-45,Other,Singapore,Mobile,Mobile Data,Free,Video,0.7,16,344,192,77,77144,1562,High,6.9
5754,TikTok,36-45,Female,Australia,Mobile,WiFi,Premium,Image,5.1,31,675,66,18,38346,1964,Medium,3.4
5755,Reddit,19-25,Female,Australia,Tablet,WiFi,Premium,Video,4.6,13,679,135,137,22013,166,Low,9.8
5756,YouTube,60+,Other,Canada,Tablet,Mobile Data,Free,Image,5.1,9,203,94,80,48330,3910,Low,7.4
5757,Twitter,26-35,Female,UAE,Mobile,WiFi,Premium,Text,2.1,34,639,169,41,63857,3457,Low,5.1
5758,Instagram,26-35,Other,Singapore,Tablet,Mobile Data,Free,Text,3.6,33,598,171,2,48530,3216,Low,3.4
5759,Facebook,26-35,Female,Brazil,Mobile,WiFi,Free,Text,3.0,27,754,11,106,54261,1131,High,1.7
5760,Instagram,13-18,Other,Singapore,Tablet,Mobile Data,Free,Image,4.8,10,793,135,31,31320,1786,Medium,8.6
5761,Snapchat,46-60,Male,UAE,Mobile,Mobile Data,Premium,Image,5.2,10,47,3,49,62683,3726,Low,7.3
5762,Pinterest,46-60,Female,UK,Tablet,Mobile Data,Free,Video,2.3,23,169,44,27,90047,2479,Low,5.8
5763,Reddit,26-35,Other,Japan,Tablet,WiFi,Free,Text,5.0,27,763,154,85,4215,4275,Medium,9.6
5764,Reddit,13-18,Other,UAE,Tablet,Mobile Data,Free,Mixed,4.2,23,229,81,118,57581,1887,High,5.1
5765,Reddit,36-45,Other,Australia,Tablet,WiFi,Free,Text,4.1,33,4,106,134,63932,3809,High,6.9
5766,TikTok,60+,Other,India,Desktop,WiFi,Free,Video,0.2,32,778,84,146,40256,2288,Medium,5.3
5767,TikTok,26-35,Female,Germany,Mobile,Mobile Data,Premium,Image,2.4,10,496,54,110,5886,1811,Medium,1.1
5768,LinkedIn,60+,Other,USA,Desktop,Mobile Data,Free,Text,4.4,30,370,26,141,47019,1521,Low,7.5
5769,Pinterest,36-45,Other,India,Mobile,Mobile Data,Premium,Text,4.5,11,140,35,114,86192,3016,Low,6.8
5770,LinkedIn,19-25,Male,Australia,Tablet,WiFi,Free,Text,1.5,33,27,51,29,36875,1811,Medium,9.4
5771,Reddit,46-60,Male,UK,Tablet,Mobile Data,Free,Text,5.4,15,269,138,24,97410,2935,Low,7.1
5772,Facebook,36-45,Male,Canada,Desktop,WiFi,Premium,Image,0.8,17,27,5,37,13940,1957,Low,5.9
5773,YouTube,60+,Male,India,Mobile,WiFi,Free,Text,5.4,25,746,185,13,20789,4865,High,7.2
5774,Facebook,60+,Other,UK,Mobile,Mobile Data,Free,Video,1.1,24,474,73,118,92271,797,Low,2.2
5775,Pinterest,13-18,Other,Germany,Tablet,Mobile Data,Free,Text,4.8,39,331,50,132,96687,4958,Medium,0.8
5776,TikTok,36-45,Male,Japan,Tablet,WiFi,Free,Mixed,5.7,27,648,96,121,62606,2688,Low,6.7
5777,Facebook,46-60,Female,India,Desktop,Mobile Data,Free,Video,1.4,37,532,57,64,80391,172,High,5.8
5778,YouTube,46-60,Male,USA,Tablet,WiFi,Free,Video,3.4,0,464,152,138,95549,2129,Medium,7.9
5779,Instagram,19-25,Female,USA,Desktop,WiFi,Premium,Text,5.3,25,318,38,147,94012,500,Low,8.5
5780,Facebook,36-45,Female,Singapore,Mobile,Mobile Data,Free,Image,2.4,17,603,162,150,7432,3033,High,7.2
5781,TikTok,13-18,Female,Germany,Tablet,WiFi,Free,Text,2.5,34,226,168,44,410,2202,Low,4.6
5782,Snapchat,46-60,Female,UK,Desktop,Mobile Data,Premium,Text,1.2,18,116,18,73,91098,3205,High,5.0
5783,Instagram,60+,Male,Japan,Mobile,Mobile Data,Premium,Text,5.7,37,735,185,112,97567,3678,Medium,1.0
5784,TikTok,36-45,Female,Canada,Tablet,Mobile Data,Premium,Text,5.6,15,260,177,65,60675,1967,Medium,0.7
5785,Facebook,13-18,Female,Japan,Desktop,WiFi,Free,Mixed,5.5,16,718,20,96,57557,2429,High,0.6
5786,Snapchat,13-18,Other,Japan,Mobile,WiFi,Free,Mixed,3.2,40,190,194,77,99177,2507,Medium,2.0
5787,Reddit,36-45,Male,Brazil,Tablet,WiFi,Free,Mixed,0.5,11,276,106,7,19133,496,Medium,4.7
5788,Instagram,26-35,Other,UK,Desktop,Mobile Data,Free,Video,2.5,29,474,107,57,55792,3392,Low,5.2
5789,YouTube,46-60,Male,USA,Desktop,WiFi,Premium,Video,1.8,3,574,92,87,44003,1772,Low,5.8
5790,TikTok,36-45,Male,USA,Desktop,WiFi,Premium,Mixed,2.0,39,701,105,33,53157,1557,Medium,5.6
5791,Snapchat,26-35,Male,Brazil,Mobile,WiFi,Premium,Video,2.4,22,717,20,130,14656,876,Medium,0.9
5792,Instagram,36-45,Male,Brazil,Desktop,WiFi,Premium,Video,2.4,37,434,23,138,43964,2837,Medium,4.9
5793,Pinterest,19-25,Male,UAE,Tablet,Mobile Data,Free,Mixed,2.5,15,283,101,36,59856,959,High,1.3
5794,YouTube,26-35,Male,UAE,Desktop,Mobile Data,Premium,Text,1.7,5,96,90,48,23918,362,High,3.2
5795,Pinterest,26-35,Other,India,Tablet,WiFi,Free,Image,5.5,12,119,162,83,9282,3150,Low,4.9
5796,Instagram,19-25,Male,Japan,Desktop,WiFi,Premium,Image,4.8,18,423,128,137,51002,3293,Low,0.8
5797,Instagram,36-45,Male,USA,Desktop,WiFi,Free,Image,3.5,32,439,48,48,70341,4950,Low,3.2
5798,Reddit,60+,Other,UK,Mobile,WiFi,Free,Video,4.1,15,348,147,138,21066,4130,Medium,1.0
5799,YouTube,36-45,Female,Germany,Tablet,Mobile Data,Premium,Mixed,0.3,16,606,148,34,76433,3044,High,1.2
5800,Reddit,36-45,Female,Singapore,Tablet,WiFi,Free,Image,3.8,16,476,122,21,65957,3298,Medium,2.2
5801,Instagram,60+,Male,India,Tablet,WiFi,Premium,Video,2.4,5,753,88,14,27036,2124,Low,8.5
5802,YouTube,60+,Other,UK,Desktop,WiFi,Free,Image,4.1,31,226,116,32,50240,4623,Low,0.8
5803,Instagram,46-60,Other,Singapore,Mobile,Mobile Data,Free,Mixed,4.5,0,147,101,136,58018,1325,High,8.9
5804,Reddit,36-45,Male,Japan,Mobile,Mobile Data,Free,Video,2.0,10,156,60,120,21067,4263,High,8.5
5805,Reddit,46-60,Male,Singapore,Desktop,WiFi,Premium,Image,2.0,22,558,115,7,62391,2113,Low,8.3
5806,Facebook,13-18,Other,Canada,Mobile,Mobile Data,Premium,Text,1.6,11,482,160,28,22806,503,Low,8.0
5807,LinkedIn,60+,Male,USA,Desktop,Mobile Data,Premium,Image,2.0,13,318,189,101,72088,713,Medium,9.5
5808,Pinterest,36-45,Male,Australia,Tablet,Mobile Data,Premium,Image,0.6,26,24,108,106,39838,1610,Medium,3.8
5809,Twitter,60+,Female,Singapore,Desktop,WiFi,Free,Image,5.0,6,362,99,61,37047,3861,High,2.4
5810,Reddit,26-35,Female,UAE,Desktop,WiFi,Free,Text,2.6,0,626,73,31,51939,2409,Medium,0.7
5811,TikTok,19-25,Other,Singapore,Tablet,Mobile Data,Free,Image,1.9,11,765,89,74,73485,1876,High,2.8
5812,Reddit,26-35,Male,Germany,Tablet,WiFi,Free,Mixed,0.8,5,620,187,137,54628,3184,Low,4.8
5813,Snapchat,26-35,Male,Canada,Mobile,WiFi,Premium,Mixed,2.7,19,655,177,110,19606,4291,High,8.7
5814,Snapchat,60+,Male,Canada,Desktop,WiFi,Premium,Image,1.6,40,347,92,81,2128,4847,High,3.0
5815,Snapchat,46-60,Female,UK,Mobile,WiFi,Free,Image,1.4,13,455,184,6,73726,375,Low,7.2
5816,Reddit,13-18,Female,India,Desktop,Mobile Data,Free,Mixed,3.6,25,611,66,89,56597,4746,Medium,1.3
5817,Instagram,26-35,Other,Germany,Mobile,Mobile Data,Premium,Image,4.5,3,14,161,59,25135,3480,High,8.5
5818,Instagram,13-18,Male,Canada,Desktop,WiFi,Free,Mixed,2.0,25,221,140,86,38819,1685,High,7.2
5819,Instagram,36-45,Female,Canada,Desktop,Mobile Data,Free,Video,5.8,25,256,119,104,34798,613,High,2.0
5820,TikTok,19-25,Other,Australia,Tablet,WiFi,Premium,Mixed,0.4,40,648,61,91,72428,1284,Low,1.9
5821,TikTok,36-45,Other,Australia,Tablet,WiFi,Free,Text,2.8,33,155,21,125,36396,1585,High,5.7
5822,Facebook,60+,Other,UK,Mobile,WiFi,Free,Mixed,2.2,36,713,48,17,5687,3996,Low,3.3
5823,Snapchat,26-35,Female,Japan,Tablet,WiFi,Premium,Image,3.0,1,265,22,146,79702,3941,Medium,6.2
5824,TikTok,36-45,Other,USA,Tablet,Mobile Data,Premium,Image,1.4,15,285,163,35,55375,3966,Medium,5.5
5825,YouTube,60+,Female,Brazil,Tablet,Mobile Data,Free,Mixed,1.4,19,19,129,36,47056,183,Medium,6.8
5826,Reddit,26-35,Female,India,Desktop,Mobile Data,Premium,Mixed,1.2,3,200,161,116,71643,3927,Low,8.9
5827,Facebook,19-25,Male,Germany,Mobile,WiFi,Free,Text,1.4,28,641,63,59,95772,3944,Medium,7.8
5828,Snapchat,13-18,Female,USA,Tablet,Mobile Data,Free,Video,5.1,25,469,121,147,789,2485,Low,5.0
5829,Reddit,19-25,Female,Japan,Tablet,WiFi,Free,Mixed,2.4,1,303,54,113,80769,972,Medium,2.9
5830,Pinterest,26-35,Male,Australia,Desktop,Mobile Data,Free,Video,5.6,32,566,17,4,94829,326,Low,4.1
5831,YouTube,46-60,Other,USA,Tablet,Mobile Data,Premium,Video,3.1,30,630,20,105,82468,3075,Low,7.4
5832,LinkedIn,36-45,Female,Singapore,Tablet,WiFi,Premium,Image,4.4,30,234,200,122,29702,4856,Medium,6.2
5833,Instagram,46-60,Male,Australia,Mobile,WiFi,Free,Mixed,3.1,10,552,16,79,55609,3403,Low,8.2
5834,YouTube,13-18,Female,Canada,Desktop,WiFi,Premium,Mixed,3.0,26,310,61,60,63835,2517,Low,0.9
5835,LinkedIn,13-18,Male,Australia,Tablet,WiFi,Free,Text,2.3,30,171,83,143,74321,582,Low,4.0
5836,TikTok,46-60,Male,UK,Tablet,Mobile Data,Free,Mixed,3.1,17,795,121,82,4307,3906,Low,4.0
5837,Instagram,46-60,Female,Canada,Desktop,WiFi,Free,Video,2.5,30,78,103,128,53001,3082,Low,5.7
5838,LinkedIn,26-35,Female,India,Mobile,WiFi,Premium,Image,3.7,32,331,93,22,97166,2981,Medium,1.3
5839,Facebook,26-35,Female,Japan,Mobile,WiFi,Premium,Video,2.1,40,445,17,49,57483,2633,Low,2.9
5840,TikTok,19-25,Other,Australia,Desktop,WiFi,Premium,Mixed,3.3,26,56,188,29,21820,3832,Low,7.5
5841,Pinterest,36-45,Male,Australia,Tablet,Mobile Data,Free,Text,5.8,22,460,115,45,16146,320,High,7.0
5842,Snapchat,46-60,Other,Japan,Tablet,Mobile Data,Free,Text,3.3,26,284,141,64,8722,2629,Low,8.9
5843,Reddit,13-18,Female,Australia,Tablet,WiFi,Premium,Image,1.9,39,2,186,37,79516,706,Low,2.6
5844,TikTok,13-18,Male,Brazil,Desktop,Mobile Data,Free,Image,2.4,14,154,27,148,91547,1029,High,5.2
5845,TikTok,46-60,Other,UAE,Tablet,Mobile Data,Free,Video,2.6,11,23,25,121,56269,1281,Low,3.6
5846,Instagram,60+,Other,Japan,Desktop,WiFi,Free,Text,2.7,33,325,154,44,66945,1745,High,4.3
5847,Pinterest,13-18,Female,Australia,Tablet,WiFi,Free,Text,3.8,13,523,143,46,18922,4693,High,7.9
5848,Snapchat,36-45,Female,Singapore,Desktop,WiFi,Premium,Text,3.3,13,370,7,73,83078,4739,High,3.2
5849,YouTube,46-60,Female,UK,Mobile,Mobile Data,Premium,Image,2.9,22,608,12,144,96217,4321,High,8.6
5850,Twitter,46-60,Female,Japan,Mobile,WiFi,Free,Text,5.2,21,729,55,103,51363,4122,Low,5.8
5851,TikTok,13-18,Female,Germany,Mobile,Mobile Data,Premium,Video,1.2,22,24,159,38,14465,4747,Medium,1.5
5852,Reddit,46-60,Other,Australia,Desktop,WiFi,Premium,Video,2.1,11,633,59,51,91330,2408,Low,8.1
5853,Pinterest,19-25,Other,Japan,Desktop,WiFi,Premium,Mixed,0.4,36,390,161,130,87198,1400,High,4.8
5854,Facebook,19-25,Other,India,Desktop,WiFi,Free,Mixed,1.3,17,228,72,120,93039,3400,High,5.1
5855,Facebook,19-25,Female,Australia,Mobile,Mobile Data,Premium,Video,0.6,9,470,195,48,64592,1590,Medium,2.7
5856,YouTube,13-18,Male,Australia,Mobile,Mobile Data,Premium,Mixed,0.8,2,654,116,138,91096,2915,High,6.4
5857,TikTok,26-35,Other,UK,Desktop,Mobile Data,Free,Text,1.4,30,192,107,1,50450,3798,Low,2.5
5858,Twitter,60+,Female,Germany,Desktop,WiFi,Free,Video,0.6,32,553,90,121,41704,274,Low,6.7
5859,Facebook,26-35,Other,Australia,Tablet,Mobile Data,Premium,Mixed,5.0,12,631,192,120,56042,2653,Medium,7.3
5860,YouTube,13-18,Other,Canada,Mobile,WiFi,Premium,Text,3.3,24,572,56,148,76189,761,High,1.2
5861,TikTok,26-35,Other,UAE,Mobile,WiFi,Premium,Image,2.6,38,512,180,64,199,3025,High,4.5
5862,Facebook,36-45,Female,Singapore,Tablet,WiFi,Premium,Image,0.8,21,646,59,32,45629,1335,Medium,7.8
5863,YouTube,36-45,Other,Australia,Tablet,Mobile Data,Premium,Text,3.1,29,741,88,85,97219,2624,High,3.6
5864,Instagram,36-45,Female,Brazil,Desktop,WiFi,Premium,Image,4.1,40,23,101,40,39631,4584,High,0.7
5865,Snapchat,19-25,Female,Japan,Tablet,Mobile Data,Premium,Mixed,5.1,17,62,136,55,57521,1552,Medium,8.8
5866,LinkedIn,26-35,Other,India,Desktop,Mobile Data,Free,Mixed,1.8,13,443,63,109,62090,3470,Medium,7.1
5867,Pinterest,46-60,Male,Australia,Tablet,Mobile Data,Free,Mixed,4.3,28,63,188,38,54911,1063,Low,7.2
5868,LinkedIn,46-60,Male,Canada,Desktop,Mobile Data,Premium,Text,4.6,7,280,171,12,16983,4491,Low,8.6
5869,Facebook,26-35,Female,Germany,Desktop,WiFi,Premium,Image,2.0,10,219,109,31,51258,707,Medium,1.2
5870,YouTube,13-18,Other,Brazil,Tablet,Mobile Data,Premium,Video,0.7,24,469,124,40,85038,1757,High,8.9
5871,Instagram,26-35,Other,Canada,Desktop,Mobile Data,Premium,Image,4.5,19,769,34,131,17641,353,High,2.3
5872,Reddit,26-35,Male,Japan,Desktop,Mobile Data,Premium,Video,3.7,15,294,57,119,93433,2540,High,2.0
5873,LinkedIn,60+,Male,USA,Tablet,WiFi,Premium,Mixed,1.5,32,557,51,84,88150,3640,High,1.0
5874,LinkedIn,13-18,Male,Canada,Tablet,Mobile Data,Premium,Image,0.5,38,519,82,137,10337,2164,High,2.3
5875,Twitter,13-18,Other,India,Desktop,WiFi,Free,Mixed,0.6,21,124,44,53,25494,2910,Medium,9.9
5876,Twitter,60+,Other,Canada,Desktop,WiFi,Free,Video,2.8,29,504,18,134,83013,1523,High,7.1
5877,TikTok,60+,Other,UAE,Tablet,WiFi,Premium,Mixed,4.2,31,601,22,89,93374,3798,Medium,1.4
5878,Instagram,36-45,Male,UK,Tablet,Mobile Data,Free,Image,2.6,22,119,22,95,95355,1959,High,1.5
5879,Twitter,36-45,Female,USA,Tablet,Mobile Data,Free,Text,5.2,5,526,106,61,50381,381,Medium,8.2
5880,Snapchat,36-45,Male,Brazil,Mobile,WiFi,Premium,Video,4.8,5,693,110,115,3899,2290,Medium,9.2
5881,Pinterest,26-35,Other,Australia,Tablet,WiFi,Premium,Text,3.5,9,794,137,28,96804,2057,High,5.9
5882,Facebook,36-45,Male,Australia,Tablet,WiFi,Free,Mixed,0.3,29,282,127,27,8722,3997,Low,5.7
5883,Pinterest,26-35,Female,Australia,Tablet,Mobile Data,Premium,Image,3.6,19,75,2,144,70497,3701,Low,0.9
5884,YouTube,46-60,Female,Australia,Desktop,WiFi,Free,Mixed,5.6,25,508,37,48,30102,4531,Medium,2.3
5885,LinkedIn,19-25,Female,UAE,Mobile,Mobile Data,Premium,Mixed,0.4,40,625,198,146,58537,4870,High,5.8
5886,Instagram,46-60,Other,India,Mobile,Mobile Data,Free,Text,1.9,35,1,13,61,11087,909,High,4.3
5887,YouTube,36-45,Other,UAE,Mobile,WiFi,Premium,Mixed,4.2,27,619,194,107,73565,923,Medium,2.3
5888,Reddit,60+,Other,Japan,Tablet,WiFi,Premium,Video,3.1,36,386,83,42,63299,2089,High,6.4
5889,Facebook,13-18,Male,Japan,Desktop,WiFi,Free,Mixed,1.5,3,440,56,89,37060,621,Medium,9.0
5890,Reddit,46-60,Female,Australia,Desktop,Mobile Data,Free,Text,3.8,27,40,16,107,81437,4862,Low,5.7
5891,Reddit,26-35,Female,Brazil,Tablet,WiFi,Premium,Text,2.7,30,693,179,48,14877,1220,High,4.3
5892,Snapchat,13-18,Female,Canada,Desktop,WiFi,Premium,Video,4.1,31,47,58,140,24519,1459,Low,8.0
5893,LinkedIn,60+,Other,Australia,Desktop,WiFi,Free,Video,3.8,9,567,17,6,10277,1913,Medium,5.7
5894,Facebook,60+,Female,Brazil,Tablet,Mobile Data,Premium,Video,5.1,5,502,160,119,26270,4420,Medium,7.9
5895,Twitter,36-45,Male,Singapore,Tablet,Mobile Data,Free,Video,1.3,30,26,81,52,73137,3077,Low,0.7
5896,LinkedIn,26-35,Other,India,Desktop,Mobile Data,Free,Video,1.3,15,398,100,141,70505,4163,High,9.1
5897,Facebook,26-35,Female,Brazil,Mobile,WiFi,Free,Image,3.9,13,305,47,18,56110,1073,Low,4.1
5898,Facebook,19-25,Male,Japan,Tablet,Mobile Data,Premium,Text,4.2,10,418,86,148,97192,943,Low,7.8
5899,Instagram,13-18,Male,Singapore,Mobile,Mobile Data,Free,Text,3.2,26,626,25,41,53239,3821,Low,2.3
5900,Reddit,13-18,Female,India,Tablet,Mobile Data,Free,Text,5.0,26,70,158,59,7647,810,High,7.9
5901,Instagram,19-25,Other,UK,Mobile,Mobile Data,Premium,Text,4.4,17,520,65,48,66443,645,Medium,3.7
5902,Instagram,19-25,Female,UAE,Tablet,WiFi,Premium,Text,5.4,29,362,22,51,82109,1086,Medium,1.5
5903,YouTube,13-18,Female,Brazil,Desktop,Mobile Data,Premium,Mixed,3.7,11,477,8,65,24026,4103,High,4.4
5904,TikTok,26-35,Female,Singapore,Desktop,WiFi,Free,Text,0.7,31,475,146,19,93741,172,Low,2.4
5905,Snapchat,13-18,Female,Brazil,Tablet,WiFi,Premium,Video,3.5,30,645,107,24,43127,333,Medium,4.9
5906,Pinterest,46-60,Male,Australia,Mobile,Mobile Data,Free,Video,4.4,19,230,105,81,50723,3485,High,5.4
5907,TikTok,19-25,Female,Singapore,Desktop,Mobile Data,Free,Text,1.5,7,412,126,2,29089,1729,Medium,1.7
5908,Twitter,26-35,Other,Japan,Tablet,Mobile Data,Premium,Text,3.2,21,457,72,104,52851,3114,High,3.2
5909,Pinterest,13-18,Other,USA,Desktop,WiFi,Premium,Text,4.4,20,520,88,17,34312,2776,Low,3.0
5910,LinkedIn,26-35,Female,Singapore,Mobile,Mobile Data,Free,Image,4.8,6,86,127,42,52527,2955,High,2.4
5911,Pinterest,26-35,Female,Australia,Mobile,Mobile Data,Free,Mixed,1.3,21,655,65,19,59165,2236,High,9.1
5912,LinkedIn,60+,Other,Australia,Tablet,WiFi,Premium,Text,1.8,34,249,110,48,86328,3089,Low,7.1
5913,Instagram,19-25,Other,Germany,Mobile,Mobile Data,Free,Video,6.0,7,524,157,1,98909,3641,Low,6.6
5914,YouTube,60+,Other,India,Desktop,Mobile Data,Premium,Image,3.2,14,738,65,103,92334,2793,Low,5.3
5915,Twitter,26-35,Male,UAE,Desktop,WiFi,Free,Video,1.7,22,575,75,48,98350,1556,Low,8.0
5916,Instagram,36-45,Male,India,Tablet,Mobile Data,Premium,Image,5.2,22,794,3,82,41276,3786,Medium,1.4
5917,Facebook,19-25,Male,UK,Mobile,Mobile Data,Premium,Text,3.1,36,425,152,110,99790,2445,High,5.6
5918,Pinterest,26-35,Female,Japan,Mobile,Mobile Data,Free,Video,4.7,0,124,194,55,71172,4293,Medium,2.4
5919,Facebook,46-60,Male,UK,Desktop,WiFi,Free,Video,0.8,30,776,84,86,51710,3387,Medium,4.2
5920,Pinterest,60+,Other,Singapore,Mobile,WiFi,Premium,Mixed,4.3,28,569,36,147,26835,2985,Low,9.7
5921,YouTube,13-18,Other,Canada,Tablet,WiFi,Free,Image,1.8,23,164,26,145,70460,941,Medium,6.4
5922,YouTube,26-35,Male,Australia,Mobile,WiFi,Free,Text,5.0,8,152,181,113,7490,2085,High,1.5
5923,Facebook,46-60,Female,UK,Desktop,Mobile Data,Free,Mixed,0.7,2,475,103,12,98275,2788,High,9.0
5924,TikTok,19-25,Other,Japan,Desktop,WiFi,Free,Video,4.9,2,122,0,117,36145,376,Medium,1.9
5925,TikTok,46-60,Male,India,Tablet,Mobile Data,Free,Text,1.3,7,188,138,132,37044,3686,Low,5.8
5926,YouTube,13-18,Male,Germany,Tablet,Mobile Data,Premium,Text,1.7,28,297,192,34,79223,4850,Medium,9.3
5927,YouTube,26-35,Other,UAE,Mobile,Mobile Data,Free,Text,4.4,1,708,181,90,43453,3592,Medium,9.6
5928,Pinterest,46-60,Other,Canada,Tablet,WiFi,Free,Text,4.5,12,796,103,144,68217,4853,High,7.9
5929,Pinterest,13-18,Other,India,Desktop,Mobile Data,Premium,Text,0.8,31,38,127,123,4048,966,Medium,9.2
5930,YouTube,13-18,Female,Germany,Desktop,Mobile Data,Premium,Text,2.2,1,431,111,150,47053,4635,Medium,2.7
5931,Reddit,36-45,Female,Australia,Desktop,WiFi,Free,Text,1.5,3,328,36,1,95601,3196,Low,4.5
5932,YouTube,19-25,Other,USA,Desktop,WiFi,Free,Mixed,4.8,36,92,197,73,44333,4237,Low,2.1
5933,Facebook,19-25,Male,UK,Tablet,Mobile Data,Premium,Video,4.7,26,744,19,130,68722,4321,Medium,7.1
5934,Reddit,36-45,Female,Australia,Tablet,Mobile Data,Premium,Mixed,4.7,25,441,17,92,38384,4947,Medium,9.2
5935,Reddit,46-60,Other,UK,Tablet,Mobile Data,Free,Video,2.1,10,373,192,136,62622,4237,High,7.4
5936,Twitter,19-25,Female,Brazil,Mobile,Mobile Data,Free,Video,4.5,40,370,136,95,97707,935,Medium,1.2
5937,Pinterest,13-18,Male,USA,Tablet,WiFi,Premium,Mixed,3.7,1,182,38,62,98868,3418,High,6.9
5938,Instagram,36-45,Female,UAE,Desktop,WiFi,Free,Text,1.2,9,481,106,56,43125,128,High,0.7
5939,Pinterest,46-60,Female,Japan,Mobile,Mobile Data,Premium,Text,4.0,0,209,115,67,64311,3088,Medium,8.1
5940,Pinterest,60+,Male,Brazil,Mobile,Mobile Data,Free,Video,4.2,23,353,118,107,92439,1974,Low,0.7
5941,Twitter,19-25,Female,UK,Tablet,WiFi,Free,Mixed,5.7,17,263,113,61,91403,3328,Medium,5.7
5942,Facebook,36-45,Female,Canada,Mobile,Mobile Data,Premium,Image,3.3,2,648,168,91,84978,853,Medium,5.5
5943,Snapchat,19-25,Other,USA,Tablet,WiFi,Free,Video,4.4,12,664,115,60,18133,4484,High,1.3
5944,Reddit,46-60,Other,UAE,Desktop,WiFi,Free,Text,1.0,11,194,1,88,33591,4143,Low,7.3
5945,Pinterest,46-60,Other,Germany,Tablet,Mobile Data,Premium,Mixed,5.6,23,183,14,144,14835,426,Low,5.0
5946,Instagram,13-18,Female,USA,Tablet,WiFi,Free,Image,3.5,39,457,61,28,40359,1454,Medium,7.9
5947,Facebook,46-60,Other,UK,Desktop,WiFi,Free,Text,2.9,27,427,64,94,8728,3296,Medium,4.1
5948,Snapchat,46-60,Female,USA,Tablet,Mobile Data,Free,Image,1.9,27,174,83,137,20218,3238,High,7.2
5949,Snapchat,26-35,Male,UK,Tablet,WiFi,Free,Mixed,6.0,36,115,52,8,44714,1794,Medium,6.5
5950,Facebook,36-45,Female,USA,Mobile,Mobile Data,Premium,Text,1.7,23,30,112,98,49927,3543,Medium,8.5
5951,Reddit,60+,Female,India,Tablet,Mobile Data,Premium,Mixed,0.3,3,277,152,84,7614,2723,High,2.5
5952,Twitter,13-18,Other,UAE,Desktop,Mobile Data,Premium,Video,1.8,31,657,47,94,63948,1952,Medium,3.4
5953,Reddit,36-45,Male,Japan,Mobile,WiFi,Free,Video,1.9,7,691,31,71,74431,717,Medium,2.3
5954,YouTube,46-60,Female,Germany,Mobile,WiFi,Premium,Mixed,3.6,39,611,160,46,32875,171,Medium,2.3
5955,Instagram,36-45,Female,Canada,Mobile,WiFi,Premium,Image,5.6,17,729,71,140,83879,4652,High,6.3
5956,Pinterest,60+,Other,Australia,Desktop,Mobile Data,Free,Text,1.0,26,570,8,75,61602,2465,Medium,5.1
5957,Pinterest,36-45,Other,USA,Desktop,Mobile Data,Free,Mixed,1.2,13,235,109,114,2405,4054,High,4.4
5958,Twitter,19-25,Female,Germany,Tablet,Mobile Data,Premium,Mixed,1.5,14,782,124,112,79475,4511,Medium,9.4
5959,Snapchat,13-18,Other,Australia,Desktop,WiFi,Free,Text,1.3,9,796,169,81,39796,1296,High,7.4
5960,Facebook,36-45,Other,Australia,Mobile,Mobile Data,Premium,Image,0.9,19,157,87,41,19294,898,Low,7.9
5961,Twitter,26-35,Female,UK,Mobile,Mobile Data,Free,Image,4.8,0,242,25,132,97361,1033,Low,5.4
5962,Twitter,19-25,Female,Canada,Tablet,Mobile Data,Premium,Mixed,1.0,40,611,144,36,82770,1058,Low,7.7
5963,YouTube,36-45,Female,India,Desktop,WiFi,Premium,Text,5.7,19,120,141,99,89744,1025,Medium,7.1
5964,Twitter,46-60,Other,Germany,Desktop,WiFi,Free,Mixed,1.1,17,206,157,61,30426,1707,Low,9.1
5965,Instagram,19-25,Male,Singapore,Tablet,Mobile Data,Premium,Image,0.3,30,126,108,100,29199,2773,Low,5.5
5966,Pinterest,26-35,Male,Brazil,Tablet,WiFi,Premium,Video,3.4,6,675,117,81,23766,3668,Medium,8.5
5967,Pinterest,26-35,Other,India,Desktop,Mobile Data,Free,Image,1.2,38,451,53,129,13266,759,Low,8.3
5968,Twitter,36-45,Other,Germany,Mobile,Mobile Data,Free,Video,2.9,36,66,53,17,30225,4529,Medium,4.4
5969,Instagram,19-25,Female,Brazil,Mobile,Mobile Data,Free,Text,6.0,31,567,163,85,59957,2014,Low,4.2
5970,YouTube,26-35,Male,Canada,Tablet,WiFi,Premium,Mixed,1.9,10,208,9,103,82181,3882,High,2.7
5971,Reddit,36-45,Female,Singapore,Mobile,Mobile Data,Premium,Image,4.4,23,116,39,117,14122,1412,Medium,6.2
5972,Snapchat,19-25,Female,Brazil,Desktop,Mobile Data,Free,Video,3.1,18,764,84,13,60846,4352,Low,10.0
5973,Pinterest,60+,Other,Australia,Tablet,WiFi,Free,Mixed,3.2,35,164,89,124,69433,1743,High,3.1
5974,Instagram,26-35,Male,Brazil,Mobile,WiFi,Premium,Video,0.5,21,660,137,91,56782,3167,High,1.6
5975,YouTube,19-25,Male,USA,Mobile,WiFi,Premium,Video,2.9,1,738,188,61,75201,4690,Low,3.2
5976,Twitter,19-25,Female,USA,Desktop,Mobile Data,Free,Image,1.9,15,688,118,38,90464,4052,Low,4.8
5977,LinkedIn,60+,Male,Canada,Mobile,Mobile Data,Free,Video,5.8,32,149,79,31,85823,519,High,6.1
5978,Reddit,13-18,Male,UAE,Tablet,Mobile Data,Premium,Text,5.0,40,121,142,75,22322,1129,Medium,3.0
5979,Snapchat,60+,Female,Japan,Desktop,Mobile Data,Premium,Mixed,4.3,12,60,117,61,88748,1420,Medium,3.2
5980,Reddit,19-25,Other,India,Desktop,WiFi,Premium,Image,0.9,36,638,22,52,93025,2583,Medium,7.2
5981,Snapchat,19-25,Male,USA,Tablet,Mobile Data,Free,Video,4.4,39,591,29,46,74628,3125,Medium,9.9
5982,Twitter,26-35,Other,Germany,Mobile,WiFi,Free,Text,3.1,37,682,21,109,55144,3328,Medium,9.4
5983,YouTube,19-25,Female,USA,Tablet,Mobile Data,Free,Text,3.5,28,428,149,70,4056,2047,Medium,1.9
5984,Reddit,19-25,Other,Canada,Tablet,WiFi,Premium,Image,1.4,18,189,181,15,29321,4393,Low,2.2
5985,Pinterest,60+,Male,Brazil,Desktop,Mobile Data,Premium,Text,3.4,35,344,55,108,93535,2514,High,6.6
5986,Reddit,60+,Other,Australia,Mobile,Mobile Data,Free,Text,4.1,9,90,111,67,48721,4290,Medium,7.7
5987,Twitter,36-45,Male,UK,Mobile,WiFi,Premium,Text,2.5,2,121,189,34,14971,76,Low,2.7
5988,Instagram,60+,Other,Japan,Mobile,Mobile Data,Free,Video,1.5,8,72,110,17,41373,2458,High,6.1
5989,LinkedIn,26-35,Female,Japan,Mobile,Mobile Data,Premium,Video,1.5,34,61,55,135,84654,4619,Medium,8.7
5990,LinkedIn,36-45,Male,Japan,Mobile,Mobile Data,Free,Image,3.7,34,769,119,65,90489,4841,Low,8.4
5991,Snapchat,19-25,Male,Singapore,Tablet,WiFi,Free,Image,5.5,33,570,15,54,15131,3558,Medium,8.4
5992,Facebook,26-35,Other,UK,Tablet,WiFi,Premium,Image,2.9,7,425,75,20,4435,4885,High,9.9
5993,Facebook,46-60,Female,Japan,Tablet,Mobile Data,Free,Video,5.2,14,90,140,141,13104,960,High,0.5
5994,Facebook,13-18,Female,USA,Mobile,Mobile Data,Premium,Video,1.3,38,164,180,68,11647,987,Low,6.6
5995,Twitter,36-45,Female,Brazil,Desktop,WiFi,Premium,Video,5.2,10,724,126,63,7439,3965,High,2.8
5996,TikTok,36-45,Male,Brazil,Desktop,WiFi,Premium,Video,2.1,27,58,78,67,7647,130,Low,2.2
5997,LinkedIn,60+,Male,USA,Mobile,Mobile Data,Free,Mixed,1.4,29,59,86,147,37128,3351,Medium,1.2
5998,YouTube,46-60,Female,India,Mobile,WiFi,Premium,Image,2.2,4,746,85,50,79924,3261,Low,6.3
5999,Snapchat,46-60,Male,Singapore,Mobile,Mobile Data,Free,Mixed,5.2,32,89,102,94,72028,3561,High,8.2
6000,Reddit,26-35,Female,Australia,Mobile,Mobile Data,Premium,Text,2.2,25,363,46,58,19995,654,High,2.1
6001,Instagram,26-35,Male,Singapore,Desktop,Mobile Data,Free,Image,5.6,35,188,81,27,21097,1837,High,1.5
6002,Facebook,60+,Male,UK,Mobile,WiFi,Premium,Video,1.9,18,75,186,135,68354,903,High,9.2
6003,LinkedIn,36-45,Other,India,Desktop,WiFi,Premium,Image,2.7,26,754,8,4,2215,4638,High,5.0
6004,Twitter,60+,Other,Singapore,Tablet,WiFi,Premium,Text,2.6,31,158,52,83,26284,4903,Medium,3.1
6005,Snapchat,60+,Other,UAE,Desktop,WiFi,Premium,Video,2.8,30,708,86,138,64041,2961,High,1.9
6006,Facebook,36-45,Other,Brazil,Mobile,Mobile Data,Free,Text,3.4,14,457,146,58,33045,3555,Low,1.5
6007,Facebook,60+,Other,UAE,Mobile,Mobile Data,Premium,Video,5.4,25,161,91,114,17138,2261,Medium,4.4
6008,Twitter,36-45,Male,Canada,Desktop,WiFi,Premium,Text,1.3,6,320,55,49,49347,3440,High,4.9
6009,Snapchat,26-35,Female,Japan,Desktop,WiFi,Free,Mixed,3.3,6,179,138,110,10381,328,Medium,4.0
6010,Pinterest,36-45,Female,Germany,Tablet,WiFi,Free,Video,0.7,31,670,105,102,41965,4561,Medium,2.2
6011,Reddit,13-18,Male,Canada,Tablet,Mobile Data,Premium,Image,5.6,5,620,187,86,87437,4249,Medium,3.9
6012,Instagram,46-60,Male,Germany,Tablet,Mobile Data,Premium,Mixed,4.0,22,480,41,115,74122,3086,High,3.7
6013,LinkedIn,36-45,Other,Germany,Desktop,Mobile Data,Free,Mixed,5.9,5,262,68,132,16637,3169,Medium,9.3
6014,Reddit,60+,Male,UK,Tablet,Mobile Data,Free,Image,5.3,0,752,128,27,96102,409,High,0.9
6015,Reddit,19-25,Female,UAE,Desktop,WiFi,Premium,Mixed,5.6,20,184,132,78,80095,1992,Medium,8.3
6016,Snapchat,46-60,Male,UAE,Tablet,WiFi,Premium,Video,1.0,6,12,165,78,14945,4667,Low,6.1
6017,Reddit,13-18,Other,Australia,Mobile,Mobile Data,Premium,Mixed,2.1,14,619,70,117,18456,4811,High,2.3
6018,LinkedIn,13-18,Other,USA,Mobile,Mobile Data,Premium,Mixed,2.3,2,101,20,7,79736,345,Medium,8.2
6019,Facebook,36-45,Female,UK,Tablet,WiFi,Free,Text,0.8,22,474,165,119,2173,1820,High,3.3
6020,LinkedIn,26-35,Other,Germany,Desktop,Mobile Data,Free,Image,5.8,22,642,114,147,97824,2419,High,3.1
6021,Pinterest,26-35,Other,USA,Desktop,Mobile Data,Free,Mixed,2.8,21,496,112,98,31863,4068,Low,9.8
6022,Instagram,26-35,Other,Japan,Desktop,Mobile Data,Free,Mixed,4.1,9,436,34,21,31342,4146,Medium,7.0
6023,YouTube,36-45,Male,USA,Desktop,Mobile Data,Free,Text,4.6,36,121,61,114,34660,3814,Low,9.9
6024,LinkedIn,19-25,Male,UAE,Desktop,WiFi,Premium,Video,2.2,39,91,159,147,13348,427,High,2.9
6025,Reddit,19-25,Other,Canada,Tablet,WiFi,Premium,Image,0.4,40,94,52,26,97712,3720,High,2.4
6026,Snapchat,13-18,Male,UAE,Tablet,Mobile Data,Premium,Text,3.8,30,408,145,27,47285,1355,Low,3.4
6027,Reddit,26-35,Female,Brazil,Desktop,Mobile Data,Premium,Image,3.3,19,488,177,42,74647,3143,High,6.0
6028,Snapchat,13-18,Other,USA,Desktop,Mobile Data,Premium,Image,2.8,40,412,10,134,65865,733,High,8.7
6029,Reddit,13-18,Other,Canada,Tablet,WiFi,Premium,Video,3.4,5,688,89,57,43603,1175,Low,2.5
6030,Reddit,19-25,Female,UK,Desktop,Mobile Data,Free,Mixed,2.4,25,652,183,12,22968,2252,High,5.1
6031,Twitter,60+,Male,Australia,Desktop,Mobile Data,Free,Image,3.3,14,597,104,124,47956,3971,Low,4.8
6032,Reddit,46-60,Other,USA,Tablet,WiFi,Free,Text,3.0,18,563,168,3,8173,256,Low,8.6
6033,LinkedIn,26-35,Male,Germany,Tablet,Mobile Data,Free,Video,2.7,39,186,37,49,40120,3572,Medium,3.2
6034,TikTok,60+,Male,USA,Desktop,Mobile Data,Premium,Image,3.8,34,47,167,4,31105,1473,Low,4.4
6035,Pinterest,36-45,Female,India,Mobile,Mobile Data,Free,Video,2.9,17,615,103,99,67833,1350,Medium,2.9
6036,Pinterest,26-35,Female,UK,Desktop,Mobile Data,Premium,Image,1.1,28,558,74,137,15350,2322,Medium,4.7
6037,Twitter,36-45,Other,Japan,Tablet,Mobile Data,Premium,Video,4.9,8,26,99,131,41895,4678,Low,1.9
6038,LinkedIn,13-18,Female,Brazil,Desktop,WiFi,Premium,Video,3.7,13,15,61,31,38423,2741,Medium,3.6
6039,Reddit,26-35,Female,Japan,Desktop,WiFi,Free,Text,3.8,29,433,52,36,30979,1600,Medium,8.2
6040,Twitter,36-45,Other,UK,Tablet,Mobile Data,Free,Image,1.5,24,268,137,85,38193,2671,High,9.7
6041,TikTok,46-60,Female,UAE,Mobile,Mobile Data,Free,Text,3.6,15,48,181,134,77894,2143,High,1.9
6042,Reddit,60+,Other,UK,Mobile,WiFi,Premium,Image,5.7,17,312,53,46,6379,4992,High,5.3
6043,Pinterest,36-45,Other,UK,Tablet,WiFi,Premium,Video,3.6,12,736,72,76,83365,2078,Medium,2.7
6044,Twitter,13-18,Other,USA,Tablet,WiFi,Free,Image,1.8,4,537,39,28,49467,2112,Low,8.0
6045,Pinterest,13-18,Other,UAE,Mobile,WiFi,Premium,Text,5.5,14,445,2,117,50208,2335,Low,6.8
6046,LinkedIn,13-18,Female,Germany,Mobile,WiFi,Premium,Image,0.2,23,720,9,1,98990,1194,Low,5.5
6047,YouTube,60+,Other,Germany,Desktop,WiFi,Free,Mixed,0.4,28,217,16,38,30784,4116,Medium,1.8
6048,Snapchat,19-25,Female,USA,Desktop,WiFi,Premium,Text,5.7,15,713,177,61,50060,4645,Low,4.7
6049,LinkedIn,60+,Female,Germany,Tablet,Mobile Data,Free,Image,1.5,8,723,178,12,37167,775,High,0.7
6050,LinkedIn,13-18,Other,Australia,Desktop,Mobile Data,Premium,Text,5.5,35,709,142,94,13541,1657,Medium,4.5
6051,Facebook,26-35,Other,Australia,Desktop,WiFi,Premium,Text,2.6,1,416,194,65,91694,2168,Medium,0.8
6052,TikTok,60+,Female,Australia,Desktop,WiFi,Premium,Text,3.4,40,670,2,85,77520,117,Medium,7.1
6053,Instagram,36-45,Female,Germany,Mobile,WiFi,Free,Mixed,1.5,22,158,78,62,13261,4966,Low,8.5
6054,Snapchat,19-25,Female,USA,Mobile,WiFi,Free,Image,4.2,0,80,145,111,13404,2345,Low,1.9
6055,Snapchat,13-18,Male,Singapore,Desktop,Mobile Data,Premium,Text,5.8,7,249,95,24,52269,1260,Low,8.5
6056,Snapchat,19-25,Male,UK,Desktop,Mobile Data,Free,Image,2.5,24,612,42,54,34281,1725,Medium,1.4
6057,TikTok,36-45,Other,Canada,Tablet,Mobile Data,Free,Mixed,3.7,3,222,48,82,65007,3123,Low,2.9
6058,Twitter,60+,Other,Brazil,Mobile,WiFi,Free,Mixed,4.7,0,749,141,115,90816,480,Low,6.7
6059,Snapchat,60+,Male,UK,Mobile,WiFi,Premium,Video,3.8,36,732,145,149,99399,2409,High,6.0
6060,Reddit,26-35,Other,Germany,Mobile,Mobile Data,Premium,Image,5.4,10,415,100,139,33582,3176,High,9.6
6061,LinkedIn,46-60,Other,UAE,Tablet,Mobile Data,Free,Image,5.0,13,752,59,130,61634,1486,Medium,7.7
6062,Snapchat,36-45,Male,Singapore,Desktop,Mobile Data,Premium,Mixed,1.8,17,694,103,88,34571,4277,Medium,4.5
6063,Pinterest,19-25,Male,Japan,Mobile,Mobile Data,Free,Video,2.9,38,543,142,14,24564,2915,High,3.2
6064,TikTok,36-45,Other,Germany,Mobile,WiFi,Free,Mixed,0.6,22,639,12,121,78285,4600,Medium,9.1
6065,Reddit,46-60,Other,Singapore,Tablet,Mobile Data,Free,Text,3.7,34,388,185,15,9743,3086,High,0.6
6066,Facebook,19-25,Male,Germany,Desktop,WiFi,Premium,Image,2.6,18,659,91,128,5138,195,High,6.6
6067,YouTube,46-60,Female,India,Desktop,WiFi,Free,Image,2.4,32,528,42,83,30361,3634,Medium,8.3
6068,Snapchat,36-45,Female,Canada,Tablet,Mobile Data,Premium,Text,3.7,25,174,183,37,2013,2758,High,0.7
6069,Snapchat,19-25,Female,UAE,Mobile,Mobile Data,Free,Image,2.3,38,760,3,74,99015,4948,Medium,1.1
6070,TikTok,46-60,Male,UK,Tablet,Mobile Data,Premium,Video,3.2,16,44,44,41,3010,1116,Low,2.7
6071,Pinterest,60+,Male,India,Mobile,WiFi,Free,Text,3.0,4,260,49,53,1391,1722,Medium,3.1
6072,Pinterest,36-45,Female,Brazil,Desktop,WiFi,Premium,Mixed,5.0,35,762,137,90,90942,2463,Low,3.9
6073,TikTok,19-25,Female,Canada,Mobile,Mobile Data,Free,Mixed,5.2,23,506,9,13,26692,4639,Medium,1.2
6074,Snapchat,19-25,Female,Germany,Mobile,WiFi,Free,Video,4.7,12,774,70,104,63058,898,Low,4.4
6075,TikTok,36-45,Male,Germany,Desktop,Mobile Data,Premium,Video,2.4,27,542,179,17,1554,4939,Low,4.3
6076,Snapchat,26-35,Female,Brazil,Desktop,Mobile Data,Free,Mixed,5.7,4,662,113,54,50734,2811,Medium,8.5
6077,YouTube,46-60,Female,Germany,Desktop,Mobile Data,Premium,Text,2.1,35,240,194,82,48022,1504,Medium,8.5
6078,Reddit,46-60,Female,Canada,Desktop,WiFi,Premium,Image,5.3,30,144,197,69,33701,2878,High,4.3
6079,LinkedIn,46-60,Male,Australia,Desktop,Mobile Data,Free,Video,5.1,20,189,27,129,10477,1169,High,7.6
6080,Snapchat,19-25,Other,Australia,Mobile,Mobile Data,Premium,Mixed,3.3,22,754,92,47,12638,803,Medium,0.6
6081,Reddit,19-25,Other,USA,Mobile,WiFi,Free,Image,3.9,13,717,99,129,44594,3014,High,6.5
6082,Snapchat,60+,Other,India,Tablet,Mobile Data,Premium,Mixed,3.5,18,377,178,99,33228,2784,Medium,6.2
6083,LinkedIn,26-35,Male,Brazil,Mobile,WiFi,Free,Mixed,3.2,21,484,119,106,69395,3328,High,6.9
6084,Reddit,46-60,Female,UAE,Desktop,WiFi,Premium,Text,1.0,14,506,74,136,11777,3719,Medium,8.0
6085,LinkedIn,36-45,Female,Japan,Mobile,Mobile Data,Premium,Text,0.6,26,533,90,131,97137,907,High,0.7
6086,Pinterest,13-18,Male,Japan,Desktop,Mobile Data,Free,Mixed,2.8,3,391,155,147,97605,147,Medium,7.7
6087,Snapchat,46-60,Male,Germany,Mobile,WiFi,Premium,Mixed,2.5,14,188,0,44,33817,3686,Medium,3.4
6088,TikTok,60+,Female,Singapore,Tablet,WiFi,Free,Image,5.5,38,787,87,56,80007,1750,Medium,5.3
6089,Snapchat,60+,Other,USA,Desktop,Mobile Data,Free,Image,2.6,39,179,24,32,16337,2675,Medium,1.7
6090,Reddit,46-60,Other,Germany,Mobile,WiFi,Free,Image,5.6,11,576,110,59,9274,704,Low,2.5
6091,Instagram,46-60,Female,Brazil,Tablet,WiFi,Free,Text,2.3,24,761,200,69,97053,2375,Low,4.5
6092,Facebook,26-35,Other,Germany,Mobile,WiFi,Free,Mixed,3.6,6,794,70,11,83594,2784,Medium,8.9
6093,YouTube,13-18,Other,Canada,Tablet,Mobile Data,Premium,Video,0.4,3,443,57,148,78272,4799,High,3.1
6094,Twitter,26-35,Male,Brazil,Tablet,WiFi,Premium,Image,0.6,7,71,57,10,88149,2972,Low,2.2
6095,Twitter,19-25,Other,Brazil,Tablet,Mobile Data,Premium,Mixed,4.0,32,325,192,20,45931,209,Medium,7.8
6096,Pinterest,36-45,Female,USA,Mobile,WiFi,Premium,Mixed,5.6,0,750,36,59,60197,2324,High,5.5
6097,LinkedIn,26-35,Female,India,Mobile,Mobile Data,Free,Image,2.9,5,617,61,134,40462,2891,Medium,4.8
6098,Facebook,46-60,Other,Canada,Mobile,WiFi,Premium,Mixed,2.3,27,104,148,3,41241,1301,Low,4.5
6099,Facebook,26-35,Female,Australia,Desktop,WiFi,Free,Text,3.8,25,17,79,134,83930,3102,High,2.9
6100,TikTok,19-25,Other,Brazil,Tablet,WiFi,Free,Mixed,0.6,10,325,92,126,62488,4711,Low,6.2
6101,TikTok,60+,Other,USA,Tablet,Mobile Data,Free,Text,5.4,13,35,121,113,71136,4791,Low,8.9
6102,Pinterest,13-18,Male,USA,Desktop,WiFi,Premium,Text,0.4,4,539,148,140,53193,2885,Low,3.4
6103,Twitter,19-25,Female,Germany,Desktop,Mobile Data,Free,Video,4.2,7,637,33,54,15122,4884,Medium,3.1
6104,LinkedIn,60+,Female,Canada,Desktop,Mobile Data,Premium,Video,5.3,33,732,74,1,58675,619,Medium,5.9
6105,Reddit,46-60,Male,USA,Tablet,WiFi,Premium,Image,3.4,36,244,25,96,34455,3032,Low,4.7
6106,TikTok,60+,Other,India,Tablet,WiFi,Premium,Video,5.3,7,347,60,23,18125,4709,Low,9.9
6107,Reddit,13-18,Female,Singapore,Desktop,Mobile Data,Free,Image,0.9,38,318,13,136,69126,881,Low,2.4
6108,TikTok,60+,Female,UK,Desktop,WiFi,Premium,Text,3.7,7,256,167,72,38691,3630,High,8.0
6109,Twitter,60+,Male,Canada,Tablet,Mobile Data,Premium,Image,2.0,27,541,109,137,10399,2288,High,9.0
6110,Reddit,26-35,Other,USA,Mobile,WiFi,Free,Mixed,0.5,19,408,169,21,17229,1655,Medium,3.6
6111,Pinterest,60+,Male,Australia,Mobile,WiFi,Premium,Video,2.2,17,494,34,42,15066,3312,High,9.9
6112,Facebook,36-45,Female,Singapore,Desktop,WiFi,Premium,Image,4.8,6,169,186,123,56136,2499,High,4.4
6113,LinkedIn,19-25,Female,Japan,Tablet,Mobile Data,Free,Text,2.7,25,681,13,58,36919,872,High,1.8
6114,Twitter,60+,Male,Canada,Tablet,Mobile Data,Free,Image,5.6,3,245,179,17,87478,4442,Medium,9.3
6115,YouTube,26-35,Female,Brazil,Tablet,Mobile Data,Premium,Mixed,5.9,23,727,165,69,16994,4974,Medium,7.2
6116,Facebook,60+,Female,Germany,Tablet,Mobile Data,Premium,Video,1.1,14,652,22,75,9206,3338,Low,3.7
6117,Instagram,36-45,Male,Australia,Mobile,Mobile Data,Premium,Mixed,0.6,17,258,162,137,35168,2956,Medium,5.0
6118,LinkedIn,46-60,Other,Canada,Desktop,Mobile Data,Premium,Video,2.0,29,683,184,58,7587,1101,Low,1.6
6119,Instagram,13-18,Female,UK,Desktop,WiFi,Free,Image,1.7,12,754,138,99,10305,1205,Medium,1.7
6120,TikTok,26-35,Female,UAE,Desktop,Mobile Data,Premium,Mixed,4.9,15,331,75,91,78198,682,High,2.9
6121,Pinterest,36-45,Other,Japan,Desktop,WiFi,Premium,Image,5.8,40,98,24,17,25419,4293,Medium,1.8
6122,Instagram,13-18,Male,Canada,Mobile,Mobile Data,Premium,Image,3.2,19,540,48,103,75999,4348,Low,1.1
6123,Instagram,19-25,Other,Brazil,Desktop,WiFi,Free,Mixed,4.2,12,12,85,104,59643,4226,High,9.0
6124,Twitter,26-35,Female,Japan,Tablet,WiFi,Premium,Video,2.5,7,563,54,98,98217,3837,Medium,2.6
6125,Instagram,13-18,Male,USA,Mobile,Mobile Data,Premium,Video,5.1,39,387,196,84,96320,3192,Low,3.9
6126,Pinterest,13-18,Female,Japan,Mobile,WiFi,Premium,Video,0.9,4,769,159,110,71800,2971,Low,6.6
6127,LinkedIn,13-18,Male,Japan,Tablet,WiFi,Free,Text,4.4,23,336,121,97,93744,877,Low,5.8
6128,TikTok,26-35,Male,Australia,Tablet,WiFi,Free,Image,0.6,35,114,140,118,93269,830,Low,3.0
6129,Instagram,46-60,Other,UAE,Mobile,WiFi,Free,Image,5.6,10,272,56,47,97089,249,High,1.9
6130,LinkedIn,36-45,Male,Brazil,Tablet,WiFi,Free,Mixed,5.9,37,656,4,15,42187,3273,Low,8.5
6131,Pinterest,19-25,Female,Brazil,Mobile,WiFi,Premium,Text,0.4,9,712,186,107,88164,1427,Low,9.3
6132,Snapchat,46-60,Female,Australia,Mobile,Mobile Data,Premium,Mixed,4.6,11,781,99,126,47356,1372,Medium,0.7
6133,Twitter,13-18,Male,Australia,Mobile,WiFi,Free,Mixed,1.5,33,602,180,64,72953,1075,Medium,8.4
6134,LinkedIn,13-18,Female,Singapore,Desktop,WiFi,Premium,Mixed,4.9,38,310,22,83,36323,827,Medium,9.1
6135,Instagram,60+,Male,Brazil,Mobile,WiFi,Free,Mixed,4.5,18,55,89,56,41611,3691,Low,3.2
6136,Pinterest,13-18,Female,USA,Mobile,Mobile Data,Premium,Video,4.2,36,612,114,53,73623,4049,Medium,4.9
6137,Pinterest,19-25,Other,Canada,Tablet,Mobile Data,Free,Image,1.1,18,184,179,56,44480,4508,Medium,7.3
6138,Twitter,36-45,Male,India,Mobile,WiFi,Free,Video,5.1,25,5,14,145,13483,4533,High,2.2
6139,Twitter,60+,Female,UK,Tablet,Mobile Data,Free,Video,0.5,19,320,114,58,36219,2981,Medium,8.1
6140,YouTube,46-60,Male,UAE,Mobile,WiFi,Free,Mixed,5.9,21,25,11,54,6987,888,Medium,3.0
6141,Pinterest,36-45,Other,Germany,Mobile,Mobile Data,Premium,Video,4.1,6,348,76,95,66602,2409,Low,3.4
6142,LinkedIn,19-25,Other,UK,Mobile,WiFi,Free,Text,5.2,10,254,200,40,35691,1984,Low,6.0
6143,LinkedIn,26-35,Female,Japan,Tablet,WiFi,Premium,Video,5.9,32,162,175,29,97705,4085,Low,6.9
6144,Snapchat,60+,Other,Japan,Tablet,Mobile Data,Premium,Mixed,5.3,13,555,26,136,23786,3828,Low,4.0
6145,LinkedIn,26-35,Male,Canada,Tablet,WiFi,Premium,Image,0.7,25,180,114,34,9905,248,Medium,1.7
6146,LinkedIn,19-25,Male,UK,Mobile,Mobile Data,Premium,Image,2.2,26,115,161,52,70612,850,Medium,8.5
6147,TikTok,60+,Other,Canada,Tablet,Mobile Data,Premium,Image,4.1,7,791,115,11,72796,1690,Low,5.8
6148,Facebook,60+,Other,UK,Mobile,WiFi,Free,Video,4.0,33,380,43,84,72344,4579,High,5.8
6149,YouTube,13-18,Other,Singapore,Tablet,WiFi,Free,Video,3.4,3,481,10,53,52780,4201,High,2.9
6150,Pinterest,46-60,Male,India,Mobile,WiFi,Free,Image,3.9,33,436,124,6,37104,1207,High,6.0
6151,TikTok,36-45,Male,Germany,Mobile,Mobile Data,Free,Video,3.8,9,659,85,85,2205,4730,Medium,4.3
6152,YouTube,13-18,Other,UK,Tablet,WiFi,Free,Video,0.8,13,640,79,82,53543,2964,Medium,6.7
6153,YouTube,19-25,Female,Australia,Tablet,Mobile Data,Free,Video,5.2,18,374,121,121,63526,750,Low,3.8
6154,LinkedIn,26-35,Other,Germany,Mobile,WiFi,Free,Video,2.8,36,192,153,84,96862,1129,Low,8.2
6155,Snapchat,13-18,Other,Japan,Tablet,WiFi,Premium,Mixed,3.9,22,180,174,18,73230,2244,High,3.1
6156,Pinterest,13-18,Female,USA,Tablet,WiFi,Free,Video,4.9,30,639,164,75,23944,1309,Medium,0.6
6157,Twitter,60+,Female,India,Tablet,WiFi,Premium,Text,1.2,7,376,195,77,43070,1833,Low,8.7
6158,TikTok,46-60,Male,Brazil,Tablet,Mobile Data,Free,Video,1.0,27,735,187,16,71979,686,Medium,9.5
6159,Reddit,13-18,Female,Germany,Mobile,Mobile Data,Premium,Image,2.1,37,240,81,126,41106,2559,Low,7.7
6160,Instagram,13-18,Female,India,Desktop,WiFi,Premium,Mixed,1.3,0,648,153,123,1168,335,Low,8.2
6161,Pinterest,13-18,Male,Germany,Tablet,Mobile Data,Premium,Image,0.6,32,760,131,150,27833,2151,Medium,2.2
6162,Reddit,36-45,Male,USA,Tablet,Mobile Data,Premium,Text,5.6,23,421,63,14,88766,4011,Low,2.8
6163,Snapchat,36-45,Male,Germany,Tablet,Mobile Data,Free,Video,4.3,26,477,109,36,34238,1964,Low,9.8
6164,Twitter,46-60,Female,UK,Tablet,Mobile Data,Premium,Mixed,1.0,19,755,152,144,2467,4729,High,7.9
6165,YouTube,19-25,Male,UAE,Tablet,WiFi,Premium,Mixed,3.4,7,32,87,75,72041,3341,Medium,6.5
6166,Reddit,26-35,Male,India,Tablet,WiFi,Free,Text,5.8,19,571,100,38,97591,1945,High,8.9
6167,LinkedIn,60+,Other,Germany,Desktop,Mobile Data,Free,Image,2.0,20,761,156,111,73257,4401,Low,7.1
6168,Reddit,26-35,Female,UK,Mobile,WiFi,Premium,Text,4.4,34,301,131,148,95835,4565,Medium,4.4
6169,LinkedIn,36-45,Male,Singapore,Desktop,Mobile Data,Premium,Text,5.7,29,116,25,5,26151,1452,Low,1.6
6170,Facebook,46-60,Other,Singapore,Mobile,Mobile Data,Free,Image,1.4,37,98,36,113,34335,3231,Low,0.8
6171,YouTube,60+,Other,Canada,Mobile,WiFi,Premium,Text,2.0,0,507,3,90,85734,4956,Low,7.5
6172,Pinterest,36-45,Male,UK,Mobile,WiFi,Free,Text,5.4,39,740,169,108,12311,3952,Low,2.2
6173,TikTok,26-35,Other,UAE,Mobile,Mobile Data,Premium,Image,0.9,29,429,20,128,80925,4636,High,4.1
6174,Snapchat,36-45,Other,Japan,Tablet,WiFi,Premium,Text,0.5,15,389,118,3,74596,819,Low,0.6
6175,TikTok,60+,Female,Singapore,Mobile,WiFi,Premium,Mixed,2.0,15,681,195,125,44190,856,High,5.3
6176,Instagram,19-25,Female,Japan,Desktop,Mobile Data,Premium,Text,5.4,34,320,173,5,21704,1450,High,0.7
6177,YouTube,26-35,Female,Singapore,Tablet,Mobile Data,Premium,Mixed,2.4,11,81,198,54,75481,2709,Medium,4.8
6178,Instagram,60+,Other,Canada,Mobile,Mobile Data,Free,Mixed,2.2,13,456,103,23,80270,3054,High,5.0
6179,LinkedIn,60+,Male,UK,Desktop,WiFi,Free,Video,1.8,24,404,148,13,9256,2609,Low,8.9
6180,YouTube,19-25,Male,USA,Tablet,Mobile Data,Free,Image,1.4,28,434,49,45,47145,3344,High,8.8
6181,YouTube,46-60,Male,Canada,Tablet,WiFi,Free,Mixed,2.1,15,407,193,61,64594,2450,Low,3.6
6182,Reddit,60+,Other,Australia,Desktop,WiFi,Premium,Image,4.5,39,185,124,96,48175,3032,Low,4.6
6183,TikTok,46-60,Male,UK,Desktop,WiFi,Premium,Image,0.6,38,530,86,134,79110,847,Medium,4.8
6184,Pinterest,13-18,Female,Brazil,Mobile,Mobile Data,Free,Mixed,4.9,14,396,70,61,25399,3018,Medium,4.4
6185,Pinterest,13-18,Female,Australia,Tablet,WiFi,Premium,Mixed,5.2,20,751,6,6,12016,3182,High,6.2
6186,LinkedIn,19-25,Other,Brazil,Mobile,WiFi,Free,Text,2.0,10,64,38,32,86857,3811,Medium,2.0
6187,TikTok,13-18,Female,Canada,Mobile,WiFi,Free,Mixed,0.8,35,147,37,94,12776,3115,Low,4.8
6188,LinkedIn,46-60,Other,USA,Tablet,WiFi,Free,Image,4.9,38,564,34,75,72271,467,Medium,8.5
6189,LinkedIn,13-18,Other,Japan,Mobile,WiFi,Free,Text,4.6,37,287,22,96,9547,4908,Low,8.0
6190,Reddit,60+,Male,Singapore,Mobile,WiFi,Premium,Mixed,0.9,10,746,181,138,81826,535,High,9.7
6191,Pinterest,36-45,Other,UAE,Mobile,Mobile Data,Premium,Text,5.3,10,552,158,83,89767,1985,Low,5.4
6192,Snapchat,13-18,Female,India,Tablet,WiFi,Premium,Text,3.6,29,335,122,41,25338,4925,High,6.7
6193,Instagram,26-35,Female,USA,Tablet,WiFi,Premium,Text,5.6,29,780,92,36,48248,1880,Medium,7.2
6194,Instagram,60+,Male,Japan,Tablet,Mobile Data,Free,Mixed,1.1,11,445,162,73,83792,1853,Low,6.9
6195,Reddit,46-60,Male,Japan,Tablet,WiFi,Free,Image,4.7,12,385,188,20,40343,2121,High,9.4
6196,YouTube,60+,Female,Brazil,Tablet,WiFi,Premium,Video,5.4,9,292,152,86,10984,2596,High,1.7
6197,LinkedIn,46-60,Female,Singapore,Tablet,Mobile Data,Free,Mixed,4.3,10,340,175,95,76945,4531,Low,8.8
6198,Snapchat,36-45,Female,India,Tablet,Mobile Data,Premium,Mixed,5.5,37,296,65,58,32277,2189,Low,8.8
6199,TikTok,46-60,Other,Japan,Mobile,Mobile Data,Free,Image,1.5,13,604,59,49,86304,1802,Medium,4.1
6200,Facebook,19-25,Other,Australia,Mobile,WiFi,Free,Text,2.7,14,94,187,137,78546,1526,High,7.1
6201,Twitter,19-25,Other,Brazil,Mobile,Mobile Data,Premium,Mixed,3.8,0,281,45,38,56461,213,High,3.5
6202,Snapchat,19-25,Other,USA,Tablet,Mobile Data,Premium,Video,4.8,13,268,102,134,36917,122,High,1.3
6203,Snapchat,19-25,Male,USA,Tablet,WiFi,Free,Image,2.7,6,527,194,126,86640,2501,Low,9.7
6204,Twitter,60+,Female,Japan,Tablet,Mobile Data,Free,Image,2.2,40,229,145,124,89650,347,High,5.9
6205,LinkedIn,36-45,Female,Brazil,Tablet,WiFi,Free,Video,0.6,23,145,70,100,27751,1285,Medium,7.4
6206,Instagram,13-18,Other,Canada,Tablet,Mobile Data,Premium,Image,2.9,19,600,18,99,73026,2185,Medium,3.6
6207,YouTube,26-35,Other,Australia,Mobile,Mobile Data,Premium,Image,2.6,9,754,25,40,29154,3478,Medium,9.7
6208,LinkedIn,19-25,Female,Australia,Tablet,Mobile Data,Premium,Text,1.8,6,37,138,13,71591,1040,High,3.1
6209,Twitter,36-45,Female,Canada,Desktop,WiFi,Premium,Image,1.0,5,10,137,53,53407,2969,Medium,10.0
6210,Snapchat,19-25,Female,UK,Mobile,Mobile Data,Free,Video,6.0,28,557,122,60,47689,564,Low,9.2
6211,Twitter,60+,Other,India,Tablet,Mobile Data,Free,Video,5.0,36,195,15,47,51674,1927,Low,4.4
6212,Instagram,46-60,Female,Australia,Mobile,Mobile Data,Premium,Text,1.7,1,358,189,105,19636,1355,Medium,6.3
6213,Reddit,60+,Female,Singapore,Tablet,WiFi,Premium,Text,2.6,34,62,86,86,85003,759,High,3.0
6214,YouTube,60+,Other,Singapore,Tablet,Mobile Data,Free,Image,2.4,1,530,136,34,6083,3235,High,6.4
6215,Reddit,19-25,Other,USA,Tablet,WiFi,Premium,Image,2.2,4,162,94,122,44765,4380,High,7.2
6216,Facebook,19-25,Male,USA,Desktop,Mobile Data,Premium,Image,2.4,10,499,46,22,29757,3066,High,9.6
6217,Pinterest,19-25,Female,India,Mobile,WiFi,Free,Image,2.0,7,11,9,96,1324,1431,Medium,9.3
6218,Instagram,46-60,Male,Brazil,Mobile,Mobile Data,Premium,Image,0.4,32,225,90,94,58191,2304,Medium,1.8
6219,TikTok,60+,Female,Canada,Desktop,WiFi,Premium,Mixed,0.8,0,639,136,110,1009,2103,High,7.8
6220,Facebook,19-25,Other,UK,Mobile,WiFi,Free,Mixed,0.3,2,727,29,129,6240,3042,High,6.1
6221,Snapchat,46-60,Other,India,Mobile,WiFi,Free,Mixed,4.5,32,317,84,1,50678,1989,Low,7.3
6222,TikTok,13-18,Female,Brazil,Mobile,WiFi,Free,Mixed,1.7,24,521,162,72,3866,4828,Low,1.4
6223,Reddit,60+,Male,UK,Desktop,Mobile Data,Free,Text,5.0,3,68,157,130,87431,4747,Medium,3.6
6224,LinkedIn,13-18,Male,India,Mobile,Mobile Data,Premium,Text,2.5,25,627,162,26,28965,3281,High,8.5
6225,Instagram,13-18,Other,Germany,Tablet,Mobile Data,Premium,Text,3.1,8,390,193,69,83948,3859,Medium,4.2
6226,YouTube,60+,Other,UK,Desktop,WiFi,Premium,Text,3.7,13,155,116,50,23799,3156,High,5.3
6227,Pinterest,60+,Male,USA,Tablet,WiFi,Premium,Video,4.0,6,243,74,85,79795,656,High,2.9
6228,Snapchat,26-35,Male,Japan,Desktop,Mobile Data,Premium,Mixed,5.2,4,172,115,107,53217,193,Low,4.9
6229,Pinterest,60+,Male,Australia,Tablet,WiFi,Premium,Video,1.9,37,317,10,73,4398,4117,Low,5.4
6230,TikTok,60+,Female,India,Desktop,WiFi,Premium,Mixed,1.1,22,499,2,108,17757,129,High,7.2
6231,Pinterest,36-45,Other,Japan,Tablet,Mobile Data,Free,Image,2.1,35,80,40,149,95739,1926,Medium,9.8
6232,Twitter,46-60,Other,India,Tablet,Mobile Data,Free,Text,2.2,12,439,3,13,89665,4120,High,2.7
6233,Snapchat,36-45,Other,Brazil,Tablet,WiFi,Free,Mixed,1.2,30,9,175,78,66283,4598,High,6.5
6234,Instagram,13-18,Male,Germany,Mobile,WiFi,Free,Video,6.0,31,114,21,47,84458,1601,Medium,9.5
6235,Facebook,36-45,Male,USA,Tablet,WiFi,Free,Video,0.8,7,70,160,110,75856,2498,High,0.9
6236,YouTube,26-35,Female,Singapore,Desktop,WiFi,Free,Text,1.2,16,168,192,25,32333,3255,Low,9.8
6237,Twitter,13-18,Male,Germany,Desktop,WiFi,Premium,Mixed,0.7,7,716,155,8,79890,3562,Low,0.5
6238,Instagram,36-45,Male,USA,Tablet,WiFi,Premium,Video,1.0,38,326,168,40,61125,3534,Low,9.9
6239,Snapchat,26-35,Female,Canada,Tablet,Mobile Data,Premium,Text,1.2,28,354,32,15,31000,1808,Medium,3.1
6240,LinkedIn,13-18,Male,UK,Mobile,Mobile Data,Premium,Text,1.2,20,29,85,96,17210,161,Low,9.5
6241,Snapchat,13-18,Other,UK,Mobile,Mobile Data,Premium,Video,5.3,39,104,191,76,74592,956,Low,3.8
6242,Instagram,26-35,Other,Australia,Mobile,WiFi,Premium,Text,1.1,34,539,115,111,42216,2510,Medium,5.5
6243,Reddit,13-18,Other,UAE,Mobile,WiFi,Free,Mixed,0.9,21,401,119,9,1091,1272,Low,7.9
6244,Snapchat,19-25,Female,Canada,Mobile,Mobile Data,Free,Mixed,2.1,18,479,53,11,95215,2033,High,3.1
6245,Instagram,13-18,Female,UAE,Tablet,Mobile Data,Premium,Image,0.3,18,795,192,121,50336,1767,High,0.6
6246,Pinterest,19-25,Other,India,Tablet,Mobile Data,Premium,Text,3.3,34,602,28,146,48766,4013,Medium,6.9
6247,Pinterest,26-35,Female,Germany,Tablet,WiFi,Premium,Image,3.9,2,449,31,114,71333,2351,Low,2.8
6248,Instagram,60+,Other,UK,Tablet,WiFi,Free,Text,1.9,18,617,31,9,38584,4701,Medium,7.3
6249,Snapchat,36-45,Male,Japan,Tablet,WiFi,Premium,Video,5.5,12,155,123,53,81500,734,Low,7.6
6250,TikTok,13-18,Other,Canada,Desktop,WiFi,Premium,Mixed,3.3,27,587,195,3,16167,2481,Low,8.6
6251,Twitter,19-25,Female,Japan,Tablet,Mobile Data,Premium,Mixed,1.6,25,56,108,26,75392,921,High,8.8
6252,Pinterest,26-35,Male,Canada,Desktop,WiFi,Premium,Image,0.6,21,132,127,61,6420,688,Low,5.5
6253,Facebook,19-25,Female,Germany,Tablet,WiFi,Premium,Mixed,5.9,9,610,165,60,48902,648,High,8.1
6254,Snapchat,26-35,Other,Canada,Mobile,WiFi,Free,Mixed,2.9,12,506,10,141,36368,3432,Medium,6.0
6255,Snapchat,13-18,Male,Canada,Tablet,Mobile Data,Premium,Image,5.3,6,398,34,22,51657,4726,Medium,4.5
6256,Twitter,60+,Male,India,Mobile,Mobile Data,Free,Text,0.2,39,179,138,79,59990,282,Low,6.1
6257,YouTube,60+,Male,UK,Tablet,Mobile Data,Premium,Mixed,3.7,36,341,49,123,73509,1466,High,9.4
6258,Snapchat,60+,Other,Germany,Desktop,WiFi,Free,Text,5.9,39,629,94,42,69759,4247,High,7.7
6259,Reddit,13-18,Other,Singapore,Mobile,WiFi,Free,Video,0.7,31,277,134,137,54464,1025,High,0.9
6260,Snapchat,26-35,Male,Japan,Mobile,Mobile Data,Free,Mixed,3.3,8,501,77,39,56232,4062,High,4.0
6261,Twitter,19-25,Female,UK,Mobile,Mobile Data,Free,Video,5.7,26,34,56,70,7282,3510,Low,9.3
6262,Facebook,46-60,Male,UK,Mobile,Mobile Data,Premium,Image,5.7,1,361,186,84,56732,2101,High,6.5
6263,Instagram,19-25,Female,UK,Tablet,Mobile Data,Premium,Mixed,5.0,38,241,47,100,97391,1749,Medium,8.2
6264,TikTok,36-45,Other,Japan,Tablet,Mobile Data,Premium,Video,1.3,26,285,114,62,76724,1245,High,4.3
6265,Instagram,36-45,Other,Brazil,Desktop,WiFi,Free,Text,1.7,27,357,18,118,65487,3965,Medium,9.7
6266,Twitter,19-25,Female,UAE,Mobile,Mobile Data,Premium,Image,5.2,13,63,123,31,20475,4718,Low,8.1
6267,Snapchat,36-45,Other,UK,Desktop,WiFi,Free,Text,2.2,10,38,121,13,91503,2641,High,2.3
6268,TikTok,19-25,Male,Japan,Tablet,WiFi,Free,Image,5.8,36,584,78,51,16248,943,Low,1.4
6269,LinkedIn,13-18,Other,India,Tablet,WiFi,Premium,Image,0.9,37,191,191,130,57253,4431,Medium,5.0
6270,Instagram,19-25,Female,UK,Desktop,Mobile Data,Free,Video,1.5,2,382,200,140,47610,1604,Low,2.1
6271,Snapchat,26-35,Male,Singapore,Tablet,Mobile Data,Premium,Mixed,5.0,22,197,192,135,610,2992,High,0.9
6272,Instagram,60+,Other,Singapore,Tablet,Mobile Data,Premium,Video,0.6,25,114,154,40,64257,412,Medium,1.8
6273,TikTok,60+,Female,Brazil,Desktop,WiFi,Premium,Text,4.9,40,701,159,52,16742,827,High,3.0
6274,Reddit,26-35,Other,Canada,Desktop,WiFi,Premium,Text,1.6,19,235,66,131,73223,174,Medium,1.8
6275,TikTok,60+,Female,India,Tablet,WiFi,Free,Image,1.7,1,185,54,54,75,634,High,6.6
6276,TikTok,26-35,Female,Australia,Mobile,WiFi,Free,Image,3.5,7,634,138,1,3163,3476,Low,5.1
6277,Twitter,19-25,Female,Japan,Mobile,Mobile Data,Free,Text,3.8,33,351,8,102,56725,4626,Low,7.4
6278,Instagram,46-60,Female,Brazil,Mobile,Mobile Data,Premium,Image,2.0,27,1,3,27,46510,3456,Low,3.5
6279,LinkedIn,13-18,Other,India,Tablet,Mobile Data,Premium,Image,2.9,32,612,12,128,75483,229,High,2.2
6280,Facebook,19-25,Male,India,Mobile,WiFi,Free,Image,3.1,39,217,169,25,68,3340,Medium,5.0
6281,Pinterest,46-60,Other,Brazil,Mobile,Mobile Data,Free,Image,1.8,12,86,31,99,64543,257,High,7.4
6282,LinkedIn,46-60,Other,India,Mobile,WiFi,Premium,Mixed,4.1,22,202,170,6,30494,3626,Low,7.7
6283,LinkedIn,60+,Male,UAE,Desktop,Mobile Data,Premium,Image,3.0,11,661,89,26,69139,1937,High,6.5
6284,Pinterest,19-25,Male,Brazil,Desktop,Mobile Data,Free,Mixed,2.3,33,119,75,88,57873,1956,High,6.6
6285,Facebook,13-18,Male,India,Desktop,Mobile Data,Premium,Text,4.4,31,760,49,80,10344,1424,Low,5.0
6286,Snapchat,60+,Other,UK,Mobile,WiFi,Premium,Mixed,0.8,19,57,77,62,82888,1616,Medium,3.5
6287,YouTube,19-25,Female,UK,Desktop,Mobile Data,Free,Text,2.5,3,51,43,122,80275,916,High,6.1
6288,YouTube,46-60,Other,Germany,Desktop,Mobile Data,Free,Mixed,1.7,11,322,181,40,88525,756,Low,2.3
6289,Instagram,26-35,Other,Australia,Desktop,WiFi,Free,Image,5.3,21,783,97,2,43768,1329,Low,0.5
6290,LinkedIn,36-45,Male,Germany,Mobile,WiFi,Premium,Video,2.0,17,263,28,2,74577,3919,Low,7.6
6291,Snapchat,26-35,Female,UAE,Desktop,WiFi,Free,Text,2.8,12,677,67,110,78639,4286,Medium,1.8
6292,LinkedIn,36-45,Male,Japan,Mobile,WiFi,Premium,Image,3.9,29,251,88,27,12174,734,Low,4.3
6293,Pinterest,13-18,Female,UAE,Desktop,WiFi,Free,Video,0.4,1,141,14,109,79076,4371,Medium,4.1
6294,YouTube,46-60,Female,UK,Tablet,WiFi,Premium,Video,3.6,10,691,191,144,646,1881,Low,8.8
6295,LinkedIn,60+,Male,UAE,Mobile,Mobile Data,Free,Mixed,2.5,12,368,36,93,97799,4407,High,5.0
6296,Instagram,36-45,Female,USA,Desktop,WiFi,Premium,Image,4.9,7,109,143,3,18374,1963,Medium,9.6
6297,Pinterest,46-60,Other,India,Tablet,WiFi,Premium,Mixed,1.5,31,603,45,136,55076,1125,High,5.1
6298,Twitter,60+,Male,USA,Desktop,WiFi,Free,Video,0.2,39,12,113,147,40135,704,High,5.2
6299,Snapchat,13-18,Male,USA,Mobile,Mobile Data,Free,Mixed,4.5,31,65,4,129,64389,4180,Low,7.8
6300,Instagram,26-35,Other,UK,Tablet,Mobile Data,Free,Text,5.7,34,455,164,69,44381,3780,Low,2.6
6301,YouTube,46-60,Female,USA,Mobile,WiFi,Free,Image,5.1,5,425,74,40,67096,2801,Low,3.3
6302,Facebook,36-45,Female,India,Desktop,WiFi,Premium,Video,0.9,9,486,101,101,20193,2915,Low,3.1
6303,Twitter,46-60,Male,USA,Tablet,WiFi,Premium,Text,0.6,24,169,63,27,74335,1172,Medium,3.2
6304,Pinterest,26-35,Female,Singapore,Desktop,Mobile Data,Premium,Mixed,2.2,39,780,109,49,11127,1711,Medium,9.1
6305,Instagram,46-60,Female,Canada,Mobile,WiFi,Premium,Mixed,3.3,39,55,158,27,45596,2419,Low,7.1
6306,TikTok,13-18,Male,India,Desktop,Mobile Data,Premium,Text,1.6,27,341,0,23,27789,3944,Low,3.6
6307,Pinterest,46-60,Female,Canada,Tablet,Mobile Data,Free,Video,5.6,8,453,82,141,91893,196,High,3.1
6308,Snapchat,19-25,Female,Canada,Tablet,WiFi,Premium,Image,1.5,7,675,167,118,55118,3732,High,9.6
6309,Twitter,19-25,Other,Australia,Desktop,Mobile Data,Free,Video,1.8,5,454,32,79,82326,1561,High,4.1
6310,Snapchat,60+,Female,USA,Mobile,WiFi,Free,Image,3.4,18,106,45,150,98282,2955,Medium,5.8
6311,Twitter,60+,Male,Germany,Desktop,Mobile Data,Free,Image,1.7,36,395,174,11,60306,3918,Medium,2.5
6312,TikTok,13-18,Male,USA,Tablet,Mobile Data,Free,Text,4.7,5,369,73,101,57281,4070,High,3.2
6313,LinkedIn,46-60,Male,Canada,Desktop,WiFi,Free,Video,0.4,35,681,41,38,78272,3634,Low,6.0
6314,Reddit,36-45,Female,Japan,Mobile,WiFi,Free,Video,2.5,4,443,14,39,5481,1431,High,5.6
6315,Pinterest,19-25,Other,Germany,Desktop,Mobile Data,Free,Mixed,4.3,9,777,195,6,6910,4247,Low,8.9
6316,Reddit,36-45,Female,Japan,Desktop,WiFi,Premium,Video,1.9,7,727,158,89,83683,2122,Medium,2.6
6317,Twitter,36-45,Other,UAE,Tablet,Mobile Data,Premium,Text,1.4,21,40,114,84,77361,2441,Medium,4.6
6318,TikTok,13-18,Female,India,Mobile,WiFi,Premium,Video,4.5,16,396,164,91,93306,4710,Medium,9.9
6319,Reddit,46-60,Male,Canada,Desktop,Mobile Data,Premium,Mixed,3.2,39,251,43,146,91780,4516,Medium,6.9
6320,Snapchat,36-45,Male,Germany,Tablet,Mobile Data,Free,Image,1.3,12,569,134,38,45853,3412,High,4.9
6321,Snapchat,13-18,Other,UK,Desktop,WiFi,Premium,Video,1.9,39,605,171,148,15865,1842,Medium,1.2
6322,LinkedIn,19-25,Female,UAE,Tablet,WiFi,Free,Text,0.8,35,357,9,13,46025,337,High,3.5
6323,YouTube,19-25,Other,Brazil,Desktop,Mobile Data,Premium,Mixed,4.6,7,534,172,75,44922,4810,Low,9.8
6324,TikTok,46-60,Other,Germany,Tablet,WiFi,Free,Image,4.6,37,198,12,74,59201,446,High,5.1
6325,Facebook,36-45,Male,USA,Mobile,Mobile Data,Premium,Image,3.7,16,99,19,26,73595,543,High,7.0
6326,Reddit,13-18,Female,Canada,Desktop,Mobile Data,Free,Video,1.3,4,564,6,21,84556,631,Medium,6.2
6327,Instagram,46-60,Female,India,Desktop,WiFi,Premium,Video,4.7,34,230,72,135,46839,3902,Medium,3.4
6328,Instagram,36-45,Female,India,Mobile,Mobile Data,Free,Image,5.5,15,400,20,1,54027,4417,High,6.7
6329,Instagram,46-60,Male,Japan,Desktop,WiFi,Premium,Text,2.4,9,182,134,134,58715,3746,Low,1.9
6330,Pinterest,13-18,Male,Germany,Desktop,WiFi,Premium,Video,3.5,23,265,185,83,71341,2018,Low,1.5
6331,Pinterest,36-45,Male,Germany,Desktop,Mobile Data,Free,Text,2.6,6,461,4,124,40434,1073,Low,1.9
6332,Reddit,13-18,Male,UK,Desktop,Mobile Data,Free,Text,3.2,26,307,3,129,516,1749,High,5.2
6333,LinkedIn,46-60,Female,Japan,Mobile,WiFi,Free,Image,3.2,39,694,191,130,9040,3530,High,3.1
6334,Snapchat,60+,Other,Canada,Mobile,Mobile Data,Premium,Image,5.7,24,465,42,16,3429,917,High,2.7
6335,Instagram,46-60,Male,Australia,Mobile,Mobile Data,Premium,Image,4.7,14,502,124,135,28540,3713,Medium,5.2
6336,Twitter,19-25,Male,USA,Tablet,WiFi,Premium,Mixed,5.8,22,614,151,101,42024,1165,Medium,8.4
6337,Pinterest,19-25,Male,UAE,Mobile,WiFi,Free,Text,2.4,38,708,102,57,26966,1130,Low,7.4
6338,Instagram,19-25,Other,Germany,Desktop,WiFi,Premium,Image,3.2,4,555,81,78,94909,2262,Low,6.0
6339,LinkedIn,60+,Female,USA,Desktop,Mobile Data,Free,Image,4.8,2,253,87,45,75552,2179,Low,5.2
6340,LinkedIn,26-35,Other,Germany,Desktop,Mobile Data,Premium,Image,4.0,37,412,131,78,91366,3578,Medium,9.8
6341,Twitter,26-35,Other,India,Mobile,WiFi,Premium,Image,1.6,18,42,20,37,30848,4789,Medium,6.0
6342,Facebook,46-60,Other,USA,Tablet,Mobile Data,Free,Text,4.8,11,727,141,43,34878,3854,High,8.8
6343,TikTok,46-60,Female,Germany,Mobile,Mobile Data,Free,Image,5.5,23,467,76,140,16697,4399,Medium,5.0
6344,Reddit,36-45,Other,Japan,Tablet,WiFi,Free,Text,0.9,12,179,151,44,60039,3051,Low,7.9
6345,Pinterest,46-60,Other,Australia,Tablet,WiFi,Premium,Video,4.7,2,693,114,66,81174,3828,Low,3.7
6346,Instagram,46-60,Female,Germany,Desktop,WiFi,Free,Image,2.5,5,777,122,51,23310,2417,Low,1.5
6347,Reddit,60+,Male,Australia,Mobile,WiFi,Free,Text,2.9,37,281,71,84,30585,3638,High,2.7
6348,Pinterest,46-60,Male,UK,Tablet,Mobile Data,Premium,Mixed,2.9,6,252,159,11,54145,4553,Low,9.7
6349,YouTube,13-18,Male,UAE,Desktop,Mobile Data,Premium,Mixed,2.6,11,93,172,141,10353,4474,Medium,7.2
6350,YouTube,36-45,Male,Germany,Desktop,WiFi,Free,Video,1.6,18,164,98,140,43130,3474,Low,8.4
6351,Reddit,19-25,Other,USA,Desktop,Mobile Data,Premium,Video,0.6,35,49,43,57,81473,647,Low,8.7
6352,Twitter,36-45,Female,India,Tablet,Mobile Data,Free,Text,0.8,10,518,44,68,73864,523,Low,4.0
6353,Facebook,26-35,Other,Singapore,Mobile,WiFi,Premium,Mixed,3.4,9,642,78,65,91403,2401,Medium,9.2
6354,Snapchat,26-35,Other,Japan,Tablet,WiFi,Free,Mixed,2.3,34,217,187,101,19635,311,High,4.0
6355,Reddit,26-35,Other,Brazil,Mobile,WiFi,Premium,Mixed,1.3,24,96,155,108,28542,3867,High,0.8
6356,TikTok,46-60,Female,Japan,Desktop,Mobile Data,Premium,Video,3.9,28,243,191,32,7332,3413,Low,4.7
6357,Snapchat,46-60,Female,USA,Tablet,Mobile Data,Premium,Image,2.5,11,253,120,121,58431,2432,Medium,7.9
6358,LinkedIn,19-25,Male,Brazil,Desktop,Mobile Data,Free,Mixed,4.8,2,350,110,84,77210,1233,Medium,8.8
6359,Facebook,26-35,Male,Brazil,Mobile,WiFi,Premium,Text,4.4,22,194,178,27,93840,3937,Medium,9.3
6360,YouTube,36-45,Male,Germany,Desktop,WiFi,Free,Image,1.9,27,103,133,121,16507,3896,Medium,0.5
6361,YouTube,46-60,Female,UAE,Tablet,WiFi,Premium,Mixed,4.7,13,573,158,46,55943,1226,Low,0.8
6362,Facebook,26-35,Female,USA,Desktop,Mobile Data,Premium,Image,4.4,1,198,35,76,63505,3589,Medium,6.3
6363,Snapchat,60+,Female,Canada,Desktop,WiFi,Premium,Text,0.4,29,50,131,104,48806,3738,Medium,3.2
6364,Twitter,13-18,Other,Australia,Tablet,WiFi,Free,Text,5.8,8,302,161,36,33945,2401,Medium,1.5
6365,Instagram,46-60,Other,Australia,Desktop,Mobile Data,Premium,Text,5.9,7,506,46,113,66285,3005,Low,1.9
6366,Reddit,46-60,Female,UK,Mobile,WiFi,Free,Mixed,4.2,11,221,64,148,16667,1751,Medium,0.8
6367,LinkedIn,26-35,Female,USA,Desktop,Mobile Data,Premium,Mixed,1.0,28,751,186,40,72519,2054,High,8.1
6368,Pinterest,60+,Male,UK,Mobile,Mobile Data,Premium,Video,4.0,30,204,193,85,58679,3865,Medium,0.6
6369,Reddit,36-45,Other,Brazil,Tablet,Mobile Data,Premium,Image,5.8,16,313,192,149,38410,3349,Low,9.6
6370,TikTok,46-60,Other,Germany,Desktop,WiFi,Premium,Text,1.4,6,603,163,40,78387,2152,Medium,6.4
6371,Facebook,26-35,Male,Canada,Mobile,Mobile Data,Free,Video,3.4,35,431,86,69,28089,3865,High,9.4
6372,YouTube,46-60,Female,UK,Mobile,WiFi,Premium,Image,1.4,18,800,26,137,42891,2139,Low,9.5
6373,Instagram,36-45,Other,Australia,Mobile,WiFi,Free,Mixed,3.7,38,386,43,4,26503,2333,High,7.5
6374,Facebook,36-45,Male,Germany,Desktop,Mobile Data,Free,Video,3.1,1,543,84,133,28119,3682,Medium,5.4
6375,Pinterest,60+,Female,Singapore,Tablet,WiFi,Premium,Text,1.5,24,754,93,71,19722,1709,Low,4.6
6376,Snapchat,60+,Other,Australia,Desktop,WiFi,Premium,Video,0.8,16,327,167,9,42282,2457,High,1.2
6377,Snapchat,36-45,Male,UAE,Desktop,WiFi,Free,Image,2.3,29,25,141,36,1503,2104,Low,7.5
6378,Instagram,60+,Male,UAE,Mobile,WiFi,Free,Mixed,4.2,7,277,108,6,11003,3783,High,2.1
6379,Twitter,26-35,Female,Singapore,Mobile,Mobile Data,Free,Video,5.2,7,137,193,2,66161,501,Medium,6.9
6380,Pinterest,26-35,Female,USA,Tablet,WiFi,Premium,Image,4.4,0,362,66,108,54078,1817,Low,0.8
6381,Facebook,19-25,Other,Japan,Tablet,WiFi,Premium,Text,2.7,16,118,139,120,24739,2108,High,10.0
6382,Instagram,26-35,Female,UAE,Tablet,Mobile Data,Premium,Image,2.7,23,110,9,63,17441,893,Medium,3.2
6383,Twitter,19-25,Other,Brazil,Desktop,Mobile Data,Free,Text,4.0,18,46,195,97,79716,2024,Low,2.8
6384,Facebook,60+,Other,UK,Tablet,Mobile Data,Premium,Video,0.9,12,239,78,116,18121,1036,Low,3.2
6385,Reddit,60+,Male,Japan,Tablet,Mobile Data,Premium,Image,4.1,3,270,1,15,69651,3048,Medium,1.7
6386,Snapchat,60+,Female,Germany,Mobile,WiFi,Premium,Text,0.3,20,270,3,54,33292,1358,High,6.0
6387,Pinterest,26-35,Female,Brazil,Tablet,Mobile Data,Premium,Video,5.4,6,277,146,120,25397,3115,Low,9.7
6388,Facebook,19-25,Other,Australia,Tablet,Mobile Data,Premium,Video,3.5,10,439,21,62,64013,4619,Medium,5.3
6389,YouTube,13-18,Female,Japan,Tablet,WiFi,Free,Image,2.8,2,445,88,120,8199,3520,Medium,4.5
6390,LinkedIn,26-35,Male,Brazil,Mobile,WiFi,Free,Mixed,1.1,13,735,136,43,86511,876,Medium,6.9
6391,Instagram,36-45,Female,Canada,Tablet,Mobile Data,Premium,Text,0.6,34,184,177,73,34819,4624,High,9.8
6392,Pinterest,46-60,Other,Japan,Tablet,Mobile Data,Premium,Video,0.4,38,569,165,107,2179,1009,Medium,2.6
6393,Twitter,46-60,Male,UK,Tablet,WiFi,Free,Text,3.5,27,492,44,86,22372,2607,Medium,9.7
6394,TikTok,19-25,Other,Brazil,Desktop,Mobile Data,Premium,Image,1.7,5,244,113,66,75321,1570,Medium,1.4
6395,Instagram,19-25,Male,Japan,Mobile,WiFi,Free,Text,3.0,34,645,44,98,89722,1200,High,3.5
6396,YouTube,60+,Male,Japan,Desktop,Mobile Data,Premium,Image,0.8,27,218,168,95,47838,2125,Medium,6.5
6397,Twitter,36-45,Male,India,Mobile,WiFi,Free,Mixed,2.8,14,222,26,70,29001,4854,Medium,1.9
6398,Reddit,46-60,Other,India,Mobile,Mobile Data,Free,Text,4.4,34,248,0,125,7965,4432,High,2.7
6399,Instagram,60+,Other,Singapore,Tablet,Mobile Data,Premium,Image,5.0,40,300,181,22,42773,3726,Medium,0.8
6400,Reddit,26-35,Other,Canada,Desktop,Mobile Data,Premium,Mixed,2.4,11,292,164,96,51789,4154,Medium,7.2
6401,Reddit,26-35,Other,Brazil,Mobile,WiFi,Premium,Image,5.9,11,373,139,144,96457,2496,Medium,7.5
6402,LinkedIn,13-18,Female,Singapore,Tablet,WiFi,Free,Text,2.8,8,617,104,73,12672,2760,Medium,9.2
6403,Twitter,36-45,Male,Brazil,Mobile,Mobile Data,Premium,Video,1.4,25,69,26,44,74552,888,Medium,3.7
6404,Reddit,26-35,Female,Canada,Mobile,Mobile Data,Free,Video,1.7,26,472,99,130,61037,1561,Low,2.5
6405,Reddit,46-60,Female,India,Desktop,WiFi,Free,Text,3.7,33,598,3,57,58806,213,Medium,5.7
6406,Snapchat,13-18,Female,USA,Mobile,WiFi,Free,Video,3.9,37,709,191,83,57673,1947,Low,9.2
6407,Twitter,13-18,Female,UK,Desktop,WiFi,Premium,Mixed,3.8,19,338,8,43,18488,1577,Medium,7.3
6408,Instagram,19-25,Male,Canada,Tablet,Mobile Data,Premium,Text,5.5,5,682,192,72,86452,4833,Low,3.1
6409,Twitter,19-25,Female,Australia,Mobile,WiFi,Premium,Video,5.6,3,81,69,71,65943,2609,Medium,8.4
6410,YouTube,19-25,Other,India,Desktop,WiFi,Free,Video,5.9,24,361,59,107,40107,4695,High,9.3
6411,Facebook,46-60,Female,Australia,Desktop,Mobile Data,Free,Mixed,3.9,18,390,59,125,3327,4180,Low,5.7
6412,Instagram,46-60,Male,UAE,Desktop,Mobile Data,Premium,Mixed,5.9,34,599,49,12,87828,3778,Medium,1.5
6413,YouTube,60+,Other,India,Desktop,WiFi,Premium,Image,1.8,7,40,148,46,36228,1451,High,7.4
6414,YouTube,26-35,Male,UAE,Mobile,WiFi,Free,Image,2.0,3,567,85,24,36308,4813,Medium,1.3
6415,TikTok,36-45,Other,Brazil,Mobile,Mobile Data,Premium,Text,5.1,38,599,8,11,16542,418,Medium,4.2
6416,Snapchat,46-60,Male,Japan,Tablet,Mobile Data,Free,Image,0.9,32,429,146,105,81885,1994,High,9.5
6417,Reddit,36-45,Female,Brazil,Desktop,WiFi,Free,Video,2.7,16,341,103,72,36360,3500,Medium,2.2
6418,Snapchat,19-25,Female,USA,Desktop,Mobile Data,Premium,Mixed,3.9,3,290,32,78,84413,3551,Medium,9.5
6419,LinkedIn,60+,Male,Canada,Tablet,Mobile Data,Premium,Image,4.5,16,708,1,5,59456,1316,Low,6.7
6420,Facebook,19-25,Male,Australia,Tablet,Mobile Data,Free,Image,4.5,30,763,141,73,50289,2340,Low,3.7
6421,Twitter,26-35,Male,Australia,Desktop,WiFi,Free,Video,4.5,16,324,3,92,57630,3302,Medium,4.1
6422,Pinterest,36-45,Male,India,Tablet,Mobile Data,Free,Mixed,2.1,16,464,198,101,5193,2024,Low,6.0
6423,YouTube,46-60,Female,Brazil,Desktop,WiFi,Free,Video,2.4,0,194,145,103,40592,4555,High,7.0
6424,LinkedIn,19-25,Male,Germany,Mobile,Mobile Data,Free,Mixed,0.4,13,524,16,40,56979,4640,High,2.1
6425,YouTube,46-60,Female,Australia,Desktop,Mobile Data,Premium,Image,4.0,6,584,138,68,48073,4577,Low,9.5
6426,Twitter,60+,Other,Brazil,Tablet,Mobile Data,Free,Text,2.9,30,684,8,113,15498,402,Low,4.8
6427,Facebook,46-60,Other,Singapore,Mobile,Mobile Data,Free,Video,4.1,40,641,149,135,31394,1992,Low,2.3
6428,TikTok,13-18,Female,UK,Desktop,WiFi,Free,Image,2.1,24,615,37,105,4060,1902,Low,1.5
6429,Facebook,13-18,Other,Germany,Desktop,Mobile Data,Premium,Mixed,4.6,8,452,192,81,94959,485,Low,9.0
6430,Reddit,60+,Other,India,Tablet,Mobile Data,Free,Text,3.4,32,312,79,112,81853,325,High,4.3
6431,LinkedIn,46-60,Female,Canada,Mobile,Mobile Data,Premium,Mixed,2.8,18,117,117,116,54482,4276,Medium,3.7
6432,Instagram,60+,Male,USA,Mobile,WiFi,Premium,Mixed,3.2,0,311,60,21,43878,3365,Medium,5.9
6433,YouTube,60+,Male,Singapore,Tablet,Mobile Data,Premium,Video,1.0,22,533,44,120,19193,931,Low,7.9
6434,Pinterest,26-35,Female,Germany,Mobile,Mobile Data,Premium,Video,4.6,33,28,125,89,19146,735,Low,9.4
6435,TikTok,13-18,Female,Japan,Mobile,WiFi,Free,Image,1.7,36,126,15,69,4383,3020,High,8.2
6436,Facebook,60+,Female,Japan,Mobile,WiFi,Free,Image,1.2,12,167,156,126,63899,2395,High,6.4
6437,LinkedIn,46-60,Female,UK,Desktop,WiFi,Premium,Text,4.7,9,192,197,8,73028,1869,Low,3.7
6438,Reddit,19-25,Other,Brazil,Mobile,WiFi,Free,Video,1.4,10,655,54,109,67487,2044,Medium,9.2
6439,Snapchat,13-18,Male,Singapore,Mobile,Mobile Data,Free,Video,4.5,37,688,31,148,80269,2618,Medium,7.8
6440,LinkedIn,36-45,Male,Germany,Desktop,WiFi,Free,Image,5.2,11,618,133,48,78326,2017,Medium,7.1
6441,Pinterest,46-60,Other,India,Mobile,Mobile Data,Free,Video,5.1,26,371,59,109,10953,4751,High,7.4
6442,TikTok,36-45,Female,Singapore,Desktop,WiFi,Premium,Text,1.5,28,790,59,114,1180,1564,High,5.7
6443,YouTube,19-25,Female,Canada,Tablet,WiFi,Premium,Image,0.2,15,96,114,143,21152,2339,Medium,7.2
6444,Facebook,19-25,Male,Singapore,Mobile,WiFi,Free,Image,4.2,22,459,76,97,41935,2912,Medium,9.7
6445,YouTube,13-18,Male,USA,Tablet,Mobile Data,Premium,Text,2.8,13,549,7,40,40748,2270,High,6.1
6446,Reddit,26-35,Other,India,Desktop,WiFi,Free,Mixed,5.5,34,328,165,104,5836,2691,Medium,2.4
6447,Snapchat,36-45,Other,Germany,Mobile,Mobile Data,Free,Image,4.3,24,573,7,64,90651,1097,Low,4.5
6448,Facebook,46-60,Female,Japan,Tablet,Mobile Data,Premium,Text,6.0,18,737,68,148,24172,1174,Low,6.6
6449,Instagram,19-25,Female,Canada,Desktop,WiFi,Premium,Video,4.9,32,493,28,89,6030,3629,High,0.7
6450,LinkedIn,46-60,Female,UAE,Tablet,Mobile Data,Free,Image,4.4,8,563,192,54,882,2488,Medium,3.5
6451,Twitter,26-35,Male,Canada,Desktop,Mobile Data,Premium,Video,5.2,29,780,27,15,46466,3100,High,0.6
6452,Twitter,60+,Male,UK,Desktop,WiFi,Premium,Image,1.5,11,365,168,55,21071,2179,Low,3.4
6453,Snapchat,19-25,Male,Australia,Mobile,Mobile Data,Premium,Text,5.5,17,738,54,71,18720,4949,High,0.6
6454,Facebook,46-60,Other,Brazil,Tablet,WiFi,Free,Video,3.1,39,641,167,4,88531,2796,Medium,6.5
6455,Instagram,60+,Male,USA,Tablet,Mobile Data,Premium,Text,3.3,34,149,151,87,37249,3327,Medium,0.7
6456,YouTube,60+,Other,UK,Tablet,Mobile Data,Free,Video,4.3,38,603,108,99,3808,4036,Low,8.8
6457,TikTok,46-60,Female,UK,Tablet,WiFi,Premium,Mixed,5.6,38,206,148,49,72661,4494,High,6.4
6458,Twitter,26-35,Female,USA,Mobile,WiFi,Premium,Video,0.6,12,486,141,122,81094,815,Medium,5.6
6459,Instagram,36-45,Other,Germany,Mobile,WiFi,Free,Image,4.1,12,755,32,149,68061,1537,High,9.4
6460,LinkedIn,26-35,Female,Japan,Tablet,WiFi,Free,Video,4.5,5,4,161,103,41472,216,High,3.0
6461,Reddit,36-45,Female,Singapore,Desktop,WiFi,Free,Text,2.7,3,315,11,35,48399,3562,Low,5.6
6462,Reddit,19-25,Other,Australia,Mobile,Mobile Data,Premium,Text,1.2,27,781,63,94,9012,2999,Low,1.9
6463,Instagram,13-18,Other,Brazil,Tablet,WiFi,Free,Image,5.6,23,110,180,122,91788,4902,High,4.0
6464,LinkedIn,26-35,Male,Australia,Tablet,Mobile Data,Free,Image,2.5,16,357,7,132,12510,4902,Medium,8.5
6465,Snapchat,60+,Female,Australia,Tablet,WiFi,Premium,Text,2.1,9,780,155,13,52397,1413,High,3.4
6466,Reddit,60+,Other,USA,Desktop,WiFi,Free,Text,4.9,33,555,65,144,61571,2226,Low,0.5
6467,Snapchat,36-45,Other,UAE,Mobile,WiFi,Free,Image,2.9,1,165,63,115,60112,4135,Low,6.6
6468,Pinterest,46-60,Female,Australia,Mobile,WiFi,Free,Text,2.5,32,93,39,0,85262,596,High,6.4
6469,Reddit,46-60,Female,Brazil,Mobile,Mobile Data,Free,Video,3.2,4,222,159,17,30378,3192,Medium,2.8
6470,Facebook,60+,Other,Canada,Mobile,Mobile Data,Free,Mixed,2.7,35,9,132,128,24695,1989,Medium,7.2
6471,Snapchat,13-18,Female,UAE,Tablet,WiFi,Premium,Text,3.5,0,304,32,100,80448,2882,Medium,2.7
6472,Facebook,46-60,Other,UAE,Tablet,WiFi,Premium,Mixed,3.2,36,173,127,113,21041,883,Low,9.0
6473,Facebook,13-18,Female,Canada,Tablet,WiFi,Premium,Mixed,4.0,23,585,111,68,81475,950,High,3.3
6474,Snapchat,36-45,Male,USA,Mobile,WiFi,Free,Image,3.5,34,336,18,98,39474,3252,High,5.6
6475,LinkedIn,19-25,Male,UAE,Mobile,WiFi,Premium,Video,4.7,23,458,123,100,90067,1129,Low,0.6
6476,YouTube,60+,Male,UAE,Desktop,WiFi,Free,Mixed,0.4,11,532,153,148,97242,2985,High,1.6
6477,Twitter,19-25,Other,UK,Mobile,Mobile Data,Premium,Text,2.6,37,677,106,0,45394,4397,High,8.1
6478,Instagram,13-18,Male,Singapore,Desktop,Mobile Data,Premium,Video,0.2,35,581,105,65,84815,547,High,3.8
6479,Reddit,60+,Female,Canada,Tablet,WiFi,Free,Image,4.8,40,616,53,82,64658,937,High,7.2
6480,Reddit,60+,Female,Singapore,Tablet,Mobile Data,Free,Text,3.5,3,548,194,22,79480,1134,Medium,2.8
6481,Reddit,60+,Male,Japan,Desktop,Mobile Data,Free,Image,1.1,20,619,105,99,44789,4461,Low,9.3
6482,Twitter,13-18,Male,Brazil,Desktop,WiFi,Free,Text,1.8,30,323,98,123,65140,4121,Medium,9.4
6483,Instagram,60+,Other,India,Tablet,Mobile Data,Premium,Image,5.9,14,251,185,128,46711,3809,High,7.6
6484,Instagram,46-60,Male,Canada,Mobile,Mobile Data,Premium,Image,0.8,25,592,123,10,94574,1069,Low,8.1
6485,TikTok,46-60,Female,Australia,Desktop,WiFi,Free,Mixed,3.8,19,256,61,133,26221,606,Medium,5.6
6486,LinkedIn,36-45,Female,Canada,Mobile,WiFi,Premium,Text,5.1,14,337,145,113,81609,3095,Low,2.8
6487,YouTube,36-45,Other,Australia,Tablet,Mobile Data,Premium,Video,5.7,24,42,7,54,15995,2348,High,2.3
6488,LinkedIn,26-35,Male,Japan,Tablet,Mobile Data,Free,Video,4.8,19,563,62,7,50908,201,Medium,8.0
6489,Snapchat,26-35,Other,Brazil,Desktop,WiFi,Free,Mixed,3.9,22,630,21,43,17661,4340,High,1.3
6490,Facebook,13-18,Other,Australia,Desktop,Mobile Data,Premium,Video,5.9,6,473,200,135,59069,4137,Low,8.3
6491,LinkedIn,36-45,Other,UK,Mobile,WiFi,Free,Video,1.5,15,39,63,29,42221,2520,High,3.8
6492,TikTok,46-60,Female,Japan,Tablet,WiFi,Premium,Video,1.9,2,418,68,92,92772,4594,High,2.2
6493,Twitter,26-35,Other,Canada,Desktop,WiFi,Free,Text,0.3,14,436,192,17,60423,2473,Medium,9.3
6494,Facebook,60+,Female,India,Desktop,Mobile Data,Free,Image,3.5,27,81,134,8,65625,1413,Low,3.7
6495,LinkedIn,46-60,Female,Brazil,Desktop,WiFi,Premium,Image,4.0,27,319,174,6,57424,1983,High,5.0
6496,Facebook,13-18,Female,Brazil,Desktop,WiFi,Free,Text,5.6,36,636,21,14,47058,4950,Medium,4.6
6497,Reddit,13-18,Other,Brazil,Desktop,Mobile Data,Free,Video,5.6,17,127,200,112,56696,2698,Low,5.9
6498,Snapchat,13-18,Male,Japan,Mobile,Mobile Data,Free,Mixed,4.7,33,556,83,3,95695,491,High,3.0
6499,Snapchat,19-25,Female,Brazil,Tablet,WiFi,Premium,Mixed,3.4,32,179,164,134,57981,2066,High,6.4
6500,TikTok,19-25,Female,Canada,Tablet,WiFi,Premium,Text,0.9,12,739,174,22,10129,2049,Low,1.6
6501,Pinterest,19-25,Male,UK,Desktop,Mobile Data,Free,Mixed,5.2,22,766,88,115,51839,3108,Medium,7.2
6502,Instagram,26-35,Male,Australia,Mobile,Mobile Data,Premium,Image,4.2,32,314,148,103,33302,1593,Medium,1.4
6503,YouTube,26-35,Female,Singapore,Desktop,Mobile Data,Premium,Mixed,1.0,40,287,53,45,138,1174,High,8.6
6504,LinkedIn,13-18,Female,Singapore,Tablet,Mobile Data,Free,Video,3.9,37,619,123,11,93577,507,Low,5.0
6505,LinkedIn,13-18,Female,Singapore,Mobile,WiFi,Premium,Text,2.5,20,190,168,135,43033,2715,Medium,1.5
6506,Instagram,19-25,Male,UK,Mobile,WiFi,Premium,Mixed,1.5,30,332,139,69,45178,3148,Medium,8.8
6507,Reddit,46-60,Female,UAE,Mobile,Mobile Data,Free,Video,0.7,1,468,163,149,78620,3194,Medium,7.8
6508,LinkedIn,46-60,Other,Singapore,Tablet,Mobile Data,Free,Mixed,5.4,10,440,73,26,79345,4121,High,2.7
6509,Pinterest,13-18,Other,Brazil,Tablet,WiFi,Free,Video,2.8,3,312,76,22,32995,4123,High,6.6
6510,Instagram,36-45,Other,UAE,Tablet,Mobile Data,Free,Image,0.4,20,183,67,64,9216,1250,High,8.5
6511,Instagram,26-35,Male,Canada,Mobile,Mobile Data,Premium,Image,3.5,19,315,99,16,1187,2590,Medium,1.0
6512,Instagram,19-25,Female,Canada,Tablet,WiFi,Free,Text,3.8,8,582,24,25,36504,4493,Low,7.2
6513,LinkedIn,60+,Other,Canada,Tablet,WiFi,Premium,Text,5.9,26,211,192,112,51890,2506,Medium,9.1
6514,Reddit,60+,Female,Singapore,Mobile,Mobile Data,Premium,Image,0.9,15,220,164,137,96304,1185,High,8.2
6515,Facebook,46-60,Male,Brazil,Desktop,WiFi,Free,Image,2.9,5,218,105,28,64070,2307,High,8.7
6516,TikTok,36-45,Other,Singapore,Tablet,WiFi,Free,Video,1.5,7,293,36,121,83580,4756,Low,9.7
6517,Twitter,26-35,Male,Canada,Mobile,Mobile Data,Premium,Mixed,4.0,38,559,51,90,6545,1591,Low,6.3
6518,TikTok,60+,Female,UK,Tablet,WiFi,Premium,Mixed,1.8,4,739,24,39,80165,4171,Low,4.4
6519,LinkedIn,36-45,Other,Canada,Desktop,WiFi,Free,Mixed,4.1,29,364,52,59,92202,2860,Medium,6.5
6520,Facebook,46-60,Male,Australia,Tablet,WiFi,Premium,Video,2.4,5,194,6,26,48602,364,Low,2.0
6521,LinkedIn,13-18,Male,UAE,Mobile,Mobile Data,Premium,Mixed,2.8,37,122,38,94,75889,4811,Low,3.4
6522,Twitter,19-25,Other,Singapore,Mobile,WiFi,Premium,Text,0.5,0,688,171,75,4501,3685,Low,1.7
6523,Instagram,19-25,Male,Brazil,Tablet,WiFi,Premium,Video,0.8,18,491,31,37,10914,436,High,8.6
6524,TikTok,36-45,Other,UK,Mobile,Mobile Data,Free,Mixed,3.6,10,241,200,5,61913,2353,High,4.6
6525,Instagram,60+,Male,Japan,Desktop,WiFi,Premium,Video,2.3,6,68,79,114,97655,558,Medium,1.8
6526,YouTube,13-18,Male,Canada,Mobile,Mobile Data,Free,Mixed,4.7,18,23,48,131,77602,941,Medium,8.7
6527,TikTok,46-60,Male,Canada,Mobile,WiFi,Premium,Video,5.4,12,721,197,82,84250,3602,High,4.6
6528,Facebook,19-25,Male,UAE,Mobile,WiFi,Free,Image,3.1,8,797,183,7,45093,2713,High,6.2
6529,Facebook,60+,Other,UAE,Mobile,Mobile Data,Free,Video,0.8,10,747,153,9,84270,504,High,3.7
6530,Snapchat,26-35,Male,Canada,Tablet,Mobile Data,Premium,Image,2.9,5,582,64,53,66227,4706,Medium,7.6
6531,Reddit,60+,Male,Canada,Mobile,WiFi,Premium,Mixed,2.8,7,706,125,73,68261,799,Low,8.8
6532,TikTok,60+,Female,India,Mobile,Mobile Data,Free,Video,4.5,35,665,47,61,8899,2842,High,1.0
6533,Instagram,60+,Female,Germany,Tablet,Mobile Data,Free,Text,1.4,25,158,176,106,82071,1285,High,1.5
6534,Instagram,36-45,Other,UAE,Tablet,WiFi,Free,Text,5.4,5,164,96,99,4846,2178,Medium,4.0
6535,YouTube,19-25,Male,USA,Mobile,Mobile Data,Premium,Text,2.2,12,749,190,6,88535,1071,High,9.1
6536,LinkedIn,13-18,Female,India,Tablet,WiFi,Premium,Image,2.0,16,364,120,45,36179,4641,Low,8.4
6537,Snapchat,36-45,Other,USA,Tablet,Mobile Data,Free,Video,2.2,9,387,148,35,87434,1145,Low,5.4
6538,Twitter,19-25,Female,UAE,Desktop,WiFi,Free,Mixed,3.1,4,189,173,117,64922,4263,High,7.9
6539,YouTube,26-35,Other,Singapore,Desktop,Mobile Data,Premium,Video,5.7,34,453,87,41,49544,4080,Low,6.0
6540,YouTube,19-25,Male,Brazil,Tablet,WiFi,Free,Text,5.4,16,647,76,2,97531,3184,Medium,9.2
6541,Instagram,13-18,Female,UK,Desktop,Mobile Data,Premium,Video,4.3,16,441,100,21,55224,3698,Low,9.1
6542,Reddit,46-60,Female,Singapore,Mobile,Mobile Data,Free,Text,1.0,28,697,59,114,47543,1382,Low,7.3
6543,LinkedIn,26-35,Other,Germany,Mobile,Mobile Data,Free,Text,2.8,40,593,96,108,96241,913,High,7.2
6544,TikTok,60+,Female,UAE,Tablet,WiFi,Premium,Video,2.5,20,343,40,1,57720,3873,Medium,4.1
6545,Reddit,60+,Other,UAE,Desktop,Mobile Data,Premium,Mixed,3.4,17,104,168,81,29103,1804,Medium,1.3
6546,Instagram,46-60,Male,USA,Mobile,Mobile Data,Premium,Image,1.1,3,80,154,140,41926,3134,Low,6.8
6547,Snapchat,19-25,Female,India,Tablet,Mobile Data,Premium,Mixed,5.5,18,36,170,5,73931,172,High,6.0
6548,LinkedIn,36-45,Male,Singapore,Mobile,Mobile Data,Premium,Text,4.8,36,414,111,52,20320,4521,High,8.6
6549,LinkedIn,19-25,Other,Germany,Desktop,WiFi,Premium,Text,1.3,33,696,106,127,27539,3410,High,9.7
6550,LinkedIn,19-25,Male,UK,Tablet,Mobile Data,Free,Mixed,3.6,13,12,65,62,61648,1986,High,1.8
6551,TikTok,26-35,Other,Canada,Tablet,Mobile Data,Premium,Image,1.3,5,415,182,150,46979,4207,Medium,3.3
6552,LinkedIn,19-25,Male,Brazil,Mobile,Mobile Data,Free,Mixed,0.5,25,442,162,86,47658,1559,Low,1.6
6553,YouTube,60+,Other,Japan,Tablet,WiFi,Premium,Text,4.5,19,524,187,27,1867,4786,Low,5.1
6554,Pinterest,60+,Other,UK,Mobile,Mobile Data,Free,Mixed,0.7,3,510,25,100,4882,2601,Medium,4.0
6555,TikTok,46-60,Male,UAE,Tablet,Mobile Data,Premium,Text,1.8,10,637,126,26,19375,3237,High,4.2
6556,TikTok,26-35,Other,Brazil,Tablet,WiFi,Premium,Image,3.1,37,622,191,113,72481,4141,Low,7.6
6557,TikTok,13-18,Male,India,Tablet,Mobile Data,Free,Image,0.9,23,699,3,81,2739,925,High,3.2
6558,LinkedIn,60+,Female,Brazil,Mobile,WiFi,Premium,Mixed,3.9,1,488,151,62,5158,3947,Medium,6.8
6559,LinkedIn,46-60,Male,Germany,Tablet,WiFi,Premium,Image,4.2,26,40,0,25,37043,233,High,5.1
6560,LinkedIn,36-45,Female,UAE,Mobile,Mobile Data,Premium,Text,0.9,25,760,87,37,54133,3317,Medium,9.6
6561,Snapchat,13-18,Other,UAE,Desktop,WiFi,Premium,Text,2.1,23,549,66,66,40882,4448,Medium,8.0
6562,Reddit,26-35,Male,USA,Tablet,WiFi,Premium,Text,5.8,38,159,82,58,438,558,Medium,4.1
6563,Snapchat,46-60,Other,UK,Tablet,Mobile Data,Premium,Text,1.2,19,70,74,71,3769,3929,Low,2.0
6564,YouTube,60+,Other,Japan,Desktop,Mobile Data,Premium,Text,1.0,11,175,7,16,29713,2659,Medium,2.8
6565,Snapchat,13-18,Male,Australia,Desktop,Mobile Data,Premium,Mixed,4.8,3,323,179,32,98436,1943,High,2.3
6566,TikTok,26-35,Female,Singapore,Tablet,WiFi,Free,Text,4.9,25,418,3,39,16472,2934,Low,5.8
6567,Facebook,46-60,Female,UAE,Mobile,Mobile Data,Premium,Text,4.6,15,226,159,141,46265,4612,High,5.5
6568,Twitter,60+,Female,India,Tablet,Mobile Data,Free,Video,3.0,18,797,55,36,60408,3033,High,3.4
6569,Reddit,13-18,Female,Canada,Tablet,WiFi,Premium,Mixed,3.5,21,282,111,1,97154,4009,Low,5.2
6570,Reddit,36-45,Other,Singapore,Tablet,Mobile Data,Free,Video,0.4,30,459,106,102,44687,4767,Low,7.2
6571,YouTube,26-35,Male,USA,Mobile,Mobile Data,Free,Text,1.5,27,66,62,88,88765,4685,Medium,3.4
6572,Reddit,26-35,Female,USA,Desktop,Mobile Data,Free,Text,1.6,40,318,94,75,81022,4033,High,2.8
6573,Pinterest,13-18,Male,Japan,Mobile,Mobile Data,Premium,Video,4.4,5,290,10,105,40707,2749,Medium,7.8
6574,Instagram,46-60,Male,India,Tablet,WiFi,Premium,Video,4.9,39,68,26,51,45881,4415,High,7.1
6575,Facebook,46-60,Other,Australia,Tablet,WiFi,Premium,Mixed,4.4,0,635,175,128,37775,4330,Medium,6.4
6576,Snapchat,13-18,Male,USA,Tablet,WiFi,Free,Video,0.3,33,615,122,60,31576,4163,Medium,8.4
6577,Twitter,36-45,Male,USA,Mobile,WiFi,Premium,Mixed,2.3,7,494,15,1,13128,964,Low,4.0
6578,Reddit,13-18,Female,Singapore,Tablet,Mobile Data,Premium,Text,5.4,35,237,18,72,49225,2789,Low,7.8
6579,Instagram,46-60,Other,India,Mobile,Mobile Data,Premium,Mixed,1.4,31,704,138,99,522,2020,Medium,5.6
6580,Pinterest,13-18,Other,UAE,Tablet,WiFi,Premium,Text,0.6,25,332,170,0,52956,4627,Low,9.2
6581,Instagram,13-18,Other,UK,Desktop,WiFi,Free,Video,0.2,14,651,145,116,66600,4858,Low,6.0
6582,YouTube,19-25,Other,Canada,Desktop,Mobile Data,Premium,Mixed,1.4,37,617,94,108,69926,622,Medium,8.4
6583,YouTube,26-35,Female,Japan,Mobile,Mobile Data,Free,Text,4.3,38,177,36,9,20368,4039,Low,7.9
6584,Reddit,19-25,Other,USA,Tablet,WiFi,Free,Mixed,5.5,40,347,111,108,12337,552,High,5.3
6585,TikTok,13-18,Other,Brazil,Desktop,WiFi,Free,Video,5.0,1,89,142,16,95448,3368,Medium,7.6
6586,Instagram,26-35,Male,Germany,Mobile,Mobile Data,Free,Image,3.8,11,480,92,146,63242,1318,Medium,3.5
6587,Facebook,19-25,Female,Singapore,Mobile,Mobile Data,Free,Text,2.4,21,404,142,21,4813,1333,Low,5.8
6588,Pinterest,13-18,Other,UK,Mobile,WiFi,Free,Mixed,3.7,19,713,24,71,54610,3498,Low,2.5
6589,YouTube,46-60,Male,Japan,Desktop,Mobile Data,Premium,Text,5.3,3,1,71,107,7552,3645,Low,2.3
6590,Facebook,46-60,Other,Japan,Desktop,Mobile Data,Premium,Text,1.9,26,792,106,72,83779,988,Low,4.2
6591,Instagram,60+,Female,UK,Desktop,WiFi,Premium,Text,5.9,2,414,157,60,41214,4610,Medium,7.4
6592,Snapchat,36-45,Other,Canada,Tablet,WiFi,Premium,Video,5.2,4,502,80,48,22950,4291,High,6.1
6593,Instagram,46-60,Male,Germany,Desktop,Mobile Data,Premium,Image,4.5,16,201,33,139,69417,4459,High,5.3
6594,Snapchat,60+,Female,Japan,Mobile,Mobile Data,Free,Video,5.2,14,607,162,96,79128,2851,High,0.8
6595,TikTok,60+,Female,UK,Tablet,WiFi,Free,Text,3.3,27,496,113,84,39295,3837,High,3.7
6596,Facebook,60+,Other,India,Tablet,WiFi,Premium,Text,4.8,0,331,134,140,91277,2316,Low,9.4
6597,LinkedIn,46-60,Other,UK,Mobile,Mobile Data,Free,Image,5.8,29,290,124,98,81780,2666,Medium,2.4
6598,Instagram,26-35,Female,UAE,Desktop,Mobile Data,Premium,Text,0.3,10,526,103,99,3732,3551,Medium,8.7
6599,YouTube,46-60,Female,Brazil,Tablet,Mobile Data,Premium,Image,3.6,37,493,184,94,41538,753,Medium,5.4
6600,LinkedIn,46-60,Other,Australia,Tablet,Mobile Data,Free,Image,3.0,12,500,38,35,97749,1639,High,3.6
6601,Snapchat,26-35,Male,UK,Mobile,Mobile Data,Free,Text,3.8,36,59,69,91,44735,2045,High,6.7
6602,Twitter,19-25,Female,Germany,Tablet,Mobile Data,Premium,Mixed,1.8,40,80,61,89,91279,933,Medium,6.3
6603,TikTok,26-35,Female,Brazil,Tablet,Mobile Data,Premium,Text,3.1,22,615,152,107,14646,3270,Medium,2.7
6604,Reddit,60+,Female,Singapore,Mobile,Mobile Data,Free,Text,5.2,19,468,121,93,35727,2565,Medium,4.2
6605,Pinterest,19-25,Other,Canada,Mobile,WiFi,Free,Video,3.2,23,798,105,150,94461,1339,Medium,5.6
6606,Pinterest,60+,Female,Australia,Mobile,WiFi,Free,Text,1.5,20,215,115,23,78800,2856,Low,5.5
6607,TikTok,46-60,Male,USA,Tablet,Mobile Data,Free,Text,1.5,11,293,199,58,99228,3523,High,6.1
6608,Facebook,60+,Male,India,Tablet,Mobile Data,Premium,Text,0.6,34,60,24,131,37860,3525,Low,5.6
6609,TikTok,13-18,Female,UAE,Tablet,Mobile Data,Premium,Mixed,5.7,27,545,189,130,18245,60,Low,3.2
6610,YouTube,60+,Female,Japan,Desktop,Mobile Data,Free,Mixed,5.1,5,295,38,133,46804,2791,Medium,4.9
6611,Instagram,60+,Female,Australia,Mobile,Mobile Data,Premium,Image,4.1,20,18,89,89,44775,4028,Low,9.5
6612,Snapchat,13-18,Female,India,Tablet,Mobile Data,Premium,Image,4.7,5,604,156,120,29515,3609,Low,6.5
6613,Instagram,60+,Other,Singapore,Tablet,Mobile Data,Premium,Image,1.0,23,312,105,57,40355,254,High,2.2
6614,Pinterest,46-60,Other,UK,Tablet,WiFi,Free,Mixed,1.3,11,39,83,131,94374,2432,High,4.9
6615,LinkedIn,13-18,Female,UAE,Tablet,WiFi,Free,Mixed,3.1,15,181,108,64,57137,3683,Low,9.7
6616,YouTube,46-60,Female,UK,Desktop,WiFi,Premium,Image,2.8,13,431,134,26,74966,2999,High,6.4
6617,Pinterest,46-60,Other,USA,Desktop,WiFi,Free,Text,1.7,37,777,106,83,89083,2032,Low,4.0
6618,Twitter,19-25,Female,Brazil,Tablet,Mobile Data,Free,Video,3.7,32,186,190,91,7280,1033,High,6.3
6619,Reddit,13-18,Female,Canada,Desktop,Mobile Data,Premium,Text,4.5,14,14,191,147,89328,3351,High,5.3
6620,Pinterest,26-35,Male,USA,Desktop,Mobile Data,Premium,Video,2.4,5,588,80,130,32799,1894,Low,7.8
6621,LinkedIn,46-60,Other,Australia,Desktop,WiFi,Premium,Mixed,2.5,29,518,8,25,75255,4251,Low,2.6
6622,Reddit,19-25,Male,Canada,Mobile,WiFi,Free,Video,1.4,9,127,139,46,26082,3721,Low,5.2
6623,Instagram,19-25,Other,India,Desktop,Mobile Data,Premium,Mixed,5.6,26,451,112,119,99175,2581,High,4.6
6624,Snapchat,46-60,Male,USA,Tablet,Mobile Data,Premium,Mixed,0.9,9,69,29,17,90927,4810,Medium,5.4
6625,Twitter,19-25,Male,India,Desktop,Mobile Data,Free,Video,4.2,34,82,88,133,3669,4568,High,1.4
6626,Reddit,19-25,Male,Canada,Desktop,Mobile Data,Premium,Image,4.4,24,183,188,25,50490,2506,High,3.9
6627,YouTube,36-45,Male,Germany,Tablet,WiFi,Free,Text,4.7,15,300,53,72,91964,4933,Medium,9.6
6628,LinkedIn,19-25,Female,Japan,Desktop,Mobile Data,Premium,Image,1.0,28,516,1,87,84873,297,Low,8.6
6629,Instagram,13-18,Other,Japan,Tablet,WiFi,Free,Mixed,3.7,6,72,82,52,2869,4315,High,4.4
6630,YouTube,36-45,Other,USA,Tablet,Mobile Data,Premium,Text,4.3,29,150,36,1,78265,4033,High,8.2
6631,Twitter,26-35,Female,Singapore,Desktop,WiFi,Premium,Text,0.9,39,617,44,90,14872,4779,Medium,0.9
6632,YouTube,46-60,Other,Japan,Desktop,Mobile Data,Free,Video,4.3,17,607,76,52,45382,3037,High,7.1
6633,Twitter,46-60,Male,India,Mobile,WiFi,Premium,Video,4.9,34,718,189,99,38301,1340,Low,5.0
6634,Facebook,36-45,Female,Singapore,Desktop,WiFi,Premium,Mixed,1.3,37,408,57,88,25240,3353,High,1.7
6635,LinkedIn,26-35,Female,Canada,Mobile,Mobile Data,Premium,Video,2.8,18,676,62,132,44090,1407,Medium,2.9
6636,TikTok,13-18,Female,Singapore,Tablet,Mobile Data,Premium,Video,4.1,26,305,101,34,47982,4375,High,1.9
6637,YouTube,19-25,Other,Brazil,Tablet,Mobile Data,Premium,Mixed,0.6,38,383,173,9,74248,2728,Medium,6.8
6638,Instagram,13-18,Male,Australia,Mobile,Mobile Data,Premium,Image,4.7,4,661,40,18,91377,176,Low,8.9
6639,YouTube,36-45,Other,Brazil,Desktop,WiFi,Free,Video,0.8,32,249,56,96,91260,1138,Medium,8.7
6640,Pinterest,46-60,Other,Brazil,Tablet,WiFi,Premium,Image,2.3,34,263,184,89,43488,3506,High,2.5
6641,Instagram,60+,Female,Brazil,Mobile,Mobile Data,Free,Video,2.2,21,784,159,18,17070,4083,Medium,3.5
6642,Reddit,36-45,Female,UAE,Mobile,Mobile Data,Free,Mixed,5.8,5,790,12,130,14389,790,Medium,7.7
6643,LinkedIn,36-45,Male,UAE,Mobile,WiFi,Premium,Text,5.6,20,565,38,44,94760,647,High,3.1
6644,TikTok,26-35,Male,UK,Mobile,WiFi,Free,Video,0.4,14,299,74,112,73856,985,Low,9.4
6645,LinkedIn,19-25,Male,Canada,Tablet,Mobile Data,Free,Mixed,0.7,38,318,6,18,83393,2053,Medium,4.9
6646,Reddit,19-25,Other,UK,Desktop,Mobile Data,Premium,Mixed,3.9,31,578,20,95,37020,4179,Low,2.3
6647,Reddit,26-35,Female,UAE,Desktop,Mobile Data,Premium,Video,4.2,30,540,47,72,35849,1533,Medium,3.3
6648,YouTube,46-60,Other,India,Tablet,Mobile Data,Premium,Video,2.2,34,361,86,101,8407,2104,Medium,3.5
6649,Pinterest,36-45,Other,Brazil,Mobile,WiFi,Premium,Video,4.7,39,639,105,46,73265,531,Low,4.7
6650,LinkedIn,19-25,Female,Germany,Mobile,WiFi,Premium,Mixed,4.4,3,676,92,101,97891,3433,High,6.8
6651,YouTube,13-18,Male,UK,Mobile,WiFi,Free,Video,0.9,5,405,155,95,77392,3815,Medium,2.4
6652,TikTok,26-35,Male,India,Tablet,Mobile Data,Free,Mixed,2.5,37,325,192,35,95273,4264,Medium,9.6
6653,TikTok,60+,Female,India,Tablet,WiFi,Premium,Image,5.4,30,178,78,127,30122,1864,High,1.1
6654,YouTube,26-35,Other,Singapore,Desktop,Mobile Data,Free,Mixed,3.5,29,241,113,83,48767,260,Low,6.0
6655,Facebook,60+,Male,Germany,Mobile,WiFi,Premium,Image,1.6,15,330,103,44,95190,4319,Low,9.5
6656,Instagram,26-35,Male,Japan,Tablet,WiFi,Premium,Text,2.8,36,564,4,56,74504,2845,Low,3.8
6657,TikTok,60+,Other,India,Mobile,WiFi,Free,Mixed,5.8,31,676,188,145,70950,3597,Medium,7.4
6658,Facebook,26-35,Male,USA,Mobile,Mobile Data,Premium,Text,2.2,25,553,58,135,75896,234,Low,6.9
6659,Snapchat,13-18,Male,UAE,Desktop,WiFi,Free,Mixed,0.6,34,441,50,6,4185,959,Medium,6.8
6660,Instagram,13-18,Other,Japan,Tablet,Mobile Data,Free,Text,1.4,27,117,15,9,64386,2088,High,5.1
6661,Twitter,36-45,Male,Australia,Desktop,WiFi,Free,Video,0.5,31,461,163,74,95221,1790,Low,0.6
6662,Pinterest,60+,Male,Germany,Tablet,WiFi,Premium,Mixed,5.6,19,497,40,94,28308,1514,Low,5.8
6663,TikTok,13-18,Male,UK,Tablet,WiFi,Premium,Image,1.7,29,384,112,25,93396,3667,High,1.0
6664,Instagram,13-18,Female,Japan,Tablet,Mobile Data,Free,Video,0.4,8,6,26,2,65788,2340,High,1.1
6665,Twitter,19-25,Male,Australia,Tablet,Mobile Data,Free,Mixed,5.0,3,629,48,63,30690,1148,High,6.8
6666,Instagram,19-25,Female,Australia,Desktop,WiFi,Premium,Text,0.3,35,702,164,81,98189,4905,Medium,1.7
6667,Pinterest,19-25,Male,UAE,Desktop,WiFi,Free,Image,2.9,33,416,62,98,523,1292,High,7.7
6668,YouTube,19-25,Other,Canada,Mobile,Mobile Data,Free,Image,0.8,32,22,114,14,647,4218,Medium,5.8
6669,Facebook,46-60,Female,India,Desktop,Mobile Data,Free,Image,3.4,12,290,126,139,81052,2891,Medium,1.5
6670,Facebook,26-35,Male,Brazil,Tablet,Mobile Data,Free,Video,4.0,27,33,74,111,20018,2109,High,0.8
6671,Snapchat,13-18,Other,Germany,Desktop,Mobile Data,Free,Image,5.4,28,577,37,16,98422,1404,Medium,4.9
6672,LinkedIn,46-60,Male,Germany,Desktop,Mobile Data,Free,Text,5.3,11,234,125,51,33293,3626,High,1.6
6673,Pinterest,26-35,Other,Canada,Mobile,WiFi,Free,Text,5.9,7,774,182,100,46091,2354,High,6.3
6674,LinkedIn,26-35,Other,Singapore,Desktop,Mobile Data,Premium,Image,3.6,31,590,0,62,60214,244,Low,1.7
6675,Pinterest,46-60,Other,USA,Tablet,Mobile Data,Premium,Mixed,4.1,14,72,188,63,63203,3044,High,7.7
6676,Pinterest,26-35,Other,Germany,Mobile,WiFi,Premium,Mixed,3.7,10,9,186,71,67564,1693,Medium,7.0
6677,TikTok,13-18,Other,Canada,Tablet,Mobile Data,Premium,Text,5.6,39,291,47,79,8848,4947,High,8.6
6678,Instagram,19-25,Male,Germany,Desktop,WiFi,Premium,Image,5.4,17,436,72,121,78912,3537,Medium,2.6
6679,Snapchat,60+,Female,UAE,Desktop,WiFi,Free,Text,2.5,26,366,196,42,28115,1841,Medium,7.5
6680,Snapchat,13-18,Male,India,Mobile,WiFi,Free,Image,5.6,28,502,99,3,37647,1944,Medium,9.7
6681,LinkedIn,60+,Other,Japan,Mobile,Mobile Data,Premium,Mixed,3.5,3,743,80,47,45042,2416,Medium,8.2
6682,TikTok,36-45,Female,Germany,Desktop,Mobile Data,Free,Text,3.0,40,405,147,64,24305,1272,Low,1.8
6683,Instagram,60+,Male,Germany,Mobile,WiFi,Free,Image,3.6,33,732,49,64,95200,115,Medium,2.2
6684,Instagram,36-45,Female,USA,Desktop,Mobile Data,Premium,Image,0.6,14,659,145,48,86285,4896,Medium,7.8
6685,TikTok,19-25,Other,Canada,Desktop,Mobile Data,Free,Image,1.9,24,3,91,93,29001,4501,Medium,4.8
6686,Pinterest,19-25,Other,Canada,Tablet,WiFi,Premium,Text,0.3,22,400,40,84,93058,4932,High,2.5
6687,Pinterest,19-25,Other,Germany,Tablet,Mobile Data,Free,Video,1.2,14,795,127,80,3276,4696,Medium,8.7
6688,LinkedIn,26-35,Female,Brazil,Mobile,Mobile Data,Premium,Image,0.8,7,780,7,104,50410,1861,Medium,9.8
6689,Reddit,13-18,Female,USA,Tablet,WiFi,Premium,Image,3.9,16,222,108,79,66590,1412,High,6.1
6690,Twitter,19-25,Male,Singapore,Tablet,WiFi,Free,Text,4.0,18,176,11,88,92036,2956,High,1.4
6691,Twitter,13-18,Female,UK,Mobile,WiFi,Premium,Text,4.1,30,349,12,75,37662,3099,Low,5.3
6692,LinkedIn,46-60,Male,India,Tablet,Mobile Data,Free,Video,5.9,27,215,134,88,26499,2747,Medium,7.6
6693,Twitter,36-45,Male,UK,Tablet,Mobile Data,Free,Text,1.2,2,566,145,38,91376,797,Medium,5.8
6694,Instagram,19-25,Male,Germany,Mobile,WiFi,Premium,Text,4.7,11,350,187,54,1010,2171,Medium,10.0
6695,Facebook,46-60,Female,Australia,Mobile,Mobile Data,Premium,Mixed,3.8,36,463,33,98,74612,3777,Medium,3.5
6696,Reddit,26-35,Male,Canada,Tablet,Mobile Data,Free,Video,2.5,38,106,181,141,8724,4458,Low,8.1
6697,Pinterest,19-25,Other,Brazil,Desktop,WiFi,Premium,Mixed,4.2,26,361,112,17,93363,3879,High,5.0
6698,Pinterest,46-60,Other,Singapore,Desktop,WiFi,Premium,Video,2.5,26,110,5,37,49239,3294,Low,3.7
6699,Snapchat,26-35,Other,Brazil,Tablet,Mobile Data,Free,Image,0.9,16,199,131,33,92555,3331,Medium,9.0
6700,YouTube,46-60,Male,Australia,Desktop,Mobile Data,Premium,Mixed,1.9,16,722,179,82,14980,3292,Medium,8.2
6701,Instagram,46-60,Other,Australia,Mobile,WiFi,Free,Image,1.0,38,597,22,91,44901,56,Low,2.1
6702,YouTube,60+,Other,USA,Tablet,WiFi,Premium,Text,0.7,1,71,191,8,5494,2219,Low,8.2
6703,LinkedIn,60+,Male,Singapore,Tablet,WiFi,Free,Mixed,1.2,29,494,138,53,7954,4018,High,9.9
6704,Twitter,13-18,Female,Australia,Tablet,Mobile Data,Free,Mixed,3.8,16,764,20,129,3101,3241,High,1.9
6705,LinkedIn,19-25,Male,Germany,Mobile,WiFi,Free,Mixed,1.6,11,181,21,72,95814,169,High,2.5
6706,LinkedIn,36-45,Female,UAE,Mobile,WiFi,Premium,Text,6.0,30,733,5,141,56130,4033,Low,9.2
6707,LinkedIn,13-18,Female,Japan,Tablet,WiFi,Free,Image,1.1,34,535,109,66,2598,3582,High,2.5
6708,Twitter,26-35,Female,USA,Desktop,Mobile Data,Premium,Mixed,0.3,34,677,186,112,32706,73,Low,2.5
6709,Twitter,26-35,Male,Japan,Desktop,WiFi,Premium,Text,3.7,5,736,138,53,98629,955,Low,4.6
6710,Reddit,46-60,Female,Australia,Desktop,Mobile Data,Premium,Video,2.8,14,798,198,89,93058,993,Medium,2.4
6711,Pinterest,26-35,Male,Germany,Tablet,WiFi,Premium,Text,4.2,31,741,105,102,800,4507,Medium,8.2
6712,Pinterest,60+,Other,Germany,Mobile,Mobile Data,Premium,Image,5.3,38,355,195,105,15248,3127,Medium,6.2
6713,Reddit,13-18,Male,Brazil,Tablet,Mobile Data,Premium,Text,3.8,37,534,21,56,50953,4077,Low,8.8
6714,Twitter,26-35,Other,India,Mobile,WiFi,Premium,Image,3.3,34,617,125,82,79828,2391,Low,7.5
6715,Facebook,26-35,Male,Germany,Tablet,WiFi,Free,Mixed,3.1,19,367,79,46,93865,4136,Low,6.9
6716,Twitter,19-25,Male,Germany,Mobile,WiFi,Premium,Image,2.9,35,255,56,3,4652,3025,Medium,5.0
6717,Facebook,60+,Other,Canada,Desktop,Mobile Data,Premium,Mixed,4.9,39,255,151,24,84196,936,Low,3.0
6718,Reddit,13-18,Female,Canada,Mobile,Mobile Data,Free,Text,1.7,9,548,39,37,55151,3761,High,0.9
6719,Facebook,19-25,Male,Brazil,Tablet,Mobile Data,Premium,Text,1.1,24,27,68,98,55549,286,Low,9.7
6720,Snapchat,60+,Male,UK,Mobile,WiFi,Premium,Video,2.7,16,636,9,91,98633,3961,Medium,7.6
6721,Pinterest,60+,Other,Singapore,Desktop,Mobile Data,Premium,Mixed,3.7,35,302,54,59,75362,907,Medium,1.0
6722,Pinterest,26-35,Female,UK,Tablet,Mobile Data,Free,Image,5.4,10,762,97,108,50649,1983,High,9.5
6723,Facebook,19-25,Other,UAE,Mobile,Mobile Data,Premium,Video,1.2,24,785,184,137,91355,3538,Low,5.3
6724,TikTok,19-25,Other,Japan,Tablet,Mobile Data,Premium,Image,3.7,8,141,0,124,89826,707,Low,1.0
6725,Instagram,26-35,Male,Japan,Mobile,WiFi,Premium,Image,4.7,31,710,160,35,54656,1156,Low,1.0
6726,YouTube,19-25,Other,Australia,Desktop,WiFi,Free,Image,4.5,26,679,200,127,53743,584,Medium,7.9
6727,Facebook,26-35,Male,Canada,Desktop,Mobile Data,Free,Image,2.7,9,723,92,121,65142,510,Medium,2.0
6728,Reddit,13-18,Male,Australia,Desktop,Mobile Data,Premium,Text,0.6,40,238,2,93,88175,2384,Medium,8.4
6729,LinkedIn,60+,Female,Australia,Desktop,WiFi,Free,Image,1.6,5,208,163,52,63425,4486,High,2.6
6730,Pinterest,26-35,Other,UK,Tablet,WiFi,Free,Image,2.6,7,739,98,42,35354,900,Low,2.2
6731,Facebook,19-25,Other,UK,Desktop,WiFi,Premium,Text,4.0,20,25,56,27,95436,1039,Medium,7.7
6732,Pinterest,26-35,Other,Australia,Mobile,WiFi,Free,Image,2.4,27,54,69,63,66769,2430,Medium,9.7
6733,Snapchat,13-18,Female,Japan,Tablet,Mobile Data,Premium,Mixed,1.9,30,219,100,82,69014,3965,Medium,6.1
6734,Instagram,13-18,Other,UAE,Tablet,Mobile Data,Free,Text,1.6,8,161,174,92,70173,3587,Medium,5.4
6735,LinkedIn,13-18,Other,UK,Mobile,Mobile Data,Premium,Mixed,5.3,23,474,157,41,47797,4544,Low,7.3
6736,LinkedIn,13-18,Male,Canada,Tablet,Mobile Data,Free,Image,1.4,4,650,30,0,42859,961,High,5.7
6737,TikTok,13-18,Other,Brazil,Tablet,WiFi,Free,Mixed,0.9,29,558,95,43,24969,1717,Low,2.2
6738,Twitter,60+,Male,Japan,Desktop,WiFi,Premium,Text,4.7,6,715,101,0,35719,839,Low,4.5
6739,LinkedIn,13-18,Male,Brazil,Tablet,Mobile Data,Premium,Mixed,3.1,0,6,127,113,47002,3448,High,7.5
6740,TikTok,26-35,Female,Canada,Desktop,Mobile Data,Premium,Text,3.4,20,559,196,45,76746,4640,Medium,7.7
6741,LinkedIn,13-18,Other,India,Mobile,WiFi,Premium,Text,4.0,34,195,200,65,80070,2934,High,3.7
6742,YouTube,60+,Female,Brazil,Desktop,WiFi,Free,Text,5.8,31,326,72,133,3315,4923,Low,8.9
6743,Reddit,46-60,Other,India,Tablet,Mobile Data,Premium,Mixed,2.6,3,387,80,48,29729,3959,High,8.5
6744,LinkedIn,60+,Female,Germany,Desktop,Mobile Data,Premium,Text,3.2,0,745,170,16,58482,4973,High,5.5
6745,Instagram,46-60,Other,India,Desktop,WiFi,Premium,Text,4.9,22,637,60,87,94743,2614,High,9.1
6746,Snapchat,19-25,Other,Brazil,Desktop,Mobile Data,Free,Image,2.4,20,546,174,24,4083,824,Medium,9.0
6747,YouTube,60+,Other,Germany,Desktop,Mobile Data,Premium,Text,4.5,40,24,78,148,25469,3506,Medium,6.9
6748,Snapchat,19-25,Female,UK,Tablet,Mobile Data,Premium,Mixed,0.7,21,470,110,102,33273,3480,High,6.0
6749,LinkedIn,36-45,Male,Singapore,Desktop,Mobile Data,Free,Mixed,1.3,13,249,139,50,96749,4968,High,6.2
6750,LinkedIn,60+,Other,Japan,Desktop,WiFi,Free,Mixed,2.3,23,688,99,92,59014,1826,Low,6.2
6751,LinkedIn,26-35,Female,UAE,Tablet,WiFi,Free,Video,1.9,35,689,53,125,32889,3832,Low,2.3
6752,Snapchat,46-60,Female,India,Tablet,Mobile Data,Premium,Text,4.1,37,487,60,124,73893,1551,High,1.6
6753,Facebook,26-35,Male,UK,Tablet,Mobile Data,Premium,Video,2.1,5,141,192,135,41182,680,Medium,6.9
6754,Facebook,26-35,Male,Germany,Tablet,Mobile Data,Free,Image,5.7,25,8,27,56,6613,1755,Low,8.5
6755,YouTube,36-45,Female,Singapore,Desktop,WiFi,Free,Image,0.4,18,88,183,83,33900,284,Low,3.0
6756,Instagram,13-18,Male,India,Desktop,WiFi,Premium,Image,0.9,14,321,47,74,62819,3731,Medium,3.5
6757,YouTube,36-45,Other,Australia,Mobile,WiFi,Free,Image,5.8,4,160,36,53,97404,1910,High,8.4
6758,Reddit,36-45,Other,UAE,Mobile,WiFi,Free,Image,4.5,10,646,162,34,44747,811,High,3.2
6759,LinkedIn,13-18,Other,Canada,Desktop,WiFi,Free,Text,5.5,28,565,73,150,99696,580,Medium,5.0
6760,Reddit,46-60,Other,UK,Mobile,Mobile Data,Free,Text,2.8,24,303,22,82,28825,3931,Low,4.5
6761,Twitter,13-18,Male,Singapore,Tablet,Mobile Data,Free,Image,4.8,33,220,13,90,37254,3903,Low,5.3
6762,Snapchat,46-60,Other,Canada,Mobile,WiFi,Free,Mixed,3.7,3,527,168,103,30109,1501,Low,3.5
6763,YouTube,36-45,Female,UAE,Desktop,WiFi,Premium,Text,4.5,3,27,200,71,44722,2493,Low,7.3
6764,LinkedIn,13-18,Male,Japan,Desktop,Mobile Data,Premium,Video,4.0,15,143,190,8,7716,302,High,7.1
6765,LinkedIn,36-45,Female,India,Tablet,WiFi,Free,Video,2.9,6,124,86,38,95579,2096,Medium,7.0
6766,Instagram,46-60,Other,Australia,Desktop,Mobile Data,Premium,Video,0.6,5,718,92,108,15777,4354,High,3.7
6767,Reddit,46-60,Female,India,Desktop,WiFi,Premium,Image,2.3,1,596,90,140,49211,548,Medium,2.7
6768,Facebook,46-60,Female,India,Tablet,Mobile Data,Premium,Video,5.4,26,593,118,91,1436,4098,Low,7.1
6769,Snapchat,13-18,Male,Canada,Mobile,WiFi,Free,Text,5.7,20,597,83,85,89467,3372,High,6.4
6770,YouTube,46-60,Female,Singapore,Tablet,WiFi,Free,Image,3.3,26,228,80,143,11746,4900,High,5.7
6771,Twitter,36-45,Female,UAE,Desktop,Mobile Data,Premium,Mixed,2.1,35,389,96,131,99471,4192,Medium,3.7
6772,LinkedIn,19-25,Other,UK,Desktop,WiFi,Premium,Video,1.7,16,344,79,33,43603,2483,Medium,6.0
6773,YouTube,19-25,Other,UK,Tablet,WiFi,Free,Mixed,3.0,37,589,153,59,85562,2764,Medium,5.5
6774,Snapchat,26-35,Female,Canada,Tablet,WiFi,Premium,Image,1.9,34,793,19,0,98488,2121,Medium,0.5
6775,Facebook,60+,Male,Japan,Tablet,WiFi,Premium,Mixed,2.4,15,382,17,13,36783,3528,Medium,2.1
6776,Instagram,19-25,Other,Singapore,Desktop,WiFi,Premium,Text,5.9,18,787,137,63,94702,4717,High,5.1
6777,TikTok,13-18,Male,UAE,Desktop,WiFi,Premium,Video,4.6,37,674,34,11,9076,1505,High,8.9
6778,Twitter,19-25,Male,Brazil,Desktop,Mobile Data,Free,Mixed,2.0,17,382,45,34,54213,2100,High,9.5
6779,Facebook,60+,Male,Japan,Mobile,Mobile Data,Premium,Text,4.8,3,489,139,110,28561,3549,High,7.4
6780,Facebook,26-35,Female,Germany,Desktop,WiFi,Free,Video,3.3,38,372,146,110,60463,1361,Low,6.6
6781,YouTube,26-35,Male,USA,Mobile,WiFi,Premium,Image,0.4,10,292,106,80,98221,1078,High,3.2
6782,Facebook,13-18,Male,Canada,Mobile,Mobile Data,Free,Image,3.9,9,97,77,15,82113,1242,Low,3.4
6783,Reddit,36-45,Other,UK,Desktop,Mobile Data,Premium,Video,2.0,13,68,39,126,46508,4902,High,9.7
6784,Twitter,19-25,Female,Australia,Mobile,WiFi,Free,Text,2.6,40,540,51,66,1581,1490,High,0.5
6785,Facebook,19-25,Male,Singapore,Mobile,Mobile Data,Free,Mixed,5.4,14,419,64,72,30378,242,Low,2.7
6786,Reddit,26-35,Female,Australia,Mobile,Mobile Data,Free,Image,5.0,18,87,133,95,47836,1470,High,2.1
6787,Instagram,46-60,Other,Singapore,Desktop,WiFi,Free,Mixed,2.1,9,180,94,76,69103,2799,High,4.0
6788,LinkedIn,13-18,Female,UAE,Desktop,Mobile Data,Free,Image,4.6,32,387,41,40,70343,4121,High,3.5
6789,YouTube,36-45,Male,UAE,Desktop,Mobile Data,Premium,Mixed,5.9,40,122,159,94,60527,4522,Medium,8.2
6790,Snapchat,19-25,Other,Germany,Mobile,Mobile Data,Free,Video,0.6,8,795,44,83,36773,3814,Medium,3.7
6791,Facebook,36-45,Male,Australia,Desktop,WiFi,Free,Video,4.4,36,251,42,103,75538,1044,High,6.0
6792,LinkedIn,26-35,Female,Singapore,Tablet,WiFi,Free,Image,5.7,13,68,161,110,45634,1640,High,6.1
6793,YouTube,13-18,Other,Singapore,Tablet,WiFi,Free,Mixed,4.8,7,687,28,140,90344,799,Medium,7.4
6794,TikTok,26-35,Male,UAE,Mobile,Mobile Data,Free,Mixed,3.9,20,735,39,104,49860,3902,Low,8.5
6795,Pinterest,26-35,Female,Germany,Desktop,Mobile Data,Free,Mixed,5.1,13,628,114,85,20903,1262,Low,7.8
6796,Instagram,60+,Female,Germany,Desktop,WiFi,Premium,Video,4.4,36,275,25,30,18997,446,High,2.0
6797,Reddit,60+,Other,Australia,Mobile,WiFi,Premium,Mixed,3.4,7,778,166,72,60956,52,Medium,9.8
6798,LinkedIn,13-18,Male,UAE,Desktop,Mobile Data,Premium,Text,1.5,13,464,154,103,63770,3940,High,9.1
6799,YouTube,26-35,Male,Australia,Desktop,WiFi,Free,Video,4.1,11,176,145,99,96969,4525,Low,2.3
6800,LinkedIn,26-35,Other,USA,Mobile,Mobile Data,Free,Text,0.3,19,352,125,82,76088,2937,High,7.3
6801,Twitter,13-18,Other,India,Mobile,WiFi,Premium,Mixed,0.3,10,132,89,13,56475,2712,High,0.7
6802,YouTube,13-18,Male,India,Mobile,WiFi,Premium,Mixed,1.5,7,642,96,23,16565,3997,Medium,9.5
6803,Snapchat,36-45,Female,Brazil,Desktop,Mobile Data,Premium,Mixed,4.2,20,694,50,59,20110,183,Medium,5.3
6804,Reddit,13-18,Female,India,Mobile,WiFi,Premium,Video,1.8,13,133,136,129,59089,3456,High,8.3
6805,Twitter,13-18,Male,Brazil,Tablet,WiFi,Premium,Image,2.7,29,302,45,89,14309,4205,Low,2.5
6806,LinkedIn,19-25,Male,Canada,Tablet,WiFi,Free,Image,1.4,7,554,195,32,959,3753,Low,9.1
6807,LinkedIn,60+,Other,Brazil,Desktop,Mobile Data,Free,Video,0.3,24,321,30,109,17010,1450,Low,10.0
6808,Snapchat,13-18,Other,Germany,Desktop,Mobile Data,Free,Image,0.6,40,524,58,60,40741,3573,Low,0.9
6809,LinkedIn,13-18,Male,Germany,Desktop,Mobile Data,Premium,Mixed,2.3,32,249,92,138,27737,4425,Low,4.9
6810,Snapchat,19-25,Female,Germany,Tablet,Mobile Data,Premium,Video,1.9,1,166,93,109,85137,4652,Low,8.4
6811,Facebook,19-25,Female,Australia,Mobile,Mobile Data,Premium,Text,1.8,16,796,118,51,85487,4294,Medium,7.5
6812,LinkedIn,46-60,Other,Japan,Mobile,WiFi,Premium,Image,5.8,1,206,54,9,99275,371,Low,1.4
6813,Twitter,60+,Male,India,Tablet,Mobile Data,Free,Mixed,1.1,36,491,92,82,85175,1393,Low,3.9
6814,Facebook,60+,Female,Canada,Mobile,WiFi,Premium,Video,3.7,30,591,40,107,43565,1266,Low,5.8
6815,LinkedIn,60+,Female,Canada,Tablet,Mobile Data,Free,Mixed,1.8,35,46,79,145,8763,4905,Low,9.9
6816,YouTube,46-60,Female,USA,Tablet,Mobile Data,Free,Text,3.3,20,24,84,47,78796,3291,Low,7.2
6817,TikTok,36-45,Other,Germany,Tablet,Mobile Data,Free,Image,5.0,21,506,169,31,9962,3639,Low,4.3
6818,Reddit,60+,Other,UK,Desktop,WiFi,Free,Mixed,0.7,24,693,193,124,6436,1417,Low,3.1
6819,Facebook,13-18,Other,Brazil,Mobile,Mobile Data,Free,Video,0.5,14,64,62,143,86994,1871,High,6.5
6820,Pinterest,46-60,Male,UK,Tablet,WiFi,Free,Text,5.1,4,508,124,92,79796,4528,Medium,3.5
6821,Instagram,60+,Other,USA,Desktop,WiFi,Premium,Mixed,4.8,36,570,141,103,91645,4483,Medium,9.6
6822,TikTok,13-18,Female,USA,Tablet,WiFi,Free,Mixed,0.7,15,262,84,88,23194,1976,Low,5.0
6823,Instagram,26-35,Other,UAE,Tablet,Mobile Data,Free,Mixed,4.6,33,585,35,5,79159,3298,Low,1.7
6824,Pinterest,46-60,Female,Australia,Tablet,WiFi,Free,Mixed,5.4,31,218,80,31,81121,2095,Medium,8.4
6825,LinkedIn,13-18,Male,UK,Tablet,Mobile Data,Free,Text,2.9,35,701,56,95,58599,1531,Medium,4.3
6826,Reddit,36-45,Male,Singapore,Tablet,Mobile Data,Premium,Video,4.5,4,291,39,27,85719,55,High,0.9
6827,YouTube,13-18,Other,Australia,Desktop,Mobile Data,Premium,Mixed,4.4,23,16,1,126,59649,2978,High,2.0
6828,Instagram,26-35,Female,Brazil,Tablet,WiFi,Premium,Text,2.1,33,531,183,105,19127,212,Low,8.9
6829,Facebook,36-45,Other,India,Tablet,WiFi,Premium,Image,5.1,22,63,48,6,49949,2405,Low,8.0
6830,TikTok,46-60,Other,USA,Desktop,WiFi,Free,Text,5.0,37,744,8,82,4894,1880,Medium,9.3
6831,Reddit,19-25,Other,Canada,Mobile,Mobile Data,Premium,Text,4.8,32,699,174,130,71548,250,High,9.2
6832,LinkedIn,36-45,Male,USA,Mobile,Mobile Data,Premium,Text,0.4,11,449,77,130,36177,4040,Medium,7.1
6833,LinkedIn,36-45,Female,UK,Tablet,WiFi,Free,Mixed,2.1,23,715,58,12,77919,666,Low,9.1
6834,Reddit,60+,Female,Australia,Mobile,Mobile Data,Premium,Video,2.1,5,449,157,28,52619,4468,Low,8.8
6835,TikTok,36-45,Male,Germany,Tablet,WiFi,Free,Image,3.8,6,410,46,93,46301,3628,Low,7.9
6836,Snapchat,36-45,Other,UAE,Tablet,Mobile Data,Free,Text,3.7,18,362,89,90,29358,1875,Medium,2.1
6837,Facebook,36-45,Male,Canada,Desktop,Mobile Data,Premium,Text,3.3,30,63,138,16,4084,1041,High,7.4
6838,Reddit,36-45,Male,Australia,Mobile,WiFi,Premium,Text,3.3,19,150,49,38,31359,4014,Medium,3.8
6839,YouTube,36-45,Male,Canada,Mobile,WiFi,Free,Video,4.9,26,245,66,75,98424,117,Low,2.0
6840,LinkedIn,60+,Male,Canada,Tablet,WiFi,Free,Image,5.0,25,2,149,113,41273,2245,Medium,3.5
6841,Instagram,26-35,Female,USA,Mobile,Mobile Data,Free,Image,0.5,27,297,159,75,54504,1946,High,4.2
6842,Reddit,36-45,Other,UAE,Tablet,WiFi,Premium,Image,2.3,17,585,128,16,19330,2514,Medium,3.4
6843,Instagram,60+,Other,Canada,Mobile,Mobile Data,Free,Mixed,2.9,15,497,161,137,93139,2633,High,1.4
6844,Facebook,13-18,Female,USA,Mobile,Mobile Data,Premium,Video,2.1,6,37,160,23,30679,1659,Medium,1.7
6845,Instagram,36-45,Female,USA,Desktop,WiFi,Premium,Image,3.6,13,478,38,2,30249,1234,Low,2.4
6846,LinkedIn,26-35,Male,Japan,Desktop,Mobile Data,Premium,Video,0.8,38,712,57,80,20783,3370,Low,4.5
6847,TikTok,46-60,Male,Singapore,Desktop,Mobile Data,Premium,Image,0.5,13,481,199,24,7703,3211,Low,4.3
6848,Facebook,19-25,Male,Japan,Mobile,Mobile Data,Premium,Mixed,4.1,36,524,199,3,18971,4750,High,9.4
6849,YouTube,13-18,Male,Germany,Mobile,Mobile Data,Premium,Mixed,2.1,0,305,3,0,60518,2584,Medium,9.1
6850,LinkedIn,19-25,Female,Brazil,Mobile,WiFi,Premium,Video,5.2,14,127,82,73,44472,3624,Low,7.3
6851,YouTube,60+,Male,Japan,Mobile,WiFi,Free,Mixed,4.3,21,208,75,0,92036,1234,Medium,6.8
6852,Twitter,60+,Male,Australia,Mobile,WiFi,Free,Text,4.4,13,299,119,92,52723,3960,Medium,1.8
6853,YouTube,26-35,Male,Japan,Mobile,Mobile Data,Premium,Mixed,0.3,35,373,43,77,80583,1312,Medium,2.9
6854,Facebook,13-18,Other,USA,Desktop,WiFi,Premium,Text,3.5,20,685,172,14,9399,4020,Medium,7.2
6855,Pinterest,26-35,Female,Singapore,Desktop,WiFi,Free,Mixed,3.2,9,664,168,148,17779,1370,Low,5.8
6856,YouTube,60+,Male,UK,Tablet,Mobile Data,Premium,Video,1.0,31,262,60,56,24164,3567,Medium,8.7
6857,LinkedIn,19-25,Male,Germany,Tablet,WiFi,Premium,Video,5.3,6,584,155,94,12779,3298,High,1.5
6858,Pinterest,60+,Male,Singapore,Tablet,WiFi,Free,Mixed,5.5,18,222,42,66,40032,2961,High,4.3
6859,Facebook,46-60,Male,UAE,Tablet,Mobile Data,Free,Mixed,5.6,26,657,124,26,83043,796,High,4.4
6860,YouTube,46-60,Other,USA,Desktop,Mobile Data,Free,Mixed,2.7,38,230,31,138,41041,2071,Medium,5.0
6861,TikTok,46-60,Female,Singapore,Tablet,WiFi,Premium,Text,1.0,4,786,95,148,14667,3043,Medium,5.3
6862,Instagram,36-45,Other,Germany,Tablet,Mobile Data,Free,Video,4.8,10,465,121,2,3058,4616,Low,1.4
6863,TikTok,46-60,Female,Canada,Mobile,WiFi,Free,Text,5.7,15,350,0,20,41567,1036,Medium,3.8
6864,Facebook,46-60,Other,USA,Mobile,Mobile Data,Free,Image,3.6,17,565,61,6,71453,2868,Medium,9.7
6865,Twitter,46-60,Male,Japan,Desktop,WiFi,Free,Image,2.1,13,438,35,51,51479,1469,Low,4.1
6866,Instagram,46-60,Female,USA,Tablet,Mobile Data,Free,Video,1.0,29,338,191,125,49742,4491,High,9.2
6867,Reddit,13-18,Other,UK,Mobile,WiFi,Premium,Video,0.3,22,37,195,148,27734,1353,Medium,8.1
6868,Instagram,13-18,Other,UK,Mobile,WiFi,Free,Text,3.0,12,179,34,54,37182,4884,Low,5.7
6869,TikTok,26-35,Female,USA,Tablet,WiFi,Premium,Video,3.5,25,434,12,0,75457,3822,Low,2.2
6870,Instagram,36-45,Other,USA,Desktop,Mobile Data,Free,Mixed,4.9,25,600,53,26,20078,4742,High,6.7
6871,Snapchat,13-18,Female,Australia,Desktop,Mobile Data,Premium,Image,4.2,19,431,5,132,57767,1057,Medium,1.9
6872,Reddit,13-18,Male,Japan,Tablet,WiFi,Free,Image,6.0,30,228,174,132,13838,3838,High,1.1
6873,TikTok,13-18,Other,Germany,Mobile,Mobile Data,Free,Image,1.2,3,23,199,82,42314,2528,Medium,1.0
6874,Pinterest,26-35,Female,USA,Desktop,WiFi,Free,Mixed,4.1,27,770,140,111,28842,1302,High,4.8
6875,Pinterest,36-45,Other,Canada,Desktop,WiFi,Free,Image,4.7,14,457,163,62,67801,1991,High,5.5
6876,LinkedIn,60+,Other,Japan,Tablet,Mobile Data,Premium,Mixed,5.0,6,378,191,107,25687,189,Medium,0.6
6877,LinkedIn,46-60,Male,Singapore,Desktop,Mobile Data,Premium,Image,5.0,24,404,194,81,7203,4023,High,2.2
6878,Instagram,36-45,Female,Singapore,Mobile,Mobile Data,Premium,Image,5.1,17,135,11,62,3391,3642,Medium,2.5
6879,Instagram,26-35,Female,UAE,Mobile,WiFi,Free,Text,4.2,14,198,102,3,65704,2700,High,3.2
6880,YouTube,13-18,Male,Australia,Mobile,WiFi,Free,Video,2.6,29,413,72,114,28196,1538,Low,3.2
6881,Reddit,36-45,Female,USA,Tablet,Mobile Data,Premium,Image,0.9,35,753,62,55,55753,3730,High,9.1
6882,Twitter,26-35,Male,UK,Mobile,WiFi,Free,Text,1.4,19,692,46,70,89455,4559,Medium,1.6
6883,Pinterest,13-18,Other,USA,Tablet,Mobile Data,Free,Text,1.0,37,565,198,76,92576,447,High,4.8
6884,TikTok,26-35,Other,India,Mobile,WiFi,Premium,Text,5.6,24,97,115,31,12686,754,Low,7.9
6885,TikTok,26-35,Male,USA,Tablet,Mobile Data,Free,Video,4.1,33,380,1,64,31809,622,High,4.4
6886,Twitter,60+,Female,Australia,Mobile,Mobile Data,Premium,Mixed,1.9,2,315,135,56,24825,4234,High,6.6
6887,YouTube,19-25,Male,Canada,Mobile,Mobile Data,Premium,Image,1.5,20,723,71,121,7941,4581,Medium,5.3
6888,Facebook,19-25,Other,Brazil,Tablet,Mobile Data,Free,Video,5.3,11,215,19,93,69778,2347,High,1.3
6889,LinkedIn,19-25,Female,USA,Mobile,Mobile Data,Premium,Image,1.6,12,245,85,111,69123,727,Medium,4.6
6890,Pinterest,26-35,Male,Singapore,Tablet,WiFi,Free,Image,1.2,33,35,96,74,70700,4434,Medium,6.5
6891,Reddit,46-60,Female,Canada,Mobile,WiFi,Free,Image,3.0,4,651,59,29,79079,2471,High,2.0
6892,Instagram,36-45,Male,Australia,Tablet,Mobile Data,Premium,Video,5.4,20,373,87,49,4550,3603,Low,4.3
6893,YouTube,13-18,Other,India,Tablet,WiFi,Free,Mixed,2.3,8,7,102,23,4053,3831,Low,5.6
6894,YouTube,13-18,Other,Japan,Mobile,WiFi,Free,Image,1.1,18,104,114,65,86848,609,Low,5.5
6895,Instagram,60+,Male,UK,Mobile,Mobile Data,Free,Video,1.1,0,637,88,36,44002,863,Medium,4.8
6896,Instagram,13-18,Other,UK,Desktop,Mobile Data,Premium,Image,5.9,12,662,161,83,55706,2109,Low,4.1
6897,LinkedIn,60+,Other,Germany,Tablet,Mobile Data,Free,Video,4.8,29,780,9,86,4817,3567,High,6.0
6898,Facebook,19-25,Male,Germany,Mobile,Mobile Data,Free,Image,3.2,22,575,135,16,5236,4509,Medium,3.8
6899,Facebook,46-60,Other,Singapore,Tablet,WiFi,Premium,Image,2.2,22,715,7,103,37249,4544,High,5.2
6900,Twitter,60+,Female,Singapore,Tablet,Mobile Data,Premium,Mixed,2.4,20,234,166,85,17823,3770,High,7.3
6901,Reddit,46-60,Other,Australia,Desktop,Mobile Data,Premium,Image,1.2,9,367,172,75,14182,3863,High,9.4
6902,Facebook,46-60,Female,India,Desktop,WiFi,Premium,Video,2.6,11,154,135,74,20274,641,Low,3.5
6903,Snapchat,13-18,Female,UAE,Mobile,Mobile Data,Premium,Video,2.9,14,230,34,15,97304,771,Low,2.3
6904,LinkedIn,19-25,Female,Germany,Desktop,WiFi,Premium,Video,1.1,38,480,22,107,11619,1396,High,9.8
6905,Instagram,26-35,Male,Singapore,Desktop,Mobile Data,Free,Text,1.9,28,261,160,36,53667,4928,High,4.5
6906,TikTok,46-60,Male,Germany,Desktop,Mobile Data,Free,Image,4.1,12,602,9,48,18851,568,Medium,2.9
6907,Twitter,36-45,Male,Australia,Tablet,WiFi,Free,Image,3.3,11,295,18,72,8231,4538,High,7.0
6908,Facebook,19-25,Female,Canada,Desktop,WiFi,Free,Text,1.1,0,317,35,61,77650,1287,Low,4.3
6909,Twitter,36-45,Male,Singapore,Desktop,Mobile Data,Free,Mixed,3.2,36,518,28,16,90784,67,Medium,5.8
6910,Pinterest,19-25,Other,Brazil,Tablet,WiFi,Free,Mixed,1.9,34,411,108,1,43202,4630,Low,1.0
6911,YouTube,46-60,Female,USA,Desktop,WiFi,Premium,Video,0.4,13,274,181,60,64556,4091,Low,6.5
6912,YouTube,46-60,Other,UAE,Tablet,Mobile Data,Free,Video,5.5,27,778,57,129,62834,2573,High,1.1
6913,TikTok,36-45,Other,USA,Desktop,WiFi,Free,Image,5.7,9,426,54,72,67603,1021,Medium,2.6
6914,Twitter,46-60,Female,UAE,Mobile,WiFi,Premium,Mixed,4.9,2,514,44,64,33451,3946,Medium,2.2
6915,TikTok,19-25,Male,UK,Mobile,WiFi,Free,Video,1.1,37,661,1,107,96620,3919,Medium,7.6
6916,Reddit,36-45,Female,USA,Tablet,WiFi,Premium,Mixed,2.3,18,470,174,135,72466,2104,High,1.4
6917,Facebook,60+,Female,Brazil,Tablet,WiFi,Premium,Image,3.3,15,116,36,80,86997,2532,Medium,7.5
6918,Facebook,36-45,Male,Canada,Tablet,Mobile Data,Free,Mixed,0.5,20,431,67,40,51909,3398,Medium,7.0
6919,YouTube,13-18,Other,Canada,Mobile,WiFi,Free,Video,4.8,5,582,163,116,60326,2886,Medium,5.9
6920,Facebook,26-35,Other,Germany,Desktop,Mobile Data,Free,Text,1.2,33,13,58,45,5878,755,Medium,1.3
6921,TikTok,19-25,Male,Australia,Desktop,Mobile Data,Premium,Mixed,1.0,36,457,118,144,48897,1967,High,2.0
6922,LinkedIn,36-45,Male,Japan,Mobile,Mobile Data,Premium,Video,2.9,30,302,56,146,3917,3957,Medium,8.2
6923,Reddit,19-25,Other,UAE,Tablet,WiFi,Free,Image,5.1,31,252,50,136,17101,1917,Low,4.2
6924,Pinterest,26-35,Other,UK,Tablet,WiFi,Free,Text,2.0,6,346,7,91,25694,698,Low,7.7
6925,Facebook,13-18,Female,Canada,Mobile,Mobile Data,Premium,Video,5.9,25,176,10,44,69709,4456,Low,5.8
6926,TikTok,13-18,Other,Canada,Desktop,Mobile Data,Premium,Text,5.5,17,8,29,21,7764,4726,High,4.9
6927,LinkedIn,36-45,Male,Canada,Mobile,WiFi,Premium,Video,3.6,17,708,87,45,78748,4790,Low,7.4
6928,TikTok,13-18,Female,UAE,Desktop,Mobile Data,Premium,Mixed,5.6,24,766,99,37,24463,3385,Low,9.4
6929,Pinterest,19-25,Female,USA,Mobile,Mobile Data,Free,Mixed,1.5,39,408,98,136,2945,1808,Low,0.9
6930,TikTok,60+,Female,UAE,Tablet,Mobile Data,Premium,Video,4.7,15,52,162,101,33540,3131,High,2.1
6931,Twitter,60+,Female,USA,Tablet,Mobile Data,Free,Image,0.5,25,28,30,37,35958,4664,Low,4.5
6932,Facebook,60+,Female,Brazil,Desktop,WiFi,Free,Mixed,0.8,14,668,0,11,15418,3685,Low,6.1
6933,Snapchat,13-18,Other,Brazil,Tablet,WiFi,Free,Video,2.2,8,208,167,77,90917,4650,Medium,5.1
6934,Instagram,46-60,Other,Australia,Mobile,Mobile Data,Premium,Text,1.8,39,779,96,73,96975,4103,Medium,3.1
6935,Pinterest,36-45,Other,India,Desktop,WiFi,Premium,Mixed,3.9,16,222,9,4,94233,4798,Low,1.5
6936,Instagram,46-60,Female,Australia,Desktop,Mobile Data,Premium,Mixed,4.4,15,454,20,136,95332,2628,High,7.2
6937,Twitter,26-35,Other,Australia,Tablet,Mobile Data,Free,Mixed,5.3,18,114,24,21,4729,1818,High,2.4
6938,Snapchat,36-45,Other,India,Desktop,Mobile Data,Free,Mixed,5.4,13,64,58,10,8047,3519,High,8.2
6939,Reddit,46-60,Other,UK,Desktop,WiFi,Free,Text,3.1,1,105,122,94,29498,4545,Medium,3.2
6940,YouTube,26-35,Female,Brazil,Desktop,Mobile Data,Premium,Image,5.6,3,429,158,2,22730,204,Low,2.2
6941,Pinterest,13-18,Female,Brazil,Desktop,Mobile Data,Premium,Video,4.2,37,510,174,55,97127,3059,Low,9.1
6942,Pinterest,46-60,Female,Singapore,Tablet,Mobile Data,Free,Text,1.8,39,308,12,121,13494,2352,Medium,2.3
6943,Instagram,26-35,Male,Singapore,Desktop,WiFi,Premium,Image,0.7,25,565,164,150,20963,4631,Medium,5.2
6944,Instagram,60+,Female,USA,Tablet,Mobile Data,Premium,Image,5.8,20,782,162,109,74655,818,High,1.5
6945,Instagram,46-60,Female,Germany,Desktop,Mobile Data,Free,Mixed,4.7,0,744,90,34,97159,2792,High,3.7
6946,Instagram,13-18,Other,Singapore,Tablet,Mobile Data,Free,Text,2.3,39,277,142,116,31096,130,Medium,2.9
6947,Facebook,19-25,Male,UAE,Tablet,WiFi,Free,Mixed,1.8,6,636,127,63,92991,4623,Low,3.2
6948,Snapchat,36-45,Male,Germany,Desktop,WiFi,Premium,Video,4.7,20,457,60,42,20480,4977,Medium,4.4
6949,LinkedIn,46-60,Male,Australia,Mobile,WiFi,Premium,Text,5.7,2,314,31,75,98997,4790,Medium,1.0
6950,Instagram,13-18,Female,Australia,Tablet,WiFi,Premium,Video,5.0,23,33,84,44,37520,4876,High,3.9
6951,Twitter,46-60,Male,Japan,Desktop,WiFi,Free,Image,2.3,22,329,99,133,74271,994,High,2.3
6952,Reddit,26-35,Male,Singapore,Mobile,WiFi,Free,Video,2.5,28,59,80,80,35110,4124,High,5.7
6953,Twitter,26-35,Female,USA,Tablet,WiFi,Free,Video,2.7,20,783,93,125,49821,3828,Medium,8.7
6954,Twitter,46-60,Female,USA,Tablet,WiFi,Free,Text,5.2,10,654,133,135,15666,458,Medium,8.5
6955,LinkedIn,26-35,Other,UK,Tablet,Mobile Data,Premium,Image,3.5,10,144,51,6,99550,64,Medium,6.2
6956,Snapchat,13-18,Male,USA,Mobile,WiFi,Free,Image,5.2,19,731,118,83,91411,2305,Medium,4.8
6957,Reddit,60+,Female,UAE,Desktop,WiFi,Free,Video,2.4,28,549,197,97,16660,618,Low,3.9
6958,Pinterest,60+,Female,Canada,Mobile,Mobile Data,Free,Video,5.8,12,24,125,138,67676,2664,Medium,4.7
6959,YouTube,13-18,Other,UAE,Tablet,Mobile Data,Free,Image,3.3,33,205,138,61,7451,3245,Low,2.5
6960,Pinterest,19-25,Female,India,Mobile,WiFi,Premium,Text,5.7,22,799,121,20,60864,4319,Medium,4.9
6961,Reddit,60+,Other,Australia,Tablet,WiFi,Free,Mixed,4.1,12,727,66,123,77404,1903,High,9.9
6962,Facebook,19-25,Female,Brazil,Desktop,Mobile Data,Free,Text,2.5,1,232,169,61,87372,322,Low,8.5
6963,TikTok,36-45,Female,Singapore,Desktop,Mobile Data,Premium,Text,2.9,33,793,94,85,42158,4711,Medium,9.4
6964,Facebook,46-60,Female,Germany,Tablet,Mobile Data,Free,Image,2.8,23,252,112,134,8430,2670,High,3.2
6965,Snapchat,36-45,Female,Japan,Tablet,WiFi,Free,Image,0.7,32,386,134,149,1930,1127,Low,2.4
6966,Reddit,46-60,Male,UK,Desktop,Mobile Data,Free,Image,5.8,36,613,123,130,60951,3978,Low,2.4
6967,LinkedIn,36-45,Female,UK,Tablet,Mobile Data,Premium,Video,2.4,9,93,199,104,17591,127,Low,9.9
6968,LinkedIn,13-18,Other,Canada,Mobile,WiFi,Free,Text,2.8,7,187,106,42,54437,128,Medium,8.7
6969,Instagram,19-25,Female,Japan,Tablet,Mobile Data,Free,Mixed,5.5,24,23,113,22,92994,1253,Low,9.0
6970,Pinterest,19-25,Female,Germany,Mobile,WiFi,Premium,Text,4.6,8,277,44,146,27299,4085,High,8.5
6971,LinkedIn,13-18,Female,USA,Tablet,Mobile Data,Free,Mixed,5.8,23,457,24,116,69615,2586,High,4.0
6972,Snapchat,13-18,Female,Singapore,Mobile,Mobile Data,Free,Text,1.6,18,10,48,39,86992,2740,Medium,1.5
6973,LinkedIn,60+,Other,UAE,Desktop,WiFi,Free,Mixed,3.5,34,234,79,65,46180,3259,High,4.6
6974,Pinterest,60+,Female,Japan,Desktop,Mobile Data,Free,Video,1.8,37,106,24,124,29381,4065,Medium,3.9
6975,TikTok,19-25,Other,Canada,Mobile,Mobile Data,Free,Mixed,2.0,8,705,17,63,59695,4701,Medium,7.1
6976,LinkedIn,19-25,Female,UAE,Tablet,WiFi,Free,Video,2.1,21,71,110,36,62144,535,Low,7.0
6977,Pinterest,26-35,Other,USA,Desktop,WiFi,Premium,Text,1.8,36,644,42,90,67998,2387,Medium,6.8
6978,Reddit,26-35,Other,Australia,Mobile,WiFi,Premium,Mixed,1.5,8,65,195,23,62991,3099,Medium,8.3
6979,Snapchat,19-25,Male,USA,Desktop,Mobile Data,Premium,Video,3.4,31,120,24,102,88413,4191,High,6.3
6980,Twitter,60+,Female,USA,Desktop,Mobile Data,Premium,Video,2.6,29,405,128,18,94740,3887,High,7.9
6981,YouTube,60+,Female,Brazil,Tablet,WiFi,Premium,Image,1.0,34,37,10,19,83781,1233,High,8.8
6982,Reddit,46-60,Male,USA,Tablet,Mobile Data,Free,Image,1.9,9,641,34,142,53337,3623,High,4.6
6983,Reddit,46-60,Other,UAE,Tablet,Mobile Data,Premium,Mixed,6.0,35,417,126,139,75789,3228,High,3.7
6984,Reddit,60+,Male,Germany,Tablet,WiFi,Free,Mixed,0.7,39,609,29,66,24847,2594,High,2.3
6985,Facebook,36-45,Other,UAE,Desktop,WiFi,Free,Mixed,5.0,38,725,137,65,57463,1596,Medium,0.7
6986,YouTube,19-25,Male,USA,Desktop,WiFi,Premium,Mixed,4.8,38,269,175,57,16334,3414,Medium,2.3
6987,Instagram,19-25,Other,India,Mobile,WiFi,Premium,Text,2.1,20,309,193,44,4022,1493,High,5.5
6988,YouTube,60+,Female,Singapore,Desktop,Mobile Data,Premium,Video,1.0,15,555,56,79,39804,3950,Medium,9.3
6989,LinkedIn,26-35,Male,Japan,Desktop,WiFi,Free,Image,4.4,19,416,75,10,35879,1078,Medium,9.1
6990,Snapchat,46-60,Male,UAE,Mobile,WiFi,Premium,Image,4.2,39,168,186,136,97262,1678,Low,1.7
6991,Twitter,13-18,Female,Japan,Mobile,Mobile Data,Premium,Video,2.6,6,218,181,87,87670,4408,High,5.9
6992,Instagram,19-25,Female,India,Mobile,Mobile Data,Free,Mixed,0.6,12,784,120,33,4902,2769,Low,3.2
6993,TikTok,36-45,Male,Brazil,Desktop,WiFi,Premium,Text,5.6,9,428,42,47,36983,1927,High,9.4
6994,Instagram,36-45,Other,Brazil,Desktop,Mobile Data,Free,Mixed,1.9,6,395,173,21,36278,1985,Low,1.3
6995,Reddit,19-25,Male,UK,Desktop,WiFi,Free,Mixed,3.6,25,233,114,55,43124,4289,Low,6.3
6996,Pinterest,60+,Male,Singapore,Tablet,Mobile Data,Free,Video,3.6,29,682,47,46,34973,4995,High,5.6
6997,Pinterest,46-60,Other,India,Tablet,Mobile Data,Free,Video,4.1,5,446,56,149,11324,1648,Low,6.3
6998,Facebook,36-45,Other,Germany,Mobile,Mobile Data,Premium,Mixed,0.9,36,729,91,27,45469,4707,Medium,2.2
6999,Instagram,46-60,Female,UAE,Tablet,WiFi,Free,Text,1.5,12,388,18,145,79241,1480,High,8.3
7000,Reddit,36-45,Male,UAE,Mobile,WiFi,Premium,Mixed,5.0,31,786,129,1,10955,2120,Low,2.0
7001,Snapchat,19-25,Other,UAE,Desktop,WiFi,Free,Video,3.3,18,488,20,47,15311,4985,Low,8.7
7002,Reddit,13-18,Male,Japan,Tablet,WiFi,Free,Text,2.6,33,540,125,85,99408,379,High,6.8
7003,Instagram,13-18,Male,UAE,Desktop,WiFi,Premium,Image,4.3,25,67,75,127,2137,413,Medium,0.6
7004,LinkedIn,19-25,Male,India,Desktop,Mobile Data,Premium,Mixed,3.5,37,301,10,93,15000,983,Medium,3.4
7005,LinkedIn,13-18,Male,Australia,Desktop,Mobile Data,Premium,Video,1.4,9,673,42,23,93463,4008,Medium,1.1
7006,Facebook,60+,Male,UK,Mobile,WiFi,Premium,Text,1.3,8,98,107,43,93359,3106,Medium,5.4
7007,Snapchat,19-25,Other,Australia,Mobile,WiFi,Free,Text,3.1,7,703,61,29,99581,1647,Medium,7.9
7008,YouTube,26-35,Male,Australia,Desktop,WiFi,Premium,Video,3.6,16,676,183,81,33871,3094,Medium,0.6
7009,Pinterest,36-45,Female,USA,Mobile,Mobile Data,Free,Image,3.6,26,557,151,69,94436,2741,High,6.3
7010,Reddit,46-60,Male,Singapore,Mobile,Mobile Data,Free,Image,2.0,9,209,187,37,98157,2068,High,7.3
7011,Pinterest,19-25,Other,Brazil,Desktop,Mobile Data,Premium,Mixed,1.8,35,686,132,80,3959,239,Medium,1.5
7012,Twitter,46-60,Male,India,Desktop,Mobile Data,Free,Image,2.1,19,673,135,106,20603,574,High,0.5
7013,LinkedIn,46-60,Female,USA,Tablet,Mobile Data,Free,Text,5.5,31,206,34,95,47315,4004,Low,3.5
7014,Twitter,26-35,Female,Germany,Tablet,WiFi,Premium,Video,0.9,21,170,8,144,62481,4583,Medium,0.6
7015,Snapchat,36-45,Female,Brazil,Desktop,WiFi,Premium,Text,3.9,18,25,71,118,3780,3236,High,3.4
7016,Snapchat,26-35,Male,Japan,Desktop,Mobile Data,Premium,Mixed,1.5,24,134,131,109,28765,4569,Medium,7.3
7017,Reddit,60+,Male,Japan,Desktop,Mobile Data,Premium,Image,6.0,40,132,14,74,80806,1165,Low,3.1
7018,YouTube,26-35,Female,Singapore,Desktop,Mobile Data,Free,Text,1.1,6,498,29,103,94266,4608,Medium,4.9
7019,Facebook,36-45,Other,India,Desktop,Mobile Data,Premium,Mixed,4.1,37,440,187,35,53789,1432,Low,5.3
7020,Snapchat,26-35,Other,Canada,Mobile,WiFi,Free,Video,5.5,19,610,7,20,23404,2040,Medium,4.9
7021,LinkedIn,13-18,Other,UAE,Desktop,Mobile Data,Free,Text,2.6,39,405,81,1,40209,2283,High,3.7
7022,TikTok,13-18,Other,India,Mobile,WiFi,Premium,Text,3.0,8,135,98,55,38440,2082,Low,7.9
7023,Reddit,13-18,Female,India,Tablet,WiFi,Premium,Mixed,4.0,24,251,178,32,4179,3489,High,1.0
7024,TikTok,19-25,Male,Germany,Desktop,Mobile Data,Free,Text,2.7,38,698,39,143,46145,3372,Medium,6.6
7025,Instagram,26-35,Other,UAE,Tablet,Mobile Data,Free,Image,1.9,34,415,77,21,42629,4123,High,3.6
7026,Snapchat,19-25,Other,Japan,Tablet,WiFi,Free,Image,3.8,1,601,156,32,21023,4449,Low,1.9
7027,Snapchat,36-45,Male,Brazil,Mobile,Mobile Data,Free,Video,2.1,24,581,162,24,32483,4974,High,6.9
7028,Reddit,19-25,Other,India,Mobile,Mobile Data,Free,Mixed,2.2,21,370,168,114,92498,3264,Low,3.0
7029,Instagram,13-18,Male,Canada,Tablet,WiFi,Premium,Video,4.7,26,655,106,39,21530,1455,Medium,5.4
7030,Instagram,46-60,Male,Japan,Mobile,WiFi,Premium,Image,4.3,27,649,37,5,36187,2250,High,6.1
7031,Facebook,13-18,Male,Australia,Desktop,WiFi,Premium,Text,4.1,25,558,197,106,40867,2486,Medium,3.5
7032,Reddit,26-35,Male,UAE,Tablet,WiFi,Premium,Text,4.7,20,730,94,10,25032,2516,High,5.2
7033,TikTok,13-18,Other,Brazil,Desktop,Mobile Data,Premium,Image,5.1,28,585,158,72,48371,4945,Medium,4.9
7034,Facebook,19-25,Male,UAE,Mobile,Mobile Data,Premium,Mixed,5.2,36,170,113,34,99153,1786,High,1.4
7035,Pinterest,13-18,Female,Japan,Tablet,WiFi,Premium,Image,4.4,21,748,28,54,48129,4340,High,8.6
7036,Reddit,36-45,Male,Australia,Mobile,WiFi,Free,Text,0.8,4,525,32,8,28719,4976,High,4.0
7037,Snapchat,13-18,Male,Japan,Desktop,WiFi,Free,Video,4.3,26,793,41,25,67677,3103,Medium,6.0
7038,LinkedIn,26-35,Other,Singapore,Tablet,WiFi,Free,Video,5.2,10,590,185,128,92331,207,Low,2.7
7039,Facebook,60+,Other,Canada,Mobile,WiFi,Free,Video,4.9,22,619,186,111,11348,2117,High,0.9
7040,Instagram,26-35,Other,USA,Mobile,Mobile Data,Premium,Mixed,1.7,8,162,145,81,88623,1068,High,4.4
7041,Facebook,26-35,Male,UK,Tablet,Mobile Data,Free,Mixed,4.9,9,126,196,55,72861,1003,High,2.6
7042,TikTok,13-18,Male,Germany,Mobile,WiFi,Free,Image,3.6,9,779,141,3,83292,1269,High,7.0
7043,Reddit,36-45,Female,Australia,Mobile,WiFi,Premium,Image,4.6,21,529,178,128,57049,744,Medium,9.6
7044,Snapchat,60+,Male,USA,Tablet,Mobile Data,Free,Image,4.8,23,681,176,145,16264,1842,Medium,4.4
7045,TikTok,19-25,Other,Singapore,Tablet,Mobile Data,Premium,Mixed,0.7,25,126,4,72,16157,672,Medium,5.2
7046,Facebook,36-45,Other,India,Mobile,Mobile Data,Premium,Text,2.3,17,160,121,87,81827,3377,Low,9.1
7047,Pinterest,13-18,Other,UK,Mobile,Mobile Data,Premium,Video,1.5,37,503,13,150,98209,2484,High,4.7
7048,Pinterest,13-18,Other,USA,Mobile,Mobile Data,Free,Video,0.3,31,432,46,118,99739,1879,Low,4.1
7049,TikTok,46-60,Other,Brazil,Tablet,Mobile Data,Free,Video,2.0,26,682,83,127,46466,4157,Medium,6.4
7050,Pinterest,26-35,Other,Brazil,Desktop,Mobile Data,Free,Image,1.8,10,110,178,78,81609,3829,Medium,7.7
7051,Snapchat,13-18,Female,India,Desktop,Mobile Data,Premium,Text,3.6,20,219,130,72,13284,1151,High,5.3
7052,Twitter,19-25,Female,Brazil,Tablet,WiFi,Premium,Text,4.9,20,134,22,133,58543,4381,High,3.3
7053,YouTube,46-60,Female,Brazil,Desktop,WiFi,Free,Mixed,3.7,25,152,59,87,82461,1022,Medium,5.2
7054,LinkedIn,19-25,Other,Brazil,Desktop,Mobile Data,Free,Video,3.2,28,741,193,3,43476,479,Low,2.0
7055,Pinterest,26-35,Female,Germany,Desktop,WiFi,Premium,Mixed,4.4,40,573,52,123,46382,401,High,8.5
7056,Pinterest,46-60,Male,Singapore,Desktop,WiFi,Free,Video,3.5,11,563,143,35,94084,2770,Low,7.0
7057,Facebook,46-60,Female,Japan,Tablet,Mobile Data,Free,Text,2.2,39,608,104,107,43365,1723,High,1.5
7058,TikTok,19-25,Female,Canada,Mobile,WiFi,Free,Video,4.2,40,687,114,104,16788,58,Low,0.9
7059,Twitter,36-45,Male,Japan,Tablet,WiFi,Premium,Mixed,4.3,4,308,168,68,84146,494,Medium,5.4
7060,Snapchat,19-25,Male,Germany,Desktop,WiFi,Premium,Text,3.8,28,121,155,96,82396,4525,High,6.8
7061,Twitter,19-25,Other,Singapore,Mobile,Mobile Data,Premium,Video,5.4,0,102,78,25,76063,2427,Medium,8.9
7062,Instagram,26-35,Other,UK,Mobile,Mobile Data,Premium,Mixed,5.0,33,678,19,66,56680,2263,High,6.9
7063,LinkedIn,46-60,Other,Brazil,Mobile,Mobile Data,Free,Text,1.6,36,389,10,14,8729,859,Medium,3.4
7064,Snapchat,60+,Female,Singapore,Mobile,Mobile Data,Free,Text,3.2,18,216,9,7,78300,273,High,0.6
7065,LinkedIn,60+,Female,USA,Mobile,WiFi,Premium,Text,3.5,31,504,141,113,76504,1791,Medium,9.4
7066,Twitter,60+,Male,Singapore,Tablet,Mobile Data,Free,Text,0.4,40,233,43,125,50417,4454,High,1.4
7067,LinkedIn,36-45,Other,UK,Desktop,Mobile Data,Free,Video,0.6,0,306,40,101,97892,982,High,9.8
7068,Pinterest,36-45,Female,India,Tablet,Mobile Data,Free,Mixed,0.8,18,662,147,64,25193,3053,Medium,8.3
7069,TikTok,13-18,Female,USA,Tablet,WiFi,Free,Text,2.5,37,134,61,19,60197,1262,Medium,9.8
7070,YouTube,60+,Male,USA,Mobile,WiFi,Premium,Text,2.6,15,201,109,28,13234,378,Medium,1.2
7071,Facebook,60+,Male,Singapore,Tablet,Mobile Data,Free,Text,2.4,34,40,33,30,58024,3436,Medium,9.6
7072,TikTok,26-35,Male,Singapore,Tablet,WiFi,Free,Mixed,2.2,0,784,30,75,56688,4035,Medium,4.5
7073,TikTok,26-35,Female,India,Tablet,Mobile Data,Free,Video,2.8,6,766,181,79,80189,4612,Low,7.3
7074,Pinterest,26-35,Female,Canada,Mobile,Mobile Data,Free,Mixed,3.6,30,148,117,27,30502,401,Medium,8.8
7075,Facebook,13-18,Other,Canada,Desktop,WiFi,Free,Video,4.0,17,491,101,125,95492,359,Medium,4.6
7076,Snapchat,13-18,Male,India,Mobile,WiFi,Free,Mixed,4.2,30,504,22,32,82018,4142,Low,3.1
7077,LinkedIn,36-45,Female,Brazil,Tablet,WiFi,Free,Video,3.2,29,505,29,112,93628,4394,High,1.3
7078,Instagram,13-18,Other,India,Mobile,Mobile Data,Premium,Video,0.3,4,160,168,138,15486,3866,Low,9.6
7079,Instagram,60+,Other,Singapore,Tablet,Mobile Data,Premium,Image,1.3,28,108,81,49,8629,2050,High,6.2
7080,TikTok,26-35,Female,UAE,Tablet,WiFi,Premium,Mixed,1.1,37,282,34,99,4577,4097,High,7.9
7081,Snapchat,36-45,Female,UAE,Desktop,Mobile Data,Free,Image,3.8,18,284,117,21,69412,1040,High,6.9
7082,YouTube,60+,Other,Germany,Mobile,WiFi,Free,Text,1.0,25,238,4,46,63813,4840,Low,6.2
7083,YouTube,19-25,Male,Japan,Mobile,WiFi,Premium,Video,1.7,32,732,4,37,63334,4338,Low,1.9
7084,Snapchat,36-45,Other,Singapore,Mobile,WiFi,Free,Video,5.1,24,741,98,85,91131,4297,High,1.8
7085,Instagram,46-60,Female,USA,Mobile,Mobile Data,Free,Video,2.5,6,528,146,64,8078,3974,Low,7.1
7086,Facebook,26-35,Female,India,Desktop,Mobile Data,Premium,Text,1.0,31,15,115,36,23173,2603,Medium,1.4
7087,Twitter,26-35,Female,Japan,Desktop,WiFi,Premium,Video,2.4,27,469,33,150,10935,3762,Low,6.0
7088,Twitter,19-25,Male,Germany,Desktop,WiFi,Premium,Text,1.4,39,734,65,94,85387,1431,Medium,8.7
7089,YouTube,36-45,Male,Australia,Mobile,WiFi,Premium,Video,4.5,0,425,149,70,16871,1064,Low,8.3
7090,Reddit,19-25,Male,Germany,Desktop,WiFi,Premium,Video,4.5,38,10,11,51,78054,3555,Medium,9.3
7091,Facebook,60+,Female,Brazil,Desktop,WiFi,Premium,Text,2.1,35,270,121,17,30180,1919,Low,5.6
7092,YouTube,26-35,Other,UAE,Desktop,Mobile Data,Premium,Image,2.0,0,318,152,125,39666,4671,Medium,9.0
7093,Facebook,26-35,Other,UK,Tablet,WiFi,Free,Image,2.7,30,129,67,105,99282,3603,Medium,3.4
7094,Facebook,60+,Other,UAE,Desktop,Mobile Data,Free,Text,3.0,22,795,52,54,41468,3663,Medium,1.2
7095,Instagram,26-35,Male,Brazil,Mobile,Mobile Data,Premium,Image,5.1,26,140,12,136,13872,3579,Medium,8.0
7096,Facebook,46-60,Other,UAE,Desktop,Mobile Data,Premium,Image,6.0,38,680,65,3,8860,66,Medium,8.7
7097,LinkedIn,26-35,Male,Canada,Tablet,Mobile Data,Free,Image,1.5,29,565,168,92,2272,2313,Low,2.2
7098,Pinterest,19-25,Female,Singapore,Desktop,WiFi,Free,Image,3.7,33,117,189,55,3086,395,Medium,9.6
7099,Twitter,36-45,Other,UAE,Desktop,WiFi,Free,Video,1.4,39,276,170,121,4129,4022,Low,1.4
7100,Twitter,26-35,Female,Japan,Desktop,WiFi,Premium,Image,5.8,27,367,191,130,13459,3628,High,1.1
7101,Facebook,26-35,Male,Singapore,Desktop,Mobile Data,Premium,Video,0.9,3,106,0,107,49858,4465,Low,10.0
7102,YouTube,60+,Other,Germany,Tablet,WiFi,Free,Text,4.2,20,540,120,104,34392,3224,High,1.9
7103,Pinterest,60+,Male,USA,Desktop,WiFi,Free,Text,3.0,36,576,102,78,99227,2213,Low,5.4
7104,Snapchat,19-25,Other,UK,Desktop,Mobile Data,Free,Video,5.6,7,765,90,86,35068,4851,Low,6.9
7105,Facebook,13-18,Other,UAE,Desktop,Mobile Data,Free,Text,0.7,27,528,7,106,49229,4962,Medium,2.8
7106,Reddit,36-45,Female,UK,Mobile,Mobile Data,Free,Text,5.8,0,47,147,51,68952,4722,Medium,9.6
7107,Reddit,60+,Other,Brazil,Tablet,WiFi,Free,Text,1.5,0,551,125,60,10416,4616,Low,6.0
7108,LinkedIn,36-45,Other,India,Mobile,WiFi,Premium,Text,4.6,40,706,37,121,68833,302,Medium,8.4
7109,Snapchat,46-60,Other,Australia,Desktop,WiFi,Premium,Video,3.9,10,154,52,51,94301,1713,Low,7.5
7110,Facebook,26-35,Female,UK,Mobile,Mobile Data,Free,Text,4.1,37,379,3,57,78250,2452,Low,6.7
7111,Facebook,26-35,Other,Germany,Tablet,WiFi,Free,Text,0.9,18,456,69,104,37381,4129,Medium,7.4
7112,Twitter,60+,Other,USA,Desktop,Mobile Data,Premium,Text,0.7,13,13,152,137,77970,397,Medium,9.2
7113,Instagram,19-25,Female,Brazil,Desktop,WiFi,Premium,Image,1.6,10,361,170,40,45131,2475,High,7.2
7114,YouTube,26-35,Male,Japan,Desktop,Mobile Data,Free,Video,1.1,10,613,0,112,39257,933,High,4.7
7115,Reddit,46-60,Female,Australia,Tablet,WiFi,Premium,Image,5.2,35,699,185,78,1717,3535,Low,1.2
7116,Instagram,26-35,Female,Singapore,Desktop,Mobile Data,Free,Image,3.5,31,37,29,147,92670,885,Medium,3.2
7117,YouTube,60+,Male,Japan,Tablet,Mobile Data,Free,Text,3.8,5,67,195,91,42392,4971,High,7.8
7118,Twitter,26-35,Female,Singapore,Desktop,Mobile Data,Free,Mixed,1.1,29,441,136,2,87159,1555,Low,4.5
7119,LinkedIn,13-18,Male,Germany,Desktop,Mobile Data,Premium,Video,4.5,40,731,161,126,94729,3792,High,2.2
7120,Pinterest,26-35,Female,UK,Tablet,Mobile Data,Free,Text,5.3,9,570,156,100,95823,3264,Low,1.2
7121,Reddit,13-18,Male,Singapore,Tablet,WiFi,Free,Video,4.1,24,552,127,104,3894,1803,Low,2.2
7122,Instagram,19-25,Male,UK,Desktop,WiFi,Premium,Video,5.3,24,186,187,99,2440,983,Low,9.1
7123,Facebook,46-60,Female,Singapore,Mobile,WiFi,Free,Mixed,4.0,38,412,153,24,61531,4563,Low,5.8
7124,Instagram,46-60,Male,Brazil,Mobile,Mobile Data,Free,Text,3.2,36,200,175,107,34936,881,High,8.7
7125,Snapchat,19-25,Other,USA,Mobile,WiFi,Premium,Text,3.0,5,519,83,82,24190,3472,High,3.8
7126,Facebook,60+,Female,Germany,Desktop,WiFi,Premium,Text,4.2,9,335,53,99,49215,1530,High,6.0
7127,Pinterest,60+,Male,Singapore,Mobile,Mobile Data,Premium,Mixed,1.7,32,487,20,7,16341,3594,Medium,8.6
7128,TikTok,19-25,Female,Australia,Tablet,Mobile Data,Premium,Text,1.7,9,300,152,9,41047,2060,Low,2.2
7129,Reddit,36-45,Female,Singapore,Tablet,WiFi,Premium,Video,4.8,28,342,23,84,85100,4606,Medium,9.3
7130,Pinterest,46-60,Male,Brazil,Desktop,WiFi,Free,Image,2.3,11,670,107,26,80297,3666,High,0.8
7131,LinkedIn,46-60,Male,Australia,Tablet,WiFi,Free,Image,0.3,4,464,14,101,33433,2876,High,2.4
7132,Instagram,46-60,Female,UK,Desktop,Mobile Data,Free,Text,5.0,36,706,138,10,69455,1375,Low,1.0
7133,Reddit,26-35,Male,USA,Desktop,Mobile Data,Premium,Text,3.0,6,495,131,46,72634,3512,Medium,8.8
7134,Facebook,60+,Female,UAE,Desktop,Mobile Data,Premium,Image,4.7,33,728,141,133,19614,2535,Low,4.9
7135,Snapchat,13-18,Female,Germany,Desktop,WiFi,Free,Image,1.3,13,457,8,35,8745,1282,Medium,7.8
7136,Facebook,19-25,Male,Japan,Mobile,Mobile Data,Premium,Text,2.9,1,725,109,124,15909,747,Medium,0.6
7137,Instagram,26-35,Female,Brazil,Desktop,WiFi,Free,Video,3.1,34,540,190,0,23721,4201,Low,5.2
7138,LinkedIn,36-45,Female,Australia,Mobile,Mobile Data,Premium,Video,3.7,31,530,190,61,71528,4378,Medium,5.1
7139,LinkedIn,19-25,Female,India,Tablet,Mobile Data,Premium,Image,2.3,20,529,69,12,31910,656,High,4.2
7140,Twitter,13-18,Other,Australia,Mobile,Mobile Data,Free,Mixed,3.8,29,488,2,43,7909,644,Medium,0.7
7141,Twitter,60+,Female,Singapore,Mobile,Mobile Data,Premium,Video,3.0,32,178,162,126,18549,4116,Low,4.4
7142,Snapchat,46-60,Other,UK,Desktop,WiFi,Premium,Image,0.6,14,306,115,2,42499,4956,High,2.0
7143,Reddit,13-18,Female,Singapore,Desktop,Mobile Data,Free,Text,3.6,10,192,95,132,6444,4338,Low,6.0
7144,Facebook,36-45,Other,Japan,Tablet,WiFi,Free,Mixed,0.4,12,458,18,136,48961,2186,Low,1.6
7145,Facebook,13-18,Other,Australia,Tablet,WiFi,Premium,Video,2.5,36,405,133,118,49954,3670,Medium,4.1
7146,YouTube,19-25,Male,UAE,Mobile,WiFi,Free,Text,5.6,1,373,166,109,98659,2061,Low,5.0
7147,Instagram,13-18,Female,USA,Mobile,WiFi,Free,Text,3.7,4,167,23,76,29429,471,Medium,7.3
7148,Instagram,26-35,Male,Canada,Tablet,Mobile Data,Free,Mixed,4.5,24,38,144,134,57671,1210,Medium,8.5
7149,Reddit,13-18,Male,USA,Mobile,Mobile Data,Premium,Mixed,5.1,28,341,192,125,75655,3320,Medium,5.7
7150,YouTube,13-18,Male,India,Desktop,WiFi,Free,Video,1.5,28,351,193,145,75969,2826,Low,5.1
7151,TikTok,13-18,Male,Singapore,Desktop,WiFi,Free,Text,4.8,11,727,160,94,63515,1564,High,9.9
7152,LinkedIn,46-60,Other,Germany,Mobile,Mobile Data,Free,Video,4.7,20,213,159,50,87123,2650,High,9.7
7153,Instagram,46-60,Male,Germany,Tablet,WiFi,Premium,Image,2.8,5,707,126,8,48998,1313,Low,5.7
7154,Instagram,60+,Female,USA,Tablet,Mobile Data,Premium,Text,5.5,3,204,16,62,38307,1254,Low,2.9
7155,Instagram,46-60,Other,India,Desktop,WiFi,Free,Image,4.9,22,778,11,48,88997,2917,Low,3.1
7156,Reddit,19-25,Female,USA,Mobile,Mobile Data,Free,Mixed,2.6,12,767,195,65,86206,2898,High,2.4
7157,Facebook,60+,Female,India,Mobile,WiFi,Free,Image,4.7,35,346,58,23,19655,537,High,0.8
7158,Instagram,36-45,Male,India,Tablet,Mobile Data,Premium,Image,3.0,18,695,183,47,44342,1566,Medium,6.6
7159,Snapchat,46-60,Other,UK,Tablet,Mobile Data,Free,Mixed,5.1,15,619,85,144,32713,3287,Medium,3.9
7160,Instagram,19-25,Female,USA,Desktop,WiFi,Free,Image,1.6,10,327,109,58,90407,2854,Medium,2.4
7161,Snapchat,46-60,Female,UAE,Desktop,Mobile Data,Premium,Text,4.1,2,778,197,16,10925,3929,Medium,2.1
7162,Reddit,46-60,Female,UK,Mobile,WiFi,Free,Image,1.9,39,605,129,111,83271,4662,Low,3.1
7163,Instagram,36-45,Male,Brazil,Mobile,WiFi,Free,Image,4.3,29,492,48,67,24755,1828,Low,6.1
7164,Instagram,36-45,Female,USA,Desktop,WiFi,Free,Text,5.6,7,726,84,103,83941,4234,Low,4.9
7165,Snapchat,46-60,Female,UK,Mobile,WiFi,Free,Text,0.8,0,312,124,115,57934,1410,Medium,5.0
7166,Twitter,26-35,Male,India,Tablet,WiFi,Free,Video,5.7,24,532,89,13,34440,406,Low,2.5
7167,LinkedIn,26-35,Male,Japan,Mobile,Mobile Data,Free,Image,5.7,39,105,29,143,7201,3332,Medium,3.0
7168,YouTube,60+,Other,India,Mobile,Mobile Data,Free,Mixed,2.2,9,461,162,92,96863,948,Low,7.5
7169,YouTube,19-25,Other,USA,Mobile,Mobile Data,Free,Mixed,5.6,35,194,125,41,3481,3510,High,6.7
7170,YouTube,46-60,Male,Canada,Tablet,Mobile Data,Premium,Text,4.1,8,737,85,138,95682,2530,High,5.6
7171,Reddit,60+,Female,Australia,Tablet,Mobile Data,Premium,Mixed,5.6,8,312,86,41,24201,2914,High,4.4
7172,YouTube,19-25,Female,Japan,Tablet,Mobile Data,Premium,Video,2.2,37,412,83,18,94665,4229,High,5.2
7173,Twitter,19-25,Other,Canada,Desktop,Mobile Data,Free,Video,5.5,33,73,64,23,40773,3037,Medium,6.5
7174,Twitter,36-45,Female,Canada,Mobile,WiFi,Free,Image,5.2,29,29,14,93,59779,1800,Medium,3.3
7175,Facebook,46-60,Male,UAE,Tablet,WiFi,Premium,Video,4.9,19,76,88,94,13367,4644,Low,2.2
7176,YouTube,36-45,Male,Australia,Desktop,WiFi,Free,Text,0.6,3,454,112,59,74765,1077,Low,3.4
7177,Pinterest,13-18,Other,Brazil,Mobile,WiFi,Free,Video,4.1,18,72,88,15,7105,1424,Low,5.0
7178,LinkedIn,60+,Other,Australia,Desktop,Mobile Data,Free,Video,2.5,32,753,115,90,19969,2623,Medium,2.9
7179,Reddit,46-60,Other,UAE,Tablet,Mobile Data,Free,Mixed,2.6,35,172,179,38,5021,1768,Medium,3.5
7180,Pinterest,36-45,Male,India,Desktop,WiFi,Premium,Text,5.7,17,52,17,96,80448,1500,High,7.2
7181,Facebook,26-35,Female,USA,Tablet,Mobile Data,Premium,Video,6.0,9,533,18,87,34392,2384,Low,9.1
7182,Snapchat,46-60,Other,Japan,Desktop,WiFi,Free,Image,4.2,19,258,129,97,20797,2979,Low,9.9
7183,Snapchat,26-35,Other,USA,Desktop,WiFi,Free,Image,5.5,16,771,97,133,91102,4543,High,5.1
7184,LinkedIn,46-60,Male,UAE,Mobile,WiFi,Premium,Image,0.6,12,730,133,81,30575,1784,High,5.5
7185,YouTube,60+,Other,UAE,Mobile,WiFi,Free,Mixed,5.9,31,310,161,131,10888,785,Medium,3.9
7186,Instagram,46-60,Male,UAE,Mobile,Mobile Data,Premium,Video,3.4,11,83,44,13,20476,4993,Low,3.9
7187,Facebook,26-35,Female,Germany,Mobile,WiFi,Premium,Mixed,1.1,23,301,125,46,63846,3903,Low,7.5
7188,Pinterest,46-60,Male,Australia,Desktop,WiFi,Premium,Image,3.4,38,87,49,133,38018,2484,High,9.3
7189,Twitter,13-18,Male,Singapore,Mobile,Mobile Data,Free,Video,6.0,21,316,128,139,89058,1322,High,0.8
7190,Facebook,19-25,Other,UK,Mobile,WiFi,Free,Text,3.8,4,625,22,57,32997,4415,High,2.5
7191,TikTok,36-45,Male,UK,Mobile,WiFi,Free,Text,3.9,9,782,60,36,32385,2422,Low,0.6
7192,Twitter,36-45,Female,UK,Tablet,WiFi,Premium,Text,5.5,18,406,62,147,13926,1517,High,9.5
7193,LinkedIn,19-25,Male,Brazil,Tablet,WiFi,Free,Image,1.8,17,321,112,146,78184,74,High,5.6
7194,Facebook,26-35,Female,Brazil,Mobile,Mobile Data,Free,Text,4.8,31,445,68,14,99163,722,Medium,1.9
7195,Twitter,13-18,Other,Canada,Desktop,Mobile Data,Premium,Text,4.7,3,517,42,113,69674,4875,Low,6.0
7196,Reddit,19-25,Other,Canada,Desktop,Mobile Data,Premium,Mixed,5.8,5,4,37,101,32903,636,Medium,4.5
7197,Snapchat,19-25,Female,UK,Mobile,Mobile Data,Free,Image,0.3,40,298,85,126,76523,776,Low,5.2
7198,Twitter,26-35,Male,Canada,Desktop,WiFi,Premium,Image,4.9,27,638,136,24,32207,4603,High,6.9
7199,Pinterest,60+,Female,UAE,Mobile,WiFi,Premium,Text,4.5,9,119,9,27,48502,2417,Medium,9.0
7200,Facebook,19-25,Other,Australia,Desktop,WiFi,Free,Video,4.9,14,319,193,11,10227,3200,High,1.5
7201,Pinterest,13-18,Male,Brazil,Tablet,WiFi,Premium,Image,4.1,19,669,139,68,14342,3543,High,4.3
7202,Snapchat,36-45,Female,Canada,Desktop,WiFi,Premium,Mixed,4.1,10,253,197,89,91880,3351,Low,7.5
7203,Twitter,19-25,Female,India,Mobile,WiFi,Free,Text,1.0,18,630,198,41,61721,3193,Low,1.1
7204,Facebook,26-35,Other,Canada,Mobile,WiFi,Premium,Mixed,4.0,8,796,84,87,1573,2555,Medium,3.5
7205,Instagram,13-18,Other,India,Desktop,Mobile Data,Premium,Image,0.6,15,62,55,48,60577,3705,Medium,7.0
7206,YouTube,36-45,Female,India,Tablet,WiFi,Free,Image,4.2,3,610,24,31,42483,4390,Medium,4.5
7207,Instagram,46-60,Female,Australia,Mobile,WiFi,Premium,Image,1.4,17,694,176,115,43470,643,Low,1.2
7208,Reddit,36-45,Male,Germany,Mobile,Mobile Data,Premium,Text,3.6,23,493,28,123,60995,4460,High,5.0
7209,TikTok,60+,Other,USA,Mobile,WiFi,Premium,Image,0.8,24,160,197,23,77688,1631,Low,9.4
7210,Snapchat,13-18,Female,Germany,Mobile,WiFi,Free,Image,3.9,23,616,82,83,12941,2463,Medium,1.5
7211,TikTok,19-25,Other,Brazil,Mobile,Mobile Data,Free,Text,4.9,37,346,66,85,8767,3132,Low,5.3
7212,Pinterest,36-45,Male,Canada,Tablet,WiFi,Free,Image,2.5,31,135,99,136,45128,3829,Medium,7.7
7213,Facebook,26-35,Female,Canada,Desktop,WiFi,Free,Image,0.7,25,771,160,108,98246,511,Medium,7.9
7214,Instagram,13-18,Other,Brazil,Tablet,Mobile Data,Free,Mixed,3.3,28,588,51,107,95089,225,Low,3.2
7215,YouTube,13-18,Female,Japan,Mobile,Mobile Data,Premium,Video,0.7,25,275,128,137,90314,2060,Medium,4.2
7216,LinkedIn,26-35,Male,India,Mobile,Mobile Data,Free,Text,1.9,17,170,185,27,13689,2383,High,3.9
7217,Facebook,13-18,Female,India,Desktop,WiFi,Free,Image,4.5,15,643,166,71,508,1192,Low,3.0
7218,Reddit,60+,Male,Australia,Desktop,WiFi,Premium,Image,4.5,16,794,63,118,89639,3039,Low,5.3
7219,YouTube,36-45,Male,UAE,Desktop,WiFi,Premium,Text,2.3,12,597,20,58,76496,4586,Medium,2.4
7220,Instagram,13-18,Male,Australia,Mobile,WiFi,Premium,Image,3.6,16,636,184,82,71301,4143,Medium,2.2
7221,Pinterest,36-45,Male,UK,Mobile,Mobile Data,Premium,Mixed,5.6,37,256,179,122,97677,2981,High,6.9
7222,Facebook,13-18,Male,Australia,Desktop,Mobile Data,Free,Image,3.0,31,304,147,132,59274,2283,Low,2.1
7223,Reddit,26-35,Female,UAE,Mobile,Mobile Data,Free,Text,0.8,38,574,111,66,48594,4809,Low,4.9
7224,Snapchat,13-18,Female,UAE,Mobile,WiFi,Free,Image,1.8,23,134,140,122,34406,1599,High,4.1
7225,LinkedIn,36-45,Other,UAE,Desktop,WiFi,Free,Text,3.4,14,157,104,111,94920,196,Medium,2.0
7226,Instagram,26-35,Male,Singapore,Tablet,WiFi,Free,Text,2.5,28,666,84,52,63449,2532,Medium,7.1
7227,YouTube,46-60,Female,India,Mobile,WiFi,Premium,Image,1.1,4,628,103,86,56463,4457,High,6.0
7228,Twitter,60+,Other,USA,Tablet,Mobile Data,Free,Text,2.4,15,686,106,18,43550,843,High,5.6
7229,Twitter,19-25,Male,Japan,Tablet,Mobile Data,Premium,Mixed,4.9,28,78,68,142,28208,433,Low,3.6
7230,Twitter,36-45,Male,UK,Tablet,Mobile Data,Premium,Text,2.3,13,470,116,106,57433,1718,Medium,0.5
7231,LinkedIn,26-35,Female,Japan,Desktop,Mobile Data,Free,Image,1.7,16,559,139,140,95598,421,Medium,8.2
7232,Pinterest,36-45,Male,India,Mobile,WiFi,Free,Mixed,2.8,27,493,16,66,34022,1648,High,8.0
7233,Facebook,46-60,Male,Germany,Mobile,Mobile Data,Premium,Text,5.0,21,335,166,104,37639,1099,High,5.4
7234,TikTok,13-18,Female,Australia,Desktop,Mobile Data,Premium,Video,1.0,10,699,9,25,78665,2221,Low,0.6
7235,TikTok,26-35,Other,India,Desktop,Mobile Data,Premium,Mixed,4.1,22,509,83,21,70711,3455,Low,8.6
7236,TikTok,46-60,Other,Brazil,Desktop,WiFi,Premium,Mixed,4.1,30,156,141,35,34482,587,High,7.5
7237,Reddit,36-45,Male,Brazil,Tablet,Mobile Data,Free,Image,3.5,40,562,42,74,15943,1061,High,7.3
7238,TikTok,19-25,Other,UAE,Mobile,WiFi,Premium,Video,1.3,5,733,34,4,38122,3325,High,5.1
7239,Instagram,19-25,Other,Brazil,Tablet,Mobile Data,Free,Video,0.5,5,671,34,56,73687,2283,Medium,4.7
7240,Facebook,19-25,Other,Germany,Desktop,Mobile Data,Premium,Text,3.3,21,247,60,14,20093,3771,High,8.5
7241,Snapchat,46-60,Other,Australia,Desktop,WiFi,Free,Mixed,0.5,25,765,141,27,55401,2395,Medium,8.4
7242,Snapchat,26-35,Male,Brazil,Mobile,WiFi,Premium,Mixed,2.9,10,721,169,143,90584,3155,Medium,9.9
7243,LinkedIn,46-60,Male,Germany,Desktop,Mobile Data,Premium,Text,4.4,3,140,25,93,91069,1862,High,6.5
7244,Facebook,36-45,Other,Australia,Tablet,WiFi,Premium,Image,1.9,7,4,167,143,98914,3683,Low,0.9
7245,YouTube,46-60,Other,Canada,Desktop,Mobile Data,Premium,Text,4.2,19,254,98,3,29621,1855,Low,7.2
7246,Facebook,26-35,Female,Brazil,Mobile,Mobile Data,Free,Mixed,1.9,9,529,168,46,71474,3470,Medium,9.8
7247,Instagram,60+,Male,Australia,Desktop,WiFi,Free,Text,5.7,7,212,116,87,55331,4965,Low,6.6
7248,Instagram,13-18,Male,Australia,Mobile,Mobile Data,Premium,Text,3.3,21,726,57,100,951,125,Medium,4.9
7249,Snapchat,26-35,Other,USA,Desktop,Mobile Data,Premium,Video,2.1,25,247,0,51,11475,4356,Low,8.8
7250,Pinterest,46-60,Male,Canada,Mobile,WiFi,Premium,Image,5.9,14,617,112,34,68466,2673,High,5.5
7251,Twitter,26-35,Male,Australia,Tablet,Mobile Data,Free,Mixed,1.1,35,220,94,96,24119,634,High,2.9
7252,TikTok,36-45,Other,Brazil,Tablet,WiFi,Free,Video,0.4,4,699,117,62,34771,3071,High,8.3
7253,Pinterest,46-60,Male,Japan,Desktop,WiFi,Free,Text,3.5,30,736,101,131,48257,2419,Medium,6.2
7254,TikTok,26-35,Other,Canada,Tablet,WiFi,Free,Image,1.2,40,584,60,113,33338,3146,High,9.2
7255,Instagram,36-45,Other,UK,Desktop,WiFi,Premium,Image,3.3,5,498,172,94,79572,3833,Medium,1.2
7256,TikTok,13-18,Other,UK,Desktop,Mobile Data,Free,Mixed,2.2,31,343,163,47,33299,980,Medium,8.4
7257,Instagram,46-60,Female,India,Mobile,Mobile Data,Free,Mixed,4.2,3,306,91,123,91767,3113,High,9.9
7258,LinkedIn,60+,Male,Canada,Mobile,Mobile Data,Free,Text,1.3,31,727,172,16,50431,4023,High,8.6
7259,Pinterest,19-25,Female,Brazil,Tablet,WiFi,Premium,Video,4.3,39,770,91,88,72875,3544,High,8.6
7260,Twitter,36-45,Female,UAE,Desktop,WiFi,Free,Text,0.4,4,187,9,50,8392,3785,High,9.9
7261,LinkedIn,26-35,Female,Canada,Desktop,WiFi,Free,Text,5.5,30,700,85,91,56569,2828,Medium,3.9
7262,YouTube,60+,Male,Canada,Tablet,WiFi,Free,Image,0.5,33,498,194,93,3870,3139,Medium,6.1
7263,Pinterest,36-45,Male,Canada,Tablet,Mobile Data,Free,Video,2.0,5,570,92,39,14516,2039,Low,5.6
7264,Pinterest,26-35,Male,Japan,Desktop,Mobile Data,Free,Mixed,0.5,20,791,42,24,95559,3303,Low,1.2
7265,Reddit,13-18,Other,Japan,Mobile,Mobile Data,Premium,Video,3.5,35,147,178,57,35696,2997,High,0.8
7266,Reddit,36-45,Male,Australia,Desktop,Mobile Data,Premium,Video,5.7,1,310,22,103,15802,2371,Medium,4.9
7267,Twitter,19-25,Male,UAE,Desktop,Mobile Data,Free,Image,0.5,25,595,3,134,28871,713,Low,6.3
7268,Reddit,13-18,Female,UAE,Desktop,WiFi,Premium,Video,0.3,6,252,137,96,54825,3740,Low,8.4
7269,Pinterest,60+,Female,Australia,Tablet,Mobile Data,Premium,Image,3.3,2,431,111,132,13203,2128,High,0.6
7270,Twitter,36-45,Male,India,Desktop,Mobile Data,Free,Text,4.5,6,711,137,141,11843,2170,Medium,3.1
7271,Instagram,19-25,Male,UK,Mobile,Mobile Data,Premium,Text,5.1,26,89,99,18,79550,2023,Low,1.8
7272,Twitter,36-45,Other,Australia,Tablet,Mobile Data,Premium,Image,2.7,17,660,55,29,65147,321,Medium,1.5
7273,Twitter,26-35,Male,Singapore,Tablet,WiFi,Free,Image,3.0,30,488,100,40,88724,3432,Medium,0.9
7274,Facebook,19-25,Female,Japan,Mobile,Mobile Data,Free,Video,3.4,20,791,140,121,1476,819,High,7.1
7275,Instagram,46-60,Female,Japan,Mobile,Mobile Data,Premium,Text,1.6,15,292,4,132,46395,532,High,4.6
7276,Pinterest,26-35,Other,UAE,Mobile,Mobile Data,Premium,Mixed,5.4,18,151,152,79,39526,3199,Medium,1.5
7277,Snapchat,46-60,Male,Australia,Tablet,Mobile Data,Free,Mixed,0.8,21,455,101,93,25537,2065,Medium,9.1
7278,LinkedIn,13-18,Female,Canada,Tablet,Mobile Data,Free,Text,5.1,19,267,122,94,91994,2723,High,8.4
7279,TikTok,26-35,Female,Brazil,Desktop,WiFi,Free,Video,2.4,8,542,120,124,11383,1558,Low,4.6
7280,Facebook,13-18,Female,USA,Tablet,WiFi,Premium,Image,2.1,0,546,41,68,79037,4155,Medium,2.1
7281,Reddit,60+,Female,Brazil,Tablet,Mobile Data,Premium,Mixed,0.8,22,509,180,51,90635,3490,Medium,8.6
7282,Facebook,19-25,Other,UK,Tablet,Mobile Data,Premium,Image,0.3,5,454,192,6,80564,4315,Low,3.4
7283,Instagram,19-25,Male,Singapore,Mobile,Mobile Data,Premium,Video,0.9,19,451,36,130,30772,1422,Medium,3.3
7284,Twitter,13-18,Other,Canada,Mobile,Mobile Data,Premium,Image,4.6,17,499,159,109,52457,4531,High,4.8
7285,TikTok,26-35,Male,Germany,Tablet,Mobile Data,Premium,Text,4.9,26,539,187,41,31311,1318,Low,3.9
7286,Twitter,13-18,Male,USA,Mobile,Mobile Data,Free,Mixed,3.3,36,735,176,115,10061,2086,High,2.7
7287,YouTube,46-60,Female,Australia,Mobile,Mobile Data,Premium,Image,3.4,2,640,91,135,2270,2980,Low,10.0
7288,Twitter,19-25,Other,Singapore,Desktop,Mobile Data,Free,Video,5.0,11,78,195,150,70505,3378,High,1.4
7289,Reddit,13-18,Male,Germany,Desktop,Mobile Data,Free,Video,1.7,29,769,139,101,91976,1337,Medium,3.7
7290,Reddit,26-35,Other,Brazil,Desktop,WiFi,Premium,Video,1.4,7,457,1,119,26828,2458,High,2.8
7291,Pinterest,26-35,Male,UAE,Desktop,WiFi,Premium,Video,1.5,33,545,99,94,31543,2562,Low,7.9
7292,Reddit,13-18,Other,Brazil,Tablet,Mobile Data,Premium,Mixed,3.6,24,655,165,108,82474,2582,Low,4.9
7293,Snapchat,46-60,Female,UK,Mobile,Mobile Data,Free,Text,5.9,20,104,161,122,39737,3084,High,6.9
7294,Instagram,60+,Female,Germany,Mobile,WiFi,Free,Text,4.4,38,39,7,35,54745,3101,Medium,8.2
7295,Pinterest,19-25,Female,Australia,Tablet,WiFi,Premium,Video,3.2,30,43,83,62,93311,4410,Low,9.5
7296,Snapchat,26-35,Male,UAE,Tablet,WiFi,Premium,Mixed,1.4,17,427,64,48,5517,2671,Low,5.9
7297,Pinterest,46-60,Female,Brazil,Mobile,Mobile Data,Premium,Image,5.8,16,316,150,110,26925,4237,Low,5.1
7298,Snapchat,13-18,Male,Brazil,Mobile,Mobile Data,Free,Mixed,0.3,14,592,155,116,96429,2572,Medium,2.7
7299,Pinterest,60+,Female,Brazil,Tablet,Mobile Data,Premium,Text,2.7,24,595,157,70,74690,1629,High,4.7
7300,Snapchat,46-60,Female,UK,Desktop,WiFi,Premium,Image,4.3,7,172,84,14,78792,720,High,5.8
7301,YouTube,60+,Male,UAE,Desktop,WiFi,Free,Image,5.2,12,580,89,142,90623,4523,Low,3.8
7302,Pinterest,36-45,Other,Canada,Mobile,WiFi,Premium,Video,0.6,34,373,200,33,66793,2493,Medium,0.7
7303,Facebook,26-35,Female,Brazil,Mobile,Mobile Data,Premium,Mixed,0.6,23,728,169,83,11171,929,Medium,5.7
7304,LinkedIn,60+,Other,India,Desktop,WiFi,Free,Mixed,0.7,12,414,82,105,92947,2978,Low,0.7
7305,Twitter,26-35,Female,Germany,Desktop,WiFi,Premium,Mixed,2.8,28,112,88,47,66925,1212,High,2.0
7306,Facebook,36-45,Male,Brazil,Mobile,Mobile Data,Free,Mixed,1.5,6,62,3,122,67762,2090,High,1.8
7307,Snapchat,60+,Other,Japan,Mobile,Mobile Data,Free,Text,1.4,7,400,82,45,35369,3541,Medium,8.2
7308,Twitter,19-25,Female,UK,Desktop,WiFi,Premium,Mixed,1.6,23,184,123,130,490,234,High,0.6
7309,Reddit,13-18,Female,India,Tablet,Mobile Data,Free,Text,3.1,36,14,110,73,13563,3755,High,5.4
7310,Instagram,46-60,Other,Japan,Desktop,WiFi,Premium,Mixed,0.7,17,2,103,2,48431,2369,Medium,9.0
7311,Reddit,26-35,Male,UAE,Desktop,WiFi,Free,Image,1.9,20,391,128,16,88523,3249,High,3.1
7312,LinkedIn,13-18,Other,Singapore,Tablet,WiFi,Free,Image,3.7,23,774,35,24,25417,2110,Medium,4.6
7313,Instagram,19-25,Female,UAE,Desktop,Mobile Data,Free,Text,3.3,6,470,138,66,29518,2872,Medium,2.3
7314,YouTube,26-35,Female,UK,Tablet,WiFi,Premium,Mixed,5.0,31,418,179,87,24810,2753,Low,8.9
7315,Snapchat,36-45,Other,USA,Desktop,Mobile Data,Free,Video,0.7,10,356,119,36,33681,4866,High,5.0
7316,YouTube,60+,Male,Canada,Desktop,Mobile Data,Free,Mixed,3.6,15,300,163,23,87043,742,Medium,7.5
7317,TikTok,19-25,Female,Japan,Desktop,Mobile Data,Free,Mixed,2.1,31,403,185,27,74722,2695,Low,2.5
7318,Pinterest,36-45,Other,UAE,Tablet,Mobile Data,Premium,Text,5.9,28,451,4,97,97436,4410,Low,9.0
7319,Snapchat,46-60,Female,UAE,Tablet,WiFi,Premium,Mixed,4.3,16,693,115,124,68981,1405,High,2.3
7320,Snapchat,60+,Other,UK,Desktop,WiFi,Premium,Text,5.0,31,33,130,25,33369,1303,Low,1.3
7321,LinkedIn,36-45,Male,Germany,Desktop,WiFi,Free,Text,1.9,23,558,142,27,56207,588,High,2.7
7322,YouTube,60+,Male,Japan,Desktop,Mobile Data,Premium,Mixed,2.8,29,549,153,126,9302,2589,Medium,9.0
7323,Facebook,60+,Other,Japan,Mobile,WiFi,Free,Video,4.6,19,547,151,66,12899,2584,Low,5.5
7324,Pinterest,26-35,Male,UAE,Mobile,Mobile Data,Premium,Text,4.9,0,312,107,54,39065,2498,Low,9.1
7325,Pinterest,26-35,Male,UAE,Mobile,WiFi,Free,Video,5.9,6,122,82,29,36440,3497,High,8.0
7326,YouTube,60+,Female,Japan,Tablet,WiFi,Free,Image,2.6,38,264,144,82,38714,2068,Medium,4.8
7327,Instagram,60+,Female,Brazil,Mobile,Mobile Data,Free,Video,0.6,9,612,91,15,98729,1190,Medium,9.6
7328,TikTok,13-18,Other,India,Tablet,WiFi,Free,Text,4.1,15,99,194,54,52942,4752,Medium,9.3
7329,Reddit,46-60,Other,UK,Mobile,Mobile Data,Free,Text,3.2,20,372,122,131,49218,1515,High,1.2
7330,Facebook,13-18,Other,Canada,Tablet,Mobile Data,Free,Video,4.5,1,532,169,23,36396,1222,Medium,1.8
7331,Facebook,13-18,Female,India,Mobile,Mobile Data,Free,Mixed,1.6,30,786,145,74,81361,2710,High,5.4
7332,Snapchat,36-45,Other,Australia,Desktop,WiFi,Free,Text,1.7,26,605,114,131,1699,185,Low,6.3
7333,TikTok,36-45,Other,Japan,Desktop,WiFi,Free,Image,5.4,19,105,21,116,5044,4322,Low,2.8
7334,Reddit,46-60,Male,Australia,Desktop,Mobile Data,Free,Mixed,5.1,5,262,175,51,1494,741,Low,3.1
7335,YouTube,46-60,Male,Brazil,Desktop,WiFi,Premium,Image,1.7,5,224,78,111,42144,2103,Low,9.3
7336,Instagram,13-18,Female,USA,Desktop,Mobile Data,Free,Video,2.7,31,593,17,116,10109,1997,Low,6.0
7337,Twitter,60+,Other,Singapore,Desktop,WiFi,Free,Text,0.2,18,323,132,58,38300,946,Medium,7.9
7338,LinkedIn,13-18,Other,Germany,Tablet,Mobile Data,Free,Video,3.1,3,575,3,88,84006,1852,Low,2.7
7339,TikTok,26-35,Other,India,Tablet,Mobile Data,Premium,Text,1.1,27,274,112,143,26029,432,Low,1.2
7340,Pinterest,36-45,Female,UAE,Tablet,WiFi,Free,Image,5.4,33,342,7,41,20106,3285,Low,6.3
7341,Facebook,13-18,Male,Singapore,Mobile,Mobile Data,Free,Image,5.5,28,672,20,109,84613,488,High,2.9
7342,Pinterest,36-45,Male,Canada,Desktop,Mobile Data,Premium,Text,2.4,14,348,194,108,46519,1599,Medium,2.1
7343,Instagram,60+,Other,Singapore,Mobile,WiFi,Premium,Video,4.0,32,433,30,5,91664,4388,Medium,9.8
7344,LinkedIn,13-18,Female,Brazil,Mobile,Mobile Data,Free,Video,2.1,30,670,56,34,70553,3226,Low,0.5
7345,Twitter,36-45,Male,India,Tablet,WiFi,Free,Image,4.1,0,757,15,84,64502,4440,Medium,3.3
7346,Pinterest,26-35,Other,Singapore,Mobile,Mobile Data,Free,Video,5.3,8,251,71,58,83539,3081,Low,3.8
7347,YouTube,60+,Other,Canada,Desktop,WiFi,Premium,Video,5.0,16,14,97,118,30002,867,Low,3.8
7348,YouTube,46-60,Other,USA,Tablet,Mobile Data,Free,Text,0.3,19,750,159,70,58302,3564,Medium,4.2
7349,Twitter,19-25,Male,Singapore,Desktop,Mobile Data,Free,Video,4.9,6,278,102,82,73209,4625,High,8.7
7350,Instagram,36-45,Male,Japan,Desktop,Mobile Data,Premium,Text,2.8,36,283,105,108,59350,1298,Medium,4.7
7351,LinkedIn,19-25,Male,Singapore,Mobile,WiFi,Free,Image,1.8,4,370,90,26,78813,4929,Low,5.8
7352,TikTok,13-18,Other,UAE,Desktop,Mobile Data,Premium,Text,2.0,20,799,45,95,15107,3596,High,3.6
7353,Instagram,36-45,Other,UAE,Desktop,Mobile Data,Free,Text,4.2,20,20,9,11,2574,4612,Low,3.3
7354,YouTube,46-60,Female,Singapore,Tablet,Mobile Data,Free,Text,2.6,32,151,2,22,2201,402,Medium,8.5
7355,Pinterest,46-60,Male,Germany,Mobile,WiFi,Free,Text,5.6,40,520,77,20,77178,981,Medium,2.4
7356,Snapchat,13-18,Male,Brazil,Mobile,Mobile Data,Free,Mixed,5.4,20,528,28,11,44101,3817,High,7.7
7357,Facebook,26-35,Male,Japan,Tablet,WiFi,Free,Mixed,3.0,17,604,101,79,95501,3140,High,8.7
7358,LinkedIn,19-25,Male,Singapore,Desktop,WiFi,Premium,Mixed,0.5,10,196,27,106,15886,3325,Low,7.0
7359,Reddit,13-18,Other,UAE,Desktop,Mobile Data,Premium,Image,2.7,27,102,96,69,80603,1785,Low,4.0
7360,Pinterest,13-18,Other,UK,Tablet,Mobile Data,Premium,Image,2.6,34,707,20,95,39124,446,Medium,2.6
7361,TikTok,46-60,Other,Japan,Desktop,WiFi,Free,Image,4.5,0,56,96,25,56888,2950,High,8.3
7362,Reddit,36-45,Female,India,Tablet,WiFi,Premium,Text,5.8,18,715,160,85,5930,4584,High,2.2
7363,Snapchat,60+,Male,UK,Desktop,WiFi,Premium,Text,3.7,19,33,179,92,89079,4259,High,1.7
7364,LinkedIn,26-35,Other,India,Tablet,Mobile Data,Free,Text,4.6,27,250,10,136,22336,2961,Low,1.6
7365,Pinterest,36-45,Female,UAE,Tablet,Mobile Data,Premium,Text,3.1,1,230,25,119,63683,1902,High,2.7
7366,Twitter,13-18,Other,Australia,Desktop,Mobile Data,Free,Mixed,4.1,11,542,5,126,43520,455,High,1.1
7367,TikTok,60+,Male,USA,Desktop,WiFi,Free,Text,5.9,40,596,13,22,91203,1599,Medium,8.9
7368,Reddit,26-35,Male,Australia,Desktop,Mobile Data,Free,Video,2.2,12,529,158,45,996,3185,High,5.0
7369,YouTube,60+,Male,UAE,Desktop,WiFi,Free,Text,3.4,14,471,177,88,24421,4122,Low,8.3
7370,TikTok,26-35,Male,UK,Desktop,Mobile Data,Free,Mixed,0.2,20,700,94,92,29375,1915,Low,6.8
7371,Facebook,46-60,Male,UAE,Desktop,Mobile Data,Free,Text,3.0,11,40,17,48,52439,4393,Medium,2.9
7372,Facebook,36-45,Female,Australia,Desktop,WiFi,Free,Image,1.2,40,172,169,129,2933,193,High,5.4
7373,Snapchat,26-35,Other,Germany,Desktop,WiFi,Premium,Video,1.1,31,788,81,25,2017,4810,High,7.7
7374,Snapchat,46-60,Other,Brazil,Desktop,WiFi,Premium,Image,5.1,36,653,168,102,88503,4849,Low,4.6
7375,Reddit,13-18,Female,Singapore,Tablet,WiFi,Premium,Image,2.4,2,164,174,66,18580,2923,High,6.1
7376,Instagram,60+,Other,Germany,Mobile,Mobile Data,Free,Mixed,3.4,35,459,39,66,12637,3025,Low,7.4
7377,YouTube,26-35,Female,India,Mobile,WiFi,Free,Text,4.2,12,15,144,77,44099,4140,Low,7.1
7378,Reddit,36-45,Other,UK,Desktop,WiFi,Premium,Mixed,1.0,7,369,191,91,87863,4162,High,9.5
7379,Twitter,13-18,Other,Canada,Desktop,WiFi,Premium,Image,3.4,15,15,87,32,50273,2252,Medium,9.7
7380,Snapchat,13-18,Male,Canada,Desktop,Mobile Data,Free,Image,1.8,37,387,96,105,1659,3254,Low,4.3
7381,Instagram,26-35,Other,Australia,Desktop,Mobile Data,Premium,Mixed,0.6,27,313,122,135,46443,1042,Low,8.2
7382,Reddit,26-35,Other,Australia,Tablet,Mobile Data,Premium,Mixed,2.0,19,316,31,120,4662,1455,Low,9.0
7383,Pinterest,26-35,Male,Singapore,Mobile,Mobile Data,Premium,Video,2.9,14,574,111,7,84755,2865,Low,9.2
7384,LinkedIn,60+,Female,Singapore,Mobile,WiFi,Free,Video,1.9,10,263,191,115,11762,4142,Medium,3.2
7385,Pinterest,36-45,Other,UK,Mobile,WiFi,Premium,Text,2.0,13,159,52,149,52714,1869,Medium,3.2
7386,Pinterest,46-60,Male,USA,Desktop,Mobile Data,Free,Text,5.5,24,714,68,20,51479,1891,Medium,2.3
7387,Snapchat,60+,Male,Brazil,Desktop,Mobile Data,Free,Text,0.8,39,570,17,136,81389,847,Low,3.8
7388,Reddit,19-25,Other,Japan,Desktop,WiFi,Premium,Image,5.8,40,699,86,64,4034,3559,Low,1.6
7389,Reddit,46-60,Male,Japan,Mobile,WiFi,Free,Mixed,2.5,16,273,115,29,73402,3452,Low,3.9
7390,Snapchat,46-60,Other,Singapore,Tablet,Mobile Data,Free,Text,4.8,7,313,87,108,13886,68,Medium,7.0
7391,Facebook,26-35,Other,Brazil,Tablet,WiFi,Free,Image,5.2,32,586,168,140,61681,899,Low,2.6
7392,LinkedIn,13-18,Female,Germany,Mobile,Mobile Data,Premium,Text,1.9,18,653,26,106,93664,3933,Medium,2.2
7393,Pinterest,60+,Other,UAE,Desktop,WiFi,Free,Video,4.4,15,218,178,113,7081,953,High,1.3
7394,Pinterest,13-18,Other,Japan,Desktop,WiFi,Premium,Mixed,2.3,25,412,36,150,48464,3760,High,9.5
7395,Pinterest,26-35,Male,UAE,Mobile,Mobile Data,Free,Mixed,4.4,35,722,123,143,39177,4280,Medium,6.7
7396,Twitter,36-45,Female,USA,Mobile,WiFi,Premium,Mixed,1.1,24,594,181,51,72187,3280,Medium,2.0
7397,Instagram,60+,Male,USA,Desktop,WiFi,Free,Text,3.2,27,592,133,129,68469,2479,Medium,1.8
7398,Pinterest,19-25,Other,Brazil,Tablet,WiFi,Free,Mixed,5.5,35,587,176,106,65233,784,Medium,8.2
7399,YouTube,13-18,Female,Japan,Mobile,WiFi,Premium,Image,1.7,14,551,52,55,52143,758,Low,6.4
7400,YouTube,13-18,Male,UK,Mobile,Mobile Data,Premium,Text,3.9,36,302,19,0,20959,1133,Medium,2.5
7401,Pinterest,26-35,Female,Canada,Mobile,Mobile Data,Free,Image,2.6,10,255,70,98,33639,2106,Medium,4.5
7402,Snapchat,60+,Female,Australia,Desktop,WiFi,Free,Image,0.6,40,3,187,21,79150,4149,Medium,1.0
7403,Instagram,36-45,Male,Canada,Mobile,WiFi,Premium,Video,1.5,32,53,70,108,55734,1380,Medium,2.8
7404,YouTube,19-25,Other,Australia,Desktop,Mobile Data,Premium,Image,4.9,39,63,151,17,91369,1545,Medium,6.2
7405,TikTok,19-25,Male,Japan,Mobile,Mobile Data,Premium,Mixed,2.1,21,28,3,48,41810,2237,Medium,9.4
7406,Instagram,60+,Female,Singapore,Mobile,Mobile Data,Free,Video,5.2,33,211,76,126,35167,3007,High,8.5
7407,Facebook,19-25,Other,Brazil,Desktop,WiFi,Premium,Video,3.3,7,534,0,64,76458,807,High,3.8
7408,Reddit,46-60,Other,Japan,Mobile,WiFi,Free,Text,5.4,33,188,119,43,12517,994,Medium,0.8
7409,Reddit,26-35,Female,Australia,Desktop,WiFi,Free,Text,0.5,5,461,145,39,22705,2982,High,6.9
7410,Pinterest,19-25,Female,Brazil,Tablet,Mobile Data,Free,Image,3.6,9,474,164,147,88081,4790,Low,2.1
7411,Reddit,13-18,Other,Canada,Mobile,WiFi,Free,Text,5.7,30,640,120,91,52460,2427,High,6.4
7412,TikTok,36-45,Female,India,Mobile,WiFi,Free,Image,4.9,35,449,158,134,88434,1187,Medium,8.3
7413,YouTube,36-45,Female,India,Desktop,Mobile Data,Free,Text,4.8,20,408,131,11,16966,3847,Low,3.0
7414,Pinterest,36-45,Other,India,Mobile,WiFi,Free,Image,4.7,33,624,112,5,13274,3110,High,2.4
7415,YouTube,19-25,Other,Brazil,Mobile,Mobile Data,Premium,Text,3.1,0,754,175,89,11818,1689,Medium,7.2
7416,YouTube,46-60,Female,Germany,Desktop,WiFi,Free,Mixed,5.4,8,99,5,10,45776,2719,High,5.2
7417,LinkedIn,60+,Other,Germany,Desktop,WiFi,Premium,Text,3.6,39,84,77,148,25098,499,High,3.5
7418,Instagram,19-25,Other,Japan,Tablet,Mobile Data,Premium,Image,2.1,3,455,114,6,45718,3244,High,1.9
7419,Reddit,26-35,Other,Singapore,Desktop,Mobile Data,Premium,Text,5.4,18,335,79,29,8610,816,High,5.8
7420,Snapchat,60+,Male,India,Tablet,WiFi,Free,Video,4.2,35,228,64,39,54133,3279,Low,3.9
7421,Snapchat,36-45,Male,Australia,Tablet,WiFi,Free,Video,2.3,13,419,111,119,29028,2107,Low,9.7
7422,TikTok,19-25,Female,UK,Desktop,Mobile Data,Free,Text,4.9,6,211,61,50,41772,1919,Medium,1.9
7423,LinkedIn,60+,Male,Singapore,Desktop,WiFi,Premium,Image,4.7,29,216,23,59,69088,3657,Low,4.5
7424,TikTok,26-35,Female,Japan,Desktop,WiFi,Premium,Image,5.8,0,212,11,82,59040,3382,Medium,7.4
7425,YouTube,26-35,Female,USA,Tablet,Mobile Data,Premium,Image,0.5,12,443,75,105,60141,3960,Medium,3.2
7426,TikTok,13-18,Female,Canada,Desktop,WiFi,Free,Text,3.1,24,787,90,115,53052,667,High,8.2
7427,YouTube,60+,Male,Australia,Tablet,Mobile Data,Premium,Video,3.5,7,336,163,80,67150,912,Low,2.4
7428,Snapchat,26-35,Female,UAE,Desktop,Mobile Data,Free,Mixed,1.0,33,64,160,90,72291,4416,Medium,5.9
7429,Instagram,46-60,Other,UAE,Mobile,Mobile Data,Premium,Mixed,4.3,18,195,17,70,36258,3158,Medium,7.6
7430,TikTok,19-25,Female,Canada,Mobile,WiFi,Premium,Video,0.8,34,655,90,88,46982,4388,Low,1.7
7431,Snapchat,36-45,Female,India,Mobile,WiFi,Free,Image,2.8,18,343,193,135,60943,4042,High,2.5
7432,Facebook,36-45,Female,UAE,Tablet,WiFi,Free,Image,6.0,15,509,185,42,52709,4274,Low,6.0
7433,Instagram,19-25,Male,USA,Desktop,WiFi,Premium,Text,5.3,21,82,26,64,16960,1957,High,1.5
7434,TikTok,26-35,Other,Germany,Desktop,Mobile Data,Premium,Video,0.4,21,114,46,144,6616,2189,Medium,2.0
7435,Instagram,13-18,Other,India,Mobile,Mobile Data,Premium,Video,4.1,0,759,7,14,85958,3771,High,8.5
7436,TikTok,46-60,Other,Canada,Tablet,Mobile Data,Free,Text,4.7,4,64,128,114,17662,2674,Low,3.9
7437,TikTok,13-18,Female,Japan,Desktop,WiFi,Premium,Image,5.8,6,645,87,87,22549,820,High,2.8
7438,Reddit,36-45,Male,Singapore,Desktop,Mobile Data,Free,Image,0.6,21,408,1,129,29664,398,Medium,6.2
7439,Reddit,60+,Male,Canada,Desktop,Mobile Data,Premium,Text,5.8,12,206,5,150,77427,3174,Medium,9.4
7440,TikTok,26-35,Other,UK,Tablet,Mobile Data,Free,Image,5.8,17,125,103,25,18512,3943,Medium,9.1
7441,Reddit,46-60,Female,UK,Desktop,Mobile Data,Free,Mixed,3.1,13,95,51,48,71629,3161,Low,8.2
7442,Pinterest,46-60,Female,USA,Desktop,Mobile Data,Free,Text,2.0,4,547,83,130,76080,2035,Low,4.5
7443,Snapchat,36-45,Other,Singapore,Tablet,WiFi,Free,Image,4.4,40,354,4,42,82671,229,Low,2.2
7444,Facebook,60+,Female,Germany,Desktop,WiFi,Free,Text,1.3,18,284,157,109,96283,1863,Low,9.0
7445,Pinterest,60+,Male,UAE,Mobile,Mobile Data,Premium,Mixed,1.4,30,762,177,119,3288,3656,Medium,8.5
7446,LinkedIn,60+,Male,Brazil,Desktop,Mobile Data,Premium,Image,0.4,29,273,129,102,38011,557,Low,1.3
7447,Reddit,60+,Other,Japan,Tablet,Mobile Data,Premium,Mixed,3.9,31,756,113,123,50864,1394,High,9.8
7448,Snapchat,26-35,Female,Canada,Tablet,WiFi,Free,Image,1.1,27,737,109,82,52913,565,Low,3.3
7449,Twitter,36-45,Other,UAE,Tablet,Mobile Data,Premium,Mixed,3.3,33,312,195,36,42634,3597,Medium,3.9
7450,Pinterest,19-25,Other,India,Desktop,Mobile Data,Premium,Image,3.3,7,249,22,60,32211,4829,Medium,3.3
7451,Instagram,13-18,Male,Australia,Mobile,WiFi,Free,Video,4.4,34,363,120,14,82848,3703,High,8.2
7452,LinkedIn,60+,Female,Canada,Mobile,Mobile Data,Premium,Image,2.9,21,69,177,57,49984,2882,Low,3.8
7453,Twitter,46-60,Female,Brazil,Desktop,WiFi,Free,Video,5.1,38,304,105,134,12260,1591,Low,4.0
7454,Pinterest,46-60,Other,Germany,Desktop,WiFi,Premium,Image,1.3,31,34,72,50,5698,4486,High,7.1
7455,Pinterest,46-60,Other,Singapore,Desktop,WiFi,Premium,Video,4.5,16,17,159,117,48805,723,Medium,7.0
7456,LinkedIn,46-60,Other,Germany,Mobile,Mobile Data,Premium,Mixed,1.8,23,224,27,38,52719,3860,High,5.2
7457,TikTok,46-60,Female,India,Desktop,Mobile Data,Premium,Text,4.3,21,648,35,81,16166,956,High,6.9
7458,Twitter,60+,Female,Germany,Tablet,Mobile Data,Free,Video,4.9,4,763,172,36,53097,2982,Low,9.6
7459,Pinterest,60+,Other,UAE,Desktop,WiFi,Free,Text,3.8,4,445,19,23,6553,2810,High,9.6
7460,TikTok,26-35,Female,UK,Tablet,Mobile Data,Free,Mixed,5.9,40,548,15,103,94573,1144,High,6.6
7461,TikTok,46-60,Other,Japan,Desktop,Mobile Data,Premium,Image,1.5,32,492,50,11,5259,3757,High,4.1
7462,Pinterest,60+,Other,Germany,Desktop,Mobile Data,Free,Mixed,1.8,10,251,40,45,84903,2571,High,7.6
7463,LinkedIn,36-45,Male,Singapore,Desktop,WiFi,Free,Image,0.4,2,442,158,75,85504,3277,Low,1.4
7464,LinkedIn,19-25,Female,USA,Mobile,Mobile Data,Premium,Image,5.2,13,524,69,101,43493,50,Medium,8.9
7465,YouTube,19-25,Other,Canada,Desktop,Mobile Data,Free,Mixed,5.6,20,111,197,104,1489,2893,Medium,5.9
7466,TikTok,26-35,Male,Australia,Tablet,Mobile Data,Free,Text,5.2,4,477,79,131,68981,3271,Low,9.2
7467,Facebook,46-60,Male,Australia,Tablet,Mobile Data,Free,Video,5.6,19,224,144,37,4555,1206,High,6.3
7468,Reddit,13-18,Other,Brazil,Desktop,Mobile Data,Premium,Video,3.4,20,662,8,30,89526,3352,Low,9.4
7469,Instagram,46-60,Female,UAE,Mobile,Mobile Data,Premium,Video,1.2,14,462,52,52,28233,4347,High,0.7
7470,Pinterest,13-18,Other,Brazil,Desktop,WiFi,Free,Mixed,5.2,1,190,137,9,9071,1514,Low,8.3
7471,LinkedIn,60+,Other,India,Mobile,Mobile Data,Premium,Image,1.2,33,615,166,28,3062,4626,Medium,7.6
7472,TikTok,60+,Female,UK,Desktop,Mobile Data,Free,Video,1.0,40,303,127,38,21446,605,High,1.2
7473,LinkedIn,13-18,Female,India,Desktop,Mobile Data,Free,Video,0.8,12,556,137,29,48205,1723,High,2.5
7474,Facebook,13-18,Female,India,Tablet,Mobile Data,Premium,Mixed,3.1,14,51,100,5,1331,1152,High,0.7
7475,Instagram,26-35,Female,UAE,Mobile,Mobile Data,Free,Video,2.2,5,253,91,103,56751,1004,Medium,3.8
7476,Reddit,26-35,Female,USA,Tablet,Mobile Data,Free,Mixed,3.3,30,385,138,18,33564,1669,High,3.4
7477,Twitter,13-18,Male,Brazil,Mobile,WiFi,Free,Image,3.4,14,800,24,128,79964,3826,Medium,6.1
7478,Pinterest,36-45,Other,UAE,Mobile,WiFi,Premium,Image,4.1,17,666,35,94,18715,4934,High,7.8
7479,Reddit,36-45,Male,UK,Desktop,Mobile Data,Free,Video,0.9,15,797,69,144,9365,3665,Low,2.4
7480,YouTube,36-45,Female,Australia,Tablet,WiFi,Premium,Image,5.4,36,605,46,7,66196,4599,Medium,4.8
7481,Twitter,46-60,Other,USA,Mobile,Mobile Data,Free,Video,1.3,2,713,55,74,85990,4584,High,0.8
7482,Facebook,19-25,Other,Australia,Tablet,Mobile Data,Free,Text,4.4,27,398,172,126,31664,4337,High,1.7
7483,Twitter,36-45,Other,Japan,Mobile,Mobile Data,Free,Video,2.3,23,722,137,1,66667,2195,High,3.2
7484,YouTube,46-60,Other,UK,Desktop,Mobile Data,Free,Video,3.1,19,733,106,24,72854,1540,Medium,2.3
7485,Twitter,36-45,Male,UK,Tablet,Mobile Data,Premium,Video,0.3,1,683,39,147,628,3565,Low,9.6
7486,Pinterest,60+,Other,USA,Desktop,Mobile Data,Free,Text,4.2,24,611,137,59,83832,1584,High,7.2
7487,Facebook,13-18,Male,Canada,Mobile,Mobile Data,Premium,Image,2.0,1,302,99,108,48344,3051,Low,4.4
7488,Twitter,46-60,Other,USA,Tablet,Mobile Data,Premium,Image,5.9,28,698,153,69,96392,671,High,7.8
7489,Facebook,13-18,Other,Canada,Mobile,WiFi,Free,Video,4.3,37,564,97,101,28583,2260,High,2.8
7490,Snapchat,13-18,Female,Germany,Desktop,Mobile Data,Premium,Mixed,3.5,2,410,14,39,79112,3665,High,9.5
7491,Facebook,13-18,Female,USA,Mobile,Mobile Data,Premium,Video,2.6,15,274,119,106,83181,3334,High,7.4
7492,Facebook,36-45,Other,Japan,Mobile,WiFi,Free,Mixed,3.0,27,652,29,34,53582,806,Medium,1.4
7493,YouTube,26-35,Female,UAE,Mobile,Mobile Data,Free,Video,3.8,0,677,133,54,76278,178,Medium,9.9
7494,TikTok,26-35,Other,Singapore,Desktop,WiFi,Premium,Video,0.9,39,759,100,90,72093,1597,Medium,1.0
7495,YouTube,19-25,Other,India,Tablet,WiFi,Premium,Video,3.3,26,131,157,73,10963,1783,Medium,8.6
7496,Pinterest,46-60,Other,Germany,Tablet,WiFi,Free,Mixed,2.8,32,264,141,48,8113,3344,Low,1.3
7497,Snapchat,13-18,Other,India,Tablet,Mobile Data,Premium,Mixed,1.6,30,98,33,83,36564,1646,Medium,1.4
7498,Pinterest,60+,Other,USA,Desktop,WiFi,Premium,Image,3.2,38,662,21,104,54689,4707,High,6.1
7499,Snapchat,26-35,Male,Japan,Tablet,WiFi,Premium,Text,2.2,6,156,54,57,39573,2518,Medium,5.2
7500,YouTube,26-35,Female,India,Mobile,WiFi,Premium,Text,0.2,18,571,187,71,24394,3749,Medium,4.5
7501,Instagram,26-35,Other,Brazil,Mobile,Mobile Data,Premium,Video,4.3,21,438,50,38,99230,3176,Medium,2.2
7502,TikTok,46-60,Male,India,Mobile,Mobile Data,Premium,Image,0.6,17,206,117,87,52838,1535,Medium,6.0
7503,Facebook,19-25,Male,Japan,Mobile,WiFi,Premium,Mixed,4.8,25,343,77,141,39179,3434,High,4.7
7504,YouTube,46-60,Other,India,Desktop,WiFi,Premium,Text,2.3,35,312,142,44,6631,3786,Medium,6.3
7505,Pinterest,26-35,Female,Brazil,Mobile,WiFi,Premium,Mixed,3.8,14,264,104,117,46612,1585,Low,4.6
7506,TikTok,60+,Male,UAE,Tablet,WiFi,Premium,Text,2.5,40,712,90,53,6137,1054,High,2.1
7507,Instagram,19-25,Female,Australia,Mobile,WiFi,Premium,Mixed,2.6,6,28,60,38,10240,4111,High,1.9
7508,YouTube,60+,Male,UK,Mobile,WiFi,Premium,Mixed,1.6,7,270,68,56,86850,3156,Low,4.5
7509,Instagram,19-25,Male,UAE,Tablet,WiFi,Premium,Image,0.7,0,119,111,101,60609,1845,High,0.5
7510,Instagram,36-45,Female,Brazil,Mobile,WiFi,Premium,Video,2.4,25,702,37,136,82801,962,Low,8.2
7511,Reddit,46-60,Male,UK,Tablet,Mobile Data,Free,Mixed,3.4,32,293,140,145,17221,229,Medium,2.9
7512,Pinterest,46-60,Male,Germany,Desktop,WiFi,Free,Image,3.9,31,188,79,97,55336,2791,Low,9.7
7513,Facebook,26-35,Female,UK,Tablet,Mobile Data,Premium,Image,3.0,27,726,17,105,36730,3234,High,3.2
7514,Pinterest,13-18,Male,Brazil,Tablet,WiFi,Free,Mixed,4.0,23,554,64,39,22884,3509,High,5.4
7515,Instagram,46-60,Male,Germany,Desktop,Mobile Data,Premium,Image,1.6,25,731,35,4,23900,2997,High,1.6
7516,YouTube,19-25,Other,Japan,Tablet,Mobile Data,Free,Video,4.3,4,20,90,122,8196,3101,Low,1.9
7517,Facebook,13-18,Male,Brazil,Mobile,Mobile Data,Premium,Video,1.2,23,497,122,112,87656,3697,High,4.1
7518,Instagram,26-35,Male,Germany,Tablet,WiFi,Free,Text,3.8,10,535,28,94,8184,3017,High,5.7
7519,Instagram,13-18,Other,Australia,Mobile,WiFi,Premium,Text,3.6,11,170,141,119,78160,784,High,7.5
7520,Twitter,13-18,Female,Singapore,Desktop,WiFi,Free,Image,3.1,28,202,158,54,64909,2857,Low,9.6
7521,Twitter,19-25,Other,Singapore,Mobile,WiFi,Free,Mixed,2.4,33,504,44,146,35185,2541,High,5.6
7522,LinkedIn,46-60,Female,India,Tablet,Mobile Data,Premium,Mixed,1.7,20,551,96,148,67341,2479,Low,6.5
7523,Facebook,60+,Female,Australia,Desktop,Mobile Data,Premium,Video,4.8,11,695,69,87,7986,1958,Medium,0.9
7524,Reddit,60+,Other,Brazil,Tablet,WiFi,Free,Video,4.5,24,308,116,110,40467,750,High,3.5
7525,Instagram,60+,Male,Japan,Mobile,WiFi,Free,Text,4.5,17,291,99,110,53859,4263,Low,1.3
7526,Facebook,26-35,Female,Germany,Mobile,Mobile Data,Premium,Image,2.2,4,634,115,125,34447,1302,Low,7.3
7527,Snapchat,46-60,Other,Australia,Tablet,Mobile Data,Free,Image,5.6,16,270,162,20,40186,868,High,4.9
7528,Instagram,36-45,Female,Singapore,Desktop,Mobile Data,Premium,Text,1.0,22,461,61,100,57996,2886,Medium,9.5
7529,YouTube,13-18,Female,India,Mobile,WiFi,Premium,Text,3.4,1,734,45,101,20839,2441,High,5.2
7530,Pinterest,13-18,Other,UK,Tablet,WiFi,Free,Video,1.0,23,646,145,7,97406,3644,Low,5.8
7531,Reddit,19-25,Other,Japan,Desktop,WiFi,Premium,Video,2.5,7,382,35,85,23843,4336,High,8.2
7532,Facebook,26-35,Other,Japan,Mobile,WiFi,Free,Mixed,5.7,17,26,141,30,80536,2333,Low,6.2
7533,LinkedIn,26-35,Female,Japan,Desktop,WiFi,Free,Image,2.4,20,523,34,123,10861,3603,Medium,9.8
7534,Reddit,36-45,Other,USA,Mobile,Mobile Data,Premium,Text,1.3,14,183,74,30,26511,4231,High,3.1
7535,Twitter,60+,Female,Canada,Desktop,Mobile Data,Free,Text,5.2,32,200,116,116,72927,4557,High,9.0
7536,YouTube,26-35,Male,UAE,Mobile,WiFi,Free,Video,4.9,12,243,122,86,30339,2437,Medium,6.4
7537,TikTok,13-18,Male,UK,Tablet,Mobile Data,Free,Video,0.6,20,592,84,52,44571,1035,High,7.0
7538,Snapchat,60+,Female,UAE,Desktop,Mobile Data,Premium,Video,0.9,27,551,149,77,91317,1302,Medium,2.4
7539,Instagram,36-45,Male,Japan,Tablet,Mobile Data,Free,Video,3.5,30,679,122,10,88712,812,Medium,2.2
7540,Instagram,46-60,Other,Singapore,Tablet,Mobile Data,Premium,Image,2.1,34,278,160,86,16007,524,Low,4.1
7541,Instagram,36-45,Other,Australia,Tablet,WiFi,Free,Text,2.0,8,420,112,80,10694,4296,High,9.0
7542,Twitter,46-60,Female,UK,Mobile,WiFi,Free,Text,4.8,40,632,38,11,39698,903,High,5.8
7543,Instagram,60+,Female,India,Mobile,Mobile Data,Free,Mixed,5.6,7,419,64,50,53335,2926,Low,9.5
7544,Facebook,13-18,Other,UK,Mobile,Mobile Data,Free,Text,5.3,15,382,92,71,14321,3026,Medium,2.0
7545,TikTok,36-45,Male,Canada,Tablet,WiFi,Premium,Image,4.0,28,229,121,70,55451,826,Low,4.6
7546,YouTube,36-45,Female,Singapore,Desktop,WiFi,Free,Mixed,4.4,14,52,149,18,67089,720,Medium,1.4
7547,Twitter,13-18,Male,Japan,Tablet,WiFi,Free,Mixed,5.7,33,671,18,16,27601,4622,High,4.9
7548,TikTok,60+,Female,USA,Mobile,Mobile Data,Premium,Image,3.1,18,594,111,60,20673,1353,High,7.6
7549,Instagram,46-60,Other,Australia,Mobile,WiFi,Free,Video,5.2,2,175,149,123,69251,4364,Low,4.6
7550,Pinterest,60+,Female,India,Desktop,Mobile Data,Premium,Video,1.8,38,519,118,121,50278,2462,Low,6.9
7551,Instagram,13-18,Female,Canada,Tablet,Mobile Data,Premium,Video,0.8,30,135,6,78,68962,3890,High,3.9
7552,Pinterest,13-18,Female,UK,Desktop,Mobile Data,Free,Video,4.4,27,315,145,147,33960,761,High,1.2
7553,Pinterest,46-60,Male,Canada,Desktop,WiFi,Premium,Mixed,3.4,25,168,104,80,70997,4700,Low,0.7
7554,Reddit,19-25,Male,Japan,Desktop,WiFi,Premium,Mixed,5.4,7,560,99,35,51187,4674,Low,8.9
7555,Instagram,13-18,Other,Australia,Mobile,WiFi,Premium,Text,3.0,35,99,27,4,11002,921,Low,0.9
7556,TikTok,19-25,Female,Singapore,Mobile,Mobile Data,Premium,Mixed,2.0,37,396,28,142,97759,3147,Low,6.3
7557,Facebook,19-25,Other,Canada,Mobile,WiFi,Premium,Video,5.7,16,389,171,12,59917,872,Low,1.2
7558,YouTube,46-60,Other,UAE,Tablet,Mobile Data,Free,Image,4.8,20,476,45,140,56764,2136,Low,7.5
7559,Pinterest,19-25,Female,Canada,Desktop,Mobile Data,Premium,Text,3.5,33,113,116,31,56893,693,Low,8.1
7560,YouTube,19-25,Male,Singapore,Desktop,Mobile Data,Free,Image,3.1,27,468,115,96,61232,1560,Medium,3.5
7561,Instagram,13-18,Female,Australia,Tablet,WiFi,Free,Text,1.8,0,653,84,54,91030,3087,Medium,5.4
7562,YouTube,36-45,Male,Australia,Mobile,WiFi,Free,Mixed,5.9,23,660,95,26,88849,4860,High,9.0
7563,Snapchat,26-35,Male,Japan,Desktop,Mobile Data,Free,Video,5.0,35,343,88,50,71125,4041,Low,6.1
7564,Instagram,13-18,Other,India,Tablet,Mobile Data,Free,Video,3.0,2,549,47,26,31534,707,Low,7.6
7565,Snapchat,60+,Female,Canada,Tablet,WiFi,Free,Text,4.5,12,542,184,129,78258,2632,Low,6.3
7566,TikTok,60+,Female,Australia,Tablet,Mobile Data,Free,Image,5.6,10,613,169,30,93097,1579,Low,2.3
7567,Twitter,36-45,Male,Brazil,Desktop,Mobile Data,Free,Image,0.9,17,636,53,126,98327,1075,High,8.6
7568,Instagram,46-60,Other,Canada,Mobile,WiFi,Premium,Video,3.0,12,67,99,141,1089,3659,High,1.8
7569,LinkedIn,26-35,Other,Japan,Mobile,Mobile Data,Premium,Video,0.6,4,396,191,33,57804,1015,High,7.6
7570,LinkedIn,46-60,Male,Brazil,Desktop,Mobile Data,Premium,Text,3.4,26,554,78,66,54586,1811,High,1.6
7571,TikTok,19-25,Female,Japan,Tablet,WiFi,Premium,Video,3.5,34,315,23,97,60311,2112,Low,7.8
7572,LinkedIn,36-45,Female,Japan,Desktop,Mobile Data,Free,Text,3.2,1,302,75,46,91226,4762,Medium,7.3
7573,YouTube,26-35,Other,Singapore,Tablet,WiFi,Premium,Text,1.7,10,62,101,110,96021,949,High,4.8
7574,Twitter,26-35,Female,Japan,Mobile,WiFi,Free,Video,2.6,26,520,7,74,15045,4403,Low,0.5
7575,Reddit,46-60,Other,UAE,Desktop,Mobile Data,Premium,Video,3.2,33,309,14,62,51176,683,Medium,5.6
7576,Snapchat,26-35,Female,Canada,Tablet,Mobile Data,Free,Text,5.0,13,416,25,116,24830,4431,Low,7.2
7577,YouTube,46-60,Male,Singapore,Desktop,WiFi,Premium,Text,4.3,34,150,66,2,63193,1121,Low,7.5
7578,LinkedIn,13-18,Male,Germany,Tablet,Mobile Data,Premium,Mixed,5.9,10,125,150,25,70610,1341,High,1.8
7579,Facebook,26-35,Male,Canada,Desktop,WiFi,Premium,Mixed,2.0,31,491,34,62,75712,3488,Medium,1.6
7580,TikTok,26-35,Male,UAE,Mobile,WiFi,Premium,Text,1.3,10,146,167,12,45843,2022,Medium,2.2
7581,Twitter,26-35,Other,USA,Desktop,Mobile Data,Premium,Video,4.4,33,625,173,40,34379,1459,High,3.2
7582,Pinterest,46-60,Male,Germany,Mobile,Mobile Data,Premium,Image,1.2,8,749,150,86,96619,1362,Low,9.5
7583,Instagram,13-18,Other,Japan,Tablet,Mobile Data,Free,Image,2.4,31,211,143,134,54928,4428,Medium,4.1
7584,Instagram,36-45,Other,Brazil,Desktop,WiFi,Premium,Mixed,3.9,14,44,123,26,36238,3327,Medium,8.0
7585,Facebook,46-60,Male,USA,Mobile,WiFi,Premium,Video,1.6,2,485,17,47,4460,3866,High,8.2
7586,Twitter,13-18,Female,UAE,Desktop,Mobile Data,Premium,Image,5.0,17,267,49,111,62418,2442,Low,2.3
7587,Instagram,60+,Male,India,Desktop,Mobile Data,Premium,Mixed,3.2,1,705,78,136,73288,2733,High,8.7
7588,Instagram,26-35,Male,Singapore,Tablet,WiFi,Premium,Text,0.7,24,238,18,141,4212,1223,High,1.9
7589,TikTok,19-25,Male,UK,Tablet,WiFi,Free,Text,5.0,35,533,113,40,12306,1723,Medium,8.1
7590,Snapchat,13-18,Female,Canada,Tablet,Mobile Data,Premium,Text,1.7,35,308,162,23,59980,190,High,6.1
7591,Pinterest,13-18,Female,Brazil,Tablet,WiFi,Free,Mixed,1.8,32,128,43,10,19714,1608,High,8.6
7592,Instagram,46-60,Male,Germany,Tablet,WiFi,Free,Image,0.8,29,498,182,15,36010,329,High,1.5
7593,YouTube,19-25,Female,UAE,Tablet,WiFi,Premium,Mixed,0.3,32,208,161,100,14771,2491,Low,4.7
7594,Reddit,26-35,Female,Brazil,Mobile,WiFi,Premium,Text,4.1,37,554,152,18,6139,2819,Low,2.4
7595,Instagram,19-25,Male,India,Desktop,Mobile Data,Premium,Text,2.3,2,488,133,62,49135,2994,Low,4.0
7596,Reddit,36-45,Female,Canada,Desktop,Mobile Data,Premium,Text,2.6,15,44,114,41,13081,583,Medium,5.3
7597,LinkedIn,46-60,Other,Brazil,Mobile,WiFi,Free,Text,0.9,2,84,159,86,80174,1862,High,5.9
7598,Twitter,36-45,Female,Singapore,Desktop,WiFi,Free,Image,1.7,19,513,111,118,79075,2631,Medium,4.6
7599,Instagram,46-60,Other,USA,Mobile,WiFi,Free,Image,5.1,19,187,21,42,90515,241,Low,6.9
7600,Reddit,60+,Other,USA,Tablet,Mobile Data,Premium,Video,4.9,37,233,163,90,34345,2459,Medium,2.0
7601,Pinterest,46-60,Male,Canada,Mobile,WiFi,Premium,Image,1.8,13,391,178,87,85264,498,High,6.1
7602,YouTube,36-45,Female,Germany,Desktop,WiFi,Free,Image,3.6,34,39,1,98,79850,4226,High,1.1
7603,Twitter,46-60,Other,India,Desktop,WiFi,Free,Mixed,1.1,32,136,133,129,52993,4916,Low,1.3
7604,YouTube,36-45,Other,USA,Tablet,WiFi,Free,Mixed,1.2,20,557,177,26,7113,2089,Low,6.2
7605,YouTube,13-18,Female,Brazil,Mobile,Mobile Data,Free,Mixed,1.9,28,34,130,109,44563,3875,Low,0.8
7606,Facebook,26-35,Male,Japan,Tablet,WiFi,Premium,Video,3.7,28,461,141,37,9460,1323,High,2.8
7607,Twitter,19-25,Female,Germany,Desktop,WiFi,Free,Mixed,3.2,16,108,97,92,17705,1869,High,0.5
7608,Snapchat,19-25,Male,UAE,Mobile,Mobile Data,Free,Video,1.5,36,487,117,129,62345,745,Medium,2.6
7609,Snapchat,46-60,Other,UAE,Desktop,Mobile Data,Premium,Text,3.9,7,210,126,117,25542,292,High,6.8
7610,Pinterest,36-45,Other,Germany,Desktop,Mobile Data,Free,Mixed,2.5,18,631,126,10,31457,4305,Low,7.2
7611,Facebook,19-25,Other,Germany,Tablet,WiFi,Premium,Video,3.3,23,718,146,87,77353,2287,Low,1.5
7612,Pinterest,26-35,Other,Australia,Mobile,Mobile Data,Premium,Image,4.5,30,161,73,111,4858,736,Medium,8.5
7613,Snapchat,36-45,Other,India,Tablet,Mobile Data,Premium,Video,1.5,19,543,81,49,36877,4329,High,2.3
7614,Pinterest,46-60,Male,Australia,Desktop,WiFi,Premium,Video,3.2,39,401,127,59,49978,1286,Low,1.5
7615,Instagram,36-45,Other,Germany,Tablet,Mobile Data,Free,Video,0.6,36,267,7,30,67616,4340,Medium,8.5
7616,YouTube,36-45,Female,India,Tablet,Mobile Data,Free,Image,2.8,22,140,157,119,7536,112,Low,3.0
7617,TikTok,36-45,Female,India,Tablet,WiFi,Premium,Video,3.7,2,341,141,74,67095,2626,High,6.0
7618,Instagram,13-18,Other,Brazil,Tablet,Mobile Data,Free,Text,1.0,13,577,177,21,54602,4432,Medium,6.8
7619,TikTok,13-18,Male,Germany,Desktop,WiFi,Free,Mixed,4.3,28,246,90,29,26229,4328,Low,8.5
7620,Pinterest,46-60,Other,UAE,Desktop,WiFi,Premium,Mixed,3.1,20,107,50,91,71097,4918,Medium,7.9
7621,YouTube,60+,Other,UK,Tablet,Mobile Data,Free,Video,4.5,26,589,175,135,97045,3444,Low,1.1
7622,Facebook,19-25,Male,Japan,Desktop,WiFi,Premium,Text,0.3,31,578,96,112,63506,1403,Low,0.5
7623,YouTube,60+,Other,India,Desktop,WiFi,Premium,Image,0.3,17,630,157,62,96578,921,Low,3.2
7624,Reddit,60+,Male,Australia,Mobile,WiFi,Premium,Mixed,2.2,5,84,200,26,55607,3195,Medium,6.5
7625,YouTube,13-18,Male,India,Desktop,Mobile Data,Premium,Image,2.8,5,605,45,11,40834,4339,High,3.5
7626,TikTok,46-60,Other,Brazil,Mobile,Mobile Data,Free,Video,0.8,38,542,52,77,74112,4087,Medium,5.3
7627,Pinterest,13-18,Female,Canada,Mobile,WiFi,Free,Text,0.7,24,655,194,28,81746,1437,Low,4.0
7628,Facebook,26-35,Other,Germany,Tablet,Mobile Data,Premium,Video,1.8,3,465,0,75,61705,788,Low,8.8
7629,YouTube,36-45,Other,USA,Tablet,Mobile Data,Free,Text,4.2,28,714,94,25,26006,3903,High,7.3
7630,YouTube,19-25,Female,Canada,Desktop,Mobile Data,Premium,Image,2.1,10,730,9,83,42227,991,Low,5.3
7631,Facebook,36-45,Other,UAE,Desktop,WiFi,Premium,Image,0.6,16,197,174,102,26687,384,Medium,5.0
7632,Instagram,60+,Male,Germany,Tablet,WiFi,Free,Image,5.5,5,463,155,3,3040,4584,Medium,6.3
7633,YouTube,36-45,Female,Brazil,Mobile,WiFi,Free,Text,2.9,25,186,91,108,95147,2302,Low,7.4
7634,TikTok,36-45,Female,Germany,Desktop,WiFi,Premium,Video,3.8,5,258,164,144,38424,3214,High,5.4
7635,Facebook,19-25,Male,Canada,Desktop,Mobile Data,Premium,Image,2.4,3,543,110,5,77800,2012,Low,8.8
7636,Twitter,60+,Other,Australia,Mobile,WiFi,Premium,Image,3.6,16,28,91,77,4823,1788,High,7.6
7637,TikTok,13-18,Other,UAE,Tablet,Mobile Data,Free,Image,4.6,39,589,183,103,35678,742,Low,2.0
7638,Twitter,46-60,Female,Japan,Tablet,WiFi,Free,Video,4.4,12,789,43,143,62962,2967,Low,1.7
7639,LinkedIn,60+,Other,Brazil,Mobile,Mobile Data,Free,Text,2.9,10,599,92,25,72374,2185,High,9.7
7640,Facebook,60+,Other,Australia,Mobile,Mobile Data,Free,Video,1.9,12,653,52,86,37481,2048,Medium,6.5
7641,Pinterest,19-25,Female,UAE,Mobile,Mobile Data,Premium,Image,2.8,11,602,119,69,5474,263,Medium,5.0
7642,TikTok,26-35,Female,Germany,Desktop,WiFi,Premium,Mixed,4.2,31,676,170,3,47121,1557,Low,8.6
7643,Snapchat,13-18,Female,Germany,Desktop,Mobile Data,Free,Video,0.4,35,551,43,74,42681,1747,High,7.1
7644,Instagram,26-35,Male,Japan,Tablet,Mobile Data,Free,Mixed,3.9,25,58,126,37,28479,1584,Low,9.1
7645,Instagram,36-45,Female,UAE,Tablet,Mobile Data,Premium,Text,0.7,12,326,115,120,18700,1029,Low,6.7
7646,YouTube,26-35,Male,Brazil,Desktop,Mobile Data,Free,Text,0.5,17,52,42,1,81992,1341,Low,4.7
7647,Facebook,13-18,Other,Canada,Desktop,Mobile Data,Premium,Text,5.8,21,47,142,140,65001,80,Medium,7.6
7648,Facebook,60+,Male,UAE,Tablet,WiFi,Premium,Text,3.6,1,685,11,111,10733,3520,High,2.2
7649,Instagram,26-35,Male,USA,Tablet,Mobile Data,Premium,Text,4.0,27,716,16,46,2329,4758,Low,4.1
7650,Reddit,19-25,Other,Germany,Desktop,WiFi,Premium,Image,0.9,38,236,124,76,71317,2566,Medium,7.4
7651,YouTube,19-25,Other,Singapore,Tablet,Mobile Data,Premium,Text,2.8,37,151,8,120,34524,872,Medium,5.9
7652,Snapchat,19-25,Female,India,Mobile,WiFi,Premium,Video,3.4,34,190,150,126,15776,348,Low,0.5
7653,Snapchat,26-35,Male,Singapore,Desktop,WiFi,Premium,Text,4.2,19,229,65,50,73501,3377,Medium,0.6
7654,YouTube,36-45,Female,Singapore,Tablet,Mobile Data,Free,Image,2.6,33,421,144,35,14149,2663,High,2.0
7655,Snapchat,36-45,Other,Japan,Desktop,Mobile Data,Free,Text,5.8,33,577,128,44,68953,2168,High,4.3
7656,Snapchat,36-45,Female,Canada,Mobile,WiFi,Premium,Video,2.6,31,174,178,14,31641,3148,High,3.1
7657,Facebook,19-25,Male,UK,Tablet,WiFi,Free,Image,5.0,6,236,196,73,10886,3206,Medium,9.4
7658,Instagram,60+,Male,UAE,Mobile,Mobile Data,Free,Mixed,1.0,32,644,119,79,19875,2635,Low,0.9
7659,Snapchat,36-45,Other,India,Desktop,Mobile Data,Free,Image,5.6,3,542,64,3,90972,1735,Low,9.3
7660,Twitter,36-45,Other,India,Mobile,WiFi,Free,Text,5.7,27,674,58,26,78935,138,High,8.7
7661,Instagram,19-25,Other,Canada,Desktop,Mobile Data,Premium,Video,0.8,40,737,116,88,6476,1007,Medium,1.8
7662,Instagram,36-45,Female,Japan,Tablet,Mobile Data,Free,Text,4.1,25,413,2,39,4784,4940,Low,6.4
7663,Instagram,19-25,Other,UAE,Tablet,WiFi,Free,Text,4.7,3,473,196,150,37054,4589,High,9.1
7664,LinkedIn,36-45,Other,Japan,Desktop,WiFi,Premium,Image,3.4,8,150,120,128,86797,574,Low,5.3
7665,LinkedIn,36-45,Other,UK,Desktop,WiFi,Free,Text,0.5,22,243,13,126,88978,1947,Medium,7.8
7666,Instagram,46-60,Other,Brazil,Desktop,Mobile Data,Free,Text,1.3,28,471,180,100,80671,745,Low,5.7
7667,Instagram,26-35,Other,Canada,Mobile,WiFi,Free,Video,2.7,13,121,60,102,7033,1502,Medium,7.7
7668,LinkedIn,46-60,Other,USA,Tablet,Mobile Data,Premium,Mixed,5.6,21,244,109,138,30034,386,High,5.9
7669,YouTube,36-45,Other,Brazil,Mobile,Mobile Data,Premium,Video,4.1,11,781,42,2,69727,227,High,4.8
7670,YouTube,46-60,Female,Canada,Mobile,Mobile Data,Free,Mixed,1.5,6,402,123,47,67002,925,Low,2.4
7671,LinkedIn,36-45,Female,Canada,Desktop,WiFi,Free,Mixed,0.7,38,308,111,51,44475,2240,High,1.5
7672,Instagram,46-60,Male,Canada,Mobile,Mobile Data,Premium,Video,2.1,37,129,28,79,69197,2136,High,6.3
7673,Facebook,60+,Other,Germany,Tablet,Mobile Data,Premium,Mixed,3.5,17,472,93,25,23363,129,Medium,9.9
7674,Twitter,36-45,Other,Singapore,Mobile,WiFi,Free,Mixed,5.4,7,116,10,110,88843,68,Low,1.9
7675,Snapchat,13-18,Male,UK,Desktop,WiFi,Free,Text,5.6,11,579,114,68,28638,4834,Low,1.5
7676,LinkedIn,13-18,Other,UK,Tablet,Mobile Data,Free,Video,3.5,0,64,53,12,78169,1530,High,7.9
7677,Pinterest,36-45,Other,India,Mobile,WiFi,Free,Image,2.8,20,8,45,129,88622,2778,Low,5.2
7678,Twitter,60+,Male,Brazil,Desktop,WiFi,Free,Video,3.5,30,665,28,63,8982,3504,High,0.5
7679,LinkedIn,36-45,Female,India,Tablet,WiFi,Free,Mixed,3.2,37,627,112,19,91687,2015,Low,7.8
7680,Reddit,36-45,Male,UAE,Tablet,Mobile Data,Free,Video,3.3,23,213,98,15,12053,3545,Medium,3.8
7681,TikTok,46-60,Male,Singapore,Desktop,WiFi,Premium,Image,4.9,35,765,72,4,48043,2714,Medium,3.6
7682,YouTube,46-60,Female,Canada,Desktop,WiFi,Premium,Video,4.0,22,242,45,94,86602,4538,Low,3.9
7683,Instagram,60+,Male,Germany,Desktop,Mobile Data,Free,Video,1.2,25,138,86,115,6788,4127,Medium,8.6
7684,Instagram,13-18,Male,Canada,Tablet,Mobile Data,Free,Mixed,4.1,23,278,77,5,25057,566,High,8.5
7685,Facebook,19-25,Other,Australia,Tablet,WiFi,Premium,Video,0.5,13,522,151,56,62856,4024,Medium,8.5
7686,Instagram,36-45,Female,Australia,Mobile,WiFi,Free,Video,3.4,23,109,186,141,46164,1087,Medium,9.7
7687,Twitter,36-45,Female,UAE,Desktop,WiFi,Premium,Text,3.2,37,740,159,66,55659,4892,Medium,2.5
7688,Facebook,46-60,Female,Germany,Tablet,WiFi,Premium,Image,3.0,37,333,179,129,22615,4629,Medium,0.9
7689,LinkedIn,46-60,Female,Brazil,Mobile,Mobile Data,Premium,Text,1.8,11,329,60,108,22316,4804,High,9.8
7690,LinkedIn,13-18,Other,India,Desktop,Mobile Data,Free,Video,0.8,24,694,174,145,39608,177,Low,7.4
7691,Twitter,46-60,Other,India,Tablet,Mobile Data,Premium,Mixed,0.3,32,398,85,100,68131,1412,Medium,1.9
7692,Twitter,13-18,Female,Germany,Desktop,WiFi,Free,Image,5.0,23,539,156,108,4403,401,Medium,3.5
7693,YouTube,19-25,Female,Brazil,Desktop,WiFi,Free,Mixed,4.3,12,706,27,82,13055,4348,High,9.0
7694,Snapchat,13-18,Other,Brazil,Desktop,WiFi,Free,Text,2.4,9,46,96,89,430,3393,Low,6.5
7695,LinkedIn,19-25,Male,UK,Tablet,WiFi,Free,Text,3.7,2,398,183,135,58718,1510,Medium,5.6
7696,Instagram,60+,Female,Singapore,Tablet,Mobile Data,Free,Video,0.3,32,773,146,83,51286,4455,Medium,6.1
7697,Facebook,13-18,Other,UK,Tablet,Mobile Data,Free,Text,1.4,1,591,57,107,80992,4220,Medium,0.7
7698,Pinterest,19-25,Male,USA,Mobile,WiFi,Free,Image,2.8,26,447,83,103,78277,4272,Low,4.6
7699,Snapchat,60+,Female,Australia,Mobile,WiFi,Premium,Image,3.1,31,110,3,65,89741,1956,Low,5.2
7700,TikTok,13-18,Other,UAE,Mobile,Mobile Data,Premium,Text,0.9,12,275,191,103,56752,2866,Medium,1.9
7701,Pinterest,46-60,Female,Canada,Desktop,Mobile Data,Free,Text,0.6,9,472,14,116,51530,1999,High,9.2
7702,TikTok,60+,Male,Japan,Tablet,WiFi,Free,Text,5.5,8,665,29,3,66142,4590,Low,7.2
7703,LinkedIn,26-35,Other,Brazil,Desktop,Mobile Data,Premium,Mixed,1.7,19,687,64,107,29496,4860,Medium,7.6
7704,Twitter,60+,Male,Germany,Tablet,WiFi,Premium,Text,1.0,39,487,78,38,71276,162,Low,9.2
7705,Pinterest,36-45,Female,Australia,Tablet,Mobile Data,Free,Image,0.9,11,138,107,92,17118,452,Low,5.0
7706,Reddit,26-35,Other,Australia,Tablet,WiFi,Premium,Video,3.0,13,387,48,66,78200,3547,Low,3.3
7707,Instagram,19-25,Female,Singapore,Desktop,Mobile Data,Free,Video,5.5,40,655,169,4,21783,1335,Low,4.3
7708,LinkedIn,36-45,Male,Japan,Desktop,WiFi,Free,Text,3.7,37,195,151,111,81296,419,Medium,2.5
7709,Twitter,60+,Other,USA,Mobile,WiFi,Free,Text,4.3,29,112,54,140,68683,1074,Low,3.1
7710,LinkedIn,36-45,Other,Australia,Desktop,WiFi,Premium,Video,0.8,15,347,139,0,8840,2446,High,0.7
7711,Snapchat,26-35,Male,Singapore,Desktop,Mobile Data,Free,Text,0.5,3,507,187,135,18380,4115,High,7.3
7712,YouTube,36-45,Male,Germany,Tablet,Mobile Data,Premium,Video,0.4,8,249,63,71,94666,4254,Medium,3.2
7713,Snapchat,60+,Other,Australia,Tablet,Mobile Data,Free,Video,0.6,3,661,157,51,8328,3900,High,9.6
7714,LinkedIn,46-60,Female,USA,Desktop,WiFi,Premium,Text,2.3,17,610,162,6,51010,1346,Medium,10.0
7715,Instagram,13-18,Male,Canada,Mobile,WiFi,Free,Video,1.7,37,737,180,43,9576,3748,High,5.2
7716,TikTok,26-35,Male,USA,Tablet,Mobile Data,Premium,Mixed,0.3,25,96,35,40,70799,3366,Low,6.8
7717,LinkedIn,19-25,Other,Singapore,Tablet,WiFi,Premium,Video,3.3,25,396,70,74,15237,1263,Medium,2.4
7718,Twitter,46-60,Other,Australia,Mobile,Mobile Data,Free,Mixed,4.6,33,396,159,28,48735,4798,High,9.3
7719,Reddit,19-25,Other,Brazil,Tablet,Mobile Data,Free,Text,3.7,11,722,182,9,25696,3653,High,0.6
7720,Reddit,19-25,Male,USA,Desktop,Mobile Data,Free,Mixed,1.2,35,59,82,28,61359,3620,Low,6.6
7721,Facebook,60+,Male,Canada,Desktop,WiFi,Premium,Text,4.0,0,619,113,99,50198,1692,Low,4.0
7722,Pinterest,60+,Female,UAE,Mobile,WiFi,Free,Text,5.0,6,545,167,1,60677,2675,High,1.3
7723,Facebook,26-35,Male,Canada,Mobile,WiFi,Premium,Video,0.5,23,603,124,18,33937,3365,Low,6.3
7724,TikTok,46-60,Male,UAE,Tablet,Mobile Data,Premium,Image,3.1,26,501,151,142,84062,2444,Low,6.4
7725,LinkedIn,19-25,Other,Brazil,Mobile,WiFi,Premium,Image,1.5,9,665,190,27,51535,418,Low,8.3
7726,Pinterest,26-35,Other,UAE,Desktop,Mobile Data,Premium,Video,5.2,1,698,96,137,30686,4698,Medium,7.1
7727,LinkedIn,19-25,Other,UAE,Mobile,WiFi,Free,Mixed,1.6,6,342,144,52,17608,1697,High,4.7
7728,Reddit,36-45,Other,Canada,Tablet,WiFi,Premium,Mixed,0.5,5,650,129,28,74809,4778,Medium,7.1
7729,Pinterest,36-45,Female,Canada,Mobile,WiFi,Premium,Mixed,0.3,19,528,93,115,51975,1020,High,2.1
7730,LinkedIn,13-18,Male,Germany,Mobile,Mobile Data,Premium,Text,2.5,22,267,84,76,73769,3382,High,2.6
7731,Reddit,46-60,Female,UAE,Tablet,Mobile Data,Free,Image,5.5,5,237,125,118,6433,4931,Low,6.9
7732,Instagram,60+,Other,UAE,Mobile,WiFi,Free,Image,2.6,15,512,64,139,55217,3480,High,7.4
7733,Snapchat,36-45,Male,USA,Desktop,WiFi,Free,Video,2.4,15,455,181,123,90452,4794,Low,2.5
7734,Reddit,13-18,Other,UK,Desktop,WiFi,Premium,Mixed,2.8,19,154,88,114,44735,3561,Medium,1.4
7735,Snapchat,26-35,Female,Japan,Desktop,Mobile Data,Free,Text,1.4,6,332,44,19,28070,2929,Medium,5.6
7736,Reddit,60+,Female,USA,Mobile,Mobile Data,Premium,Video,0.9,19,259,158,97,3978,1657,Medium,5.6
7737,Twitter,60+,Female,Brazil,Tablet,Mobile Data,Premium,Text,4.6,18,122,9,92,41027,64,Medium,0.8
7738,TikTok,46-60,Female,Canada,Tablet,WiFi,Free,Video,1.4,19,366,47,100,66401,1702,High,0.6
7739,Pinterest,36-45,Female,Brazil,Tablet,Mobile Data,Free,Text,2.2,17,432,132,69,76429,4714,Medium,8.3
7740,Twitter,46-60,Male,Japan,Tablet,WiFi,Premium,Mixed,2.4,9,369,23,5,66664,1707,High,4.4
7741,TikTok,19-25,Male,UAE,Mobile,Mobile Data,Free,Image,3.8,21,616,12,7,14705,4776,High,5.7
7742,Instagram,13-18,Male,Japan,Desktop,WiFi,Free,Text,1.3,12,468,54,57,46148,154,Medium,3.3
7743,YouTube,19-25,Male,India,Desktop,WiFi,Free,Mixed,3.0,2,598,31,110,78199,2844,Low,1.9
7744,Twitter,19-25,Other,UK,Mobile,WiFi,Free,Mixed,4.9,31,47,106,106,24987,3626,Medium,5.5
7745,Pinterest,13-18,Female,Australia,Mobile,Mobile Data,Free,Video,3.3,0,193,185,119,8111,213,High,4.7
7746,Twitter,19-25,Other,Australia,Desktop,WiFi,Free,Image,2.4,18,171,65,11,32085,731,High,4.8
7747,TikTok,36-45,Male,UK,Desktop,Mobile Data,Premium,Image,5.6,34,553,63,134,43001,3286,Medium,1.6
7748,Reddit,36-45,Male,Japan,Mobile,Mobile Data,Free,Text,2.8,37,479,27,124,96188,2234,High,7.5
7749,Facebook,60+,Other,Australia,Tablet,Mobile Data,Free,Video,0.4,34,32,195,54,91271,552,Low,8.2
7750,TikTok,13-18,Male,Brazil,Tablet,Mobile Data,Premium,Video,1.4,9,346,154,7,96694,3703,Medium,4.1
7751,Facebook,36-45,Female,UAE,Mobile,Mobile Data,Premium,Image,0.4,22,587,106,44,16897,3274,Low,3.0
7752,Facebook,36-45,Male,UK,Desktop,Mobile Data,Free,Image,4.9,3,268,178,7,37305,285,Medium,6.0
7753,Instagram,13-18,Other,UK,Mobile,WiFi,Free,Image,1.7,15,656,141,55,93684,3052,Medium,6.5
7754,Snapchat,46-60,Male,Brazil,Mobile,Mobile Data,Premium,Text,2.1,28,5,34,62,95331,2063,Medium,1.8
7755,TikTok,13-18,Other,UAE,Desktop,Mobile Data,Premium,Image,5.8,33,7,105,44,79434,1845,Medium,9.3
7756,LinkedIn,19-25,Male,Germany,Tablet,Mobile Data,Free,Mixed,1.8,32,752,67,69,72921,682,Medium,7.9
7757,Facebook,60+,Other,Australia,Tablet,WiFi,Free,Mixed,4.9,6,613,103,62,49447,1104,Medium,3.9
7758,YouTube,13-18,Male,Canada,Tablet,WiFi,Free,Image,1.8,21,299,153,107,30995,1052,Low,5.7
7759,LinkedIn,19-25,Other,USA,Mobile,Mobile Data,Premium,Image,3.4,0,429,137,87,66348,4467,High,6.9
7760,YouTube,26-35,Other,USA,Tablet,Mobile Data,Premium,Video,1.3,21,373,85,117,85248,4962,High,3.3
7761,Reddit,60+,Female,UK,Tablet,WiFi,Premium,Video,5.2,23,235,135,123,26520,3899,Medium,5.5
7762,Pinterest,60+,Female,Singapore,Tablet,Mobile Data,Premium,Text,0.8,23,245,185,63,14973,4703,Medium,8.3
7763,TikTok,46-60,Female,Singapore,Desktop,Mobile Data,Free,Mixed,5.4,3,561,172,43,5536,2082,High,1.8
7764,Snapchat,19-25,Male,Japan,Tablet,Mobile Data,Premium,Video,3.9,24,634,44,28,24276,4315,High,5.2
7765,Snapchat,60+,Female,USA,Desktop,WiFi,Premium,Mixed,1.1,23,587,133,58,5997,2600,High,6.1
7766,YouTube,60+,Male,UAE,Mobile,Mobile Data,Free,Text,5.0,17,514,144,89,36255,4844,Medium,3.2
7767,Reddit,46-60,Male,Brazil,Mobile,Mobile Data,Premium,Video,2.8,25,482,134,68,3189,2018,Low,3.7
7768,YouTube,46-60,Male,Canada,Desktop,Mobile Data,Premium,Text,3.1,5,156,136,13,44166,4673,High,7.8
7769,YouTube,26-35,Male,Australia,Tablet,WiFi,Premium,Mixed,2.8,17,205,103,103,69951,1034,High,9.1
7770,LinkedIn,26-35,Other,Canada,Mobile,WiFi,Premium,Image,1.5,2,698,170,74,11949,4746,Low,7.8
7771,TikTok,26-35,Male,Canada,Desktop,Mobile Data,Premium,Image,4.0,10,130,153,90,59188,2132,Low,3.5
7772,Twitter,60+,Male,Canada,Desktop,Mobile Data,Premium,Image,2.3,38,635,86,18,14444,4257,Low,1.7
7773,Twitter,60+,Other,Brazil,Tablet,Mobile Data,Premium,Mixed,4.7,13,125,161,25,18526,993,High,8.1
7774,TikTok,26-35,Other,Singapore,Tablet,Mobile Data,Free,Video,4.5,38,22,97,120,85412,3477,High,3.7
7775,YouTube,36-45,Male,Brazil,Tablet,Mobile Data,Free,Text,2.7,10,293,129,105,67957,4386,Medium,6.0
7776,YouTube,60+,Other,India,Desktop,Mobile Data,Premium,Image,4.5,19,277,152,49,44409,4115,High,5.4
7777,Reddit,46-60,Female,UK,Tablet,Mobile Data,Free,Mixed,5.7,4,634,188,57,32258,717,Medium,1.8
7778,YouTube,13-18,Male,Australia,Desktop,WiFi,Premium,Text,4.7,25,251,172,82,32080,3444,Medium,9.8
7779,Instagram,19-25,Female,USA,Desktop,Mobile Data,Premium,Image,4.1,5,498,199,104,93621,3256,High,3.5
7780,Facebook,26-35,Other,Germany,Tablet,WiFi,Premium,Image,3.3,8,166,7,26,31570,2178,Medium,8.2
7781,Twitter,19-25,Female,UAE,Tablet,WiFi,Premium,Video,1.9,18,218,125,78,915,1551,Medium,0.6
7782,Twitter,26-35,Other,Singapore,Tablet,Mobile Data,Premium,Video,1.8,23,568,48,95,70724,1919,Low,5.2
7783,Facebook,26-35,Female,Singapore,Desktop,WiFi,Free,Mixed,1.3,23,34,189,33,59284,2131,High,3.2
7784,Pinterest,46-60,Other,Singapore,Tablet,Mobile Data,Premium,Image,1.3,13,174,131,145,42161,1020,Medium,4.4
7785,YouTube,46-60,Other,Australia,Desktop,Mobile Data,Free,Mixed,0.3,15,632,31,40,16537,1351,Low,6.1
7786,Snapchat,46-60,Male,Brazil,Tablet,WiFi,Premium,Image,4.0,20,213,8,129,16847,2183,Medium,8.6
7787,Facebook,19-25,Female,UK,Tablet,WiFi,Premium,Text,4.6,4,563,200,19,26079,1561,Medium,8.9
7788,TikTok,36-45,Other,Canada,Desktop,WiFi,Premium,Video,3.9,30,157,55,48,51552,2674,Medium,3.5
7789,Twitter,60+,Female,USA,Mobile,Mobile Data,Premium,Mixed,2.6,20,142,119,31,97825,2723,High,2.5
7790,Pinterest,46-60,Other,USA,Mobile,Mobile Data,Free,Video,5.3,14,156,75,120,48302,986,High,2.3
7791,TikTok,13-18,Female,Australia,Tablet,WiFi,Free,Video,1.3,40,799,88,71,7794,1362,Low,7.4
7792,TikTok,19-25,Other,Japan,Tablet,WiFi,Premium,Text,0.8,27,676,173,31,3094,1470,Low,1.0
7793,Facebook,36-45,Female,Singapore,Tablet,Mobile Data,Premium,Video,0.9,0,332,150,89,22680,2041,Low,4.0
7794,Instagram,36-45,Other,India,Desktop,Mobile Data,Premium,Text,4.8,22,287,43,111,99420,894,Low,0.7
7795,Reddit,13-18,Male,Brazil,Tablet,Mobile Data,Premium,Video,0.4,40,690,2,46,3303,2362,Medium,4.0
7796,Pinterest,36-45,Male,Germany,Mobile,WiFi,Premium,Image,3.3,23,153,69,77,6157,1243,High,8.2
7797,Reddit,19-25,Female,Australia,Mobile,Mobile Data,Free,Mixed,2.7,20,646,25,65,51959,1576,High,6.1
7798,Facebook,13-18,Male,India,Mobile,WiFi,Free,Video,0.2,26,508,178,130,39792,206,Medium,3.7
7799,YouTube,60+,Female,Brazil,Mobile,WiFi,Premium,Video,1.0,38,800,130,63,22096,1297,High,9.0
7800,TikTok,46-60,Other,Australia,Mobile,WiFi,Premium,Text,4.6,10,590,74,10,70633,1205,High,0.8
7801,Snapchat,60+,Female,Brazil,Tablet,WiFi,Premium,Video,2.3,37,601,42,122,32586,1573,Low,2.2
7802,TikTok,46-60,Male,India,Tablet,WiFi,Premium,Image,0.8,35,239,153,93,80217,3547,Low,8.0
7803,Facebook,46-60,Male,USA,Mobile,WiFi,Free,Mixed,4.4,23,74,189,30,52563,1150,Low,5.9
7804,TikTok,36-45,Other,Brazil,Mobile,WiFi,Free,Video,2.8,16,257,66,103,89042,3201,Medium,9.0
7805,Reddit,36-45,Male,Japan,Mobile,WiFi,Premium,Mixed,5.4,15,385,76,104,65263,1324,Low,1.9
7806,Reddit,36-45,Female,USA,Mobile,WiFi,Free,Mixed,2.4,6,539,163,14,25799,4080,High,1.7
7807,Snapchat,36-45,Other,Brazil,Tablet,WiFi,Premium,Mixed,1.7,34,28,136,135,59108,4302,Low,3.8
7808,Reddit,36-45,Female,Singapore,Mobile,Mobile Data,Premium,Text,1.3,27,317,153,87,57313,3906,Low,9.4
7809,YouTube,60+,Female,Australia,Mobile,WiFi,Free,Mixed,4.5,29,463,129,145,36283,564,Medium,6.8
7810,LinkedIn,60+,Other,USA,Tablet,WiFi,Free,Mixed,0.4,29,437,55,2,5125,2475,High,3.6
7811,Instagram,46-60,Other,Germany,Desktop,WiFi,Free,Video,4.3,13,555,185,12,99463,3388,Low,3.2
7812,Reddit,60+,Female,Australia,Tablet,Mobile Data,Premium,Video,0.7,14,724,36,29,3136,2053,Low,4.6
7813,Snapchat,36-45,Male,Japan,Desktop,WiFi,Free,Video,0.3,10,97,123,15,88704,300,Low,5.8
7814,TikTok,26-35,Female,UK,Tablet,Mobile Data,Premium,Image,2.5,23,709,47,102,42866,2529,Medium,1.2
7815,YouTube,13-18,Male,Germany,Mobile,WiFi,Premium,Image,4.1,38,701,193,2,27887,451,High,1.5
7816,Pinterest,60+,Female,Brazil,Tablet,WiFi,Premium,Text,2.3,32,759,99,87,98732,4416,High,1.4
7817,Facebook,26-35,Other,Brazil,Desktop,Mobile Data,Premium,Mixed,1.8,22,617,35,118,33090,4782,High,5.8
7818,Twitter,60+,Female,UAE,Mobile,WiFi,Free,Image,4.5,2,348,66,0,99703,1353,Medium,8.8
7819,YouTube,36-45,Male,USA,Tablet,Mobile Data,Premium,Image,0.5,12,177,25,20,67223,3649,High,1.5
7820,Facebook,60+,Other,India,Mobile,WiFi,Premium,Mixed,4.0,19,102,51,88,56700,4250,High,2.4
7821,Facebook,19-25,Female,Japan,Tablet,WiFi,Premium,Mixed,5.6,7,540,72,121,1777,3971,Low,0.6
7822,LinkedIn,60+,Male,Canada,Mobile,WiFi,Free,Mixed,0.9,27,157,139,91,90606,4998,Medium,6.3
7823,Pinterest,26-35,Other,Singapore,Tablet,WiFi,Premium,Text,3.7,27,641,161,129,53489,2258,High,4.2
7824,Pinterest,36-45,Male,UAE,Desktop,Mobile Data,Premium,Text,5.9,19,151,84,141,69303,1065,Low,3.1
7825,LinkedIn,60+,Other,UAE,Mobile,Mobile Data,Free,Text,1.4,38,616,21,83,36436,4114,Low,9.2
7826,Snapchat,26-35,Other,Singapore,Mobile,WiFi,Premium,Video,3.3,24,239,121,30,25830,1082,High,1.8
7827,Reddit,46-60,Male,USA,Mobile,Mobile Data,Premium,Video,3.2,32,196,126,78,37112,248,Low,1.8
7828,Snapchat,19-25,Female,Brazil,Mobile,WiFi,Premium,Mixed,5.4,29,655,179,123,21188,4853,Medium,7.6
7829,Pinterest,46-60,Female,Germany,Desktop,WiFi,Premium,Text,5.8,5,99,188,92,6682,2114,Medium,4.9
7830,Facebook,26-35,Female,USA,Desktop,Mobile Data,Free,Video,1.6,14,483,92,31,28711,1939,Low,0.6
7831,YouTube,13-18,Male,India,Desktop,WiFi,Free,Text,5.4,22,672,84,104,37588,3059,High,4.8
7832,TikTok,36-45,Female,Japan,Desktop,Mobile Data,Free,Mixed,3.0,14,234,151,111,20204,2604,High,2.7
7833,Instagram,46-60,Other,Canada,Tablet,WiFi,Premium,Image,2.4,36,466,14,112,88983,1506,Medium,3.5
7834,Instagram,26-35,Other,Japan,Tablet,WiFi,Premium,Mixed,4.3,30,89,58,117,59524,4640,High,6.5
7835,Reddit,13-18,Female,India,Desktop,WiFi,Premium,Text,0.7,8,738,176,122,43827,4382,Low,3.0
7836,Reddit,36-45,Female,Brazil,Mobile,Mobile Data,Premium,Text,2.8,6,76,76,38,21517,1169,Low,5.9
7837,TikTok,26-35,Female,Japan,Tablet,WiFi,Free,Mixed,3.7,16,180,83,113,50504,4244,Low,2.8
7838,TikTok,19-25,Other,UK,Desktop,Mobile Data,Premium,Mixed,3.4,27,677,23,73,452,3546,Medium,6.0
7839,Pinterest,19-25,Male,UK,Desktop,WiFi,Premium,Mixed,0.6,19,367,123,8,63404,3456,Low,5.7
7840,Snapchat,19-25,Other,UAE,Tablet,Mobile Data,Free,Video,4.1,18,758,133,71,12557,3420,Medium,1.6
7841,Twitter,19-25,Other,Japan,Mobile,WiFi,Free,Text,3.8,25,65,51,90,55579,3582,High,2.8
7842,Twitter,19-25,Other,Singapore,Desktop,WiFi,Premium,Mixed,4.5,11,798,161,148,17849,2574,Medium,1.7
7843,TikTok,19-25,Female,UK,Desktop,Mobile Data,Premium,Text,0.8,8,564,35,145,18478,241,Medium,3.0
7844,TikTok,26-35,Female,Canada,Desktop,Mobile Data,Premium,Mixed,2.3,34,148,153,149,72869,1116,Low,6.2
7845,Reddit,26-35,Female,Brazil,Desktop,Mobile Data,Free,Mixed,1.1,2,330,136,6,95828,2365,High,0.5
7846,Reddit,46-60,Male,Singapore,Tablet,Mobile Data,Premium,Video,2.1,2,763,80,46,72450,4941,High,8.9
7847,TikTok,46-60,Female,Brazil,Desktop,WiFi,Premium,Image,3.7,32,269,113,77,33726,3680,High,4.1
7848,Twitter,13-18,Female,Japan,Mobile,WiFi,Premium,Text,0.7,1,258,182,143,78431,4780,High,8.9
7849,Facebook,13-18,Male,Japan,Mobile,WiFi,Premium,Video,5.6,28,495,124,37,23692,2209,High,1.6
7850,Twitter,36-45,Male,Australia,Tablet,Mobile Data,Premium,Image,0.8,12,43,192,70,59179,1964,Low,2.7
7851,Facebook,26-35,Other,Singapore,Mobile,Mobile Data,Free,Mixed,2.2,7,755,117,89,18225,877,Medium,4.1
7852,Twitter,46-60,Other,Germany,Mobile,Mobile Data,Premium,Mixed,1.0,25,360,42,40,54948,1270,High,1.0
7853,Snapchat,60+,Other,Australia,Desktop,WiFi,Free,Text,3.8,14,445,155,117,14291,1008,Medium,5.7
7854,LinkedIn,19-25,Female,India,Tablet,Mobile Data,Premium,Mixed,5.9,24,517,75,32,94365,2488,Medium,0.6
7855,Snapchat,60+,Male,UAE,Desktop,Mobile Data,Free,Image,5.5,23,137,51,41,96182,4038,Low,2.1
7856,TikTok,13-18,Male,India,Mobile,WiFi,Free,Text,6.0,36,68,4,105,43447,4671,Low,2.3
7857,Instagram,19-25,Male,USA,Mobile,WiFi,Premium,Video,3.6,27,77,100,21,92365,1971,Low,3.2
7858,YouTube,13-18,Male,UAE,Mobile,Mobile Data,Premium,Image,1.9,34,596,22,52,31888,612,Medium,3.9
7859,YouTube,46-60,Female,Germany,Mobile,Mobile Data,Premium,Image,2.1,35,480,172,109,94822,642,Medium,4.4
7860,Facebook,13-18,Male,Singapore,Desktop,Mobile Data,Premium,Mixed,1.1,13,667,192,23,77071,3757,High,4.8
7861,YouTube,19-25,Female,UK,Mobile,Mobile Data,Premium,Image,5.3,13,180,12,124,20791,480,Medium,7.3
7862,YouTube,19-25,Female,Germany,Mobile,WiFi,Premium,Mixed,4.7,6,706,142,146,43719,630,High,1.0
7863,Instagram,46-60,Male,Japan,Mobile,WiFi,Premium,Text,5.1,26,264,130,56,67405,283,High,9.7
7864,LinkedIn,19-25,Female,Canada,Tablet,WiFi,Free,Text,3.9,19,142,93,76,53073,1891,Medium,9.5
7865,TikTok,36-45,Female,Australia,Mobile,WiFi,Free,Mixed,3.9,13,718,136,90,51041,2442,Medium,5.4
7866,LinkedIn,26-35,Female,Germany,Mobile,WiFi,Free,Video,2.5,2,260,37,110,89504,2680,Medium,9.3
7867,Pinterest,26-35,Female,Japan,Mobile,Mobile Data,Free,Mixed,4.6,17,144,140,3,71167,1542,Medium,7.2
7868,TikTok,13-18,Other,Japan,Tablet,WiFi,Free,Text,0.5,40,431,131,98,70454,3506,High,5.5
7869,Snapchat,13-18,Male,Japan,Mobile,WiFi,Premium,Text,3.0,14,794,3,100,22008,2299,Medium,9.4
7870,Pinterest,46-60,Female,UAE,Mobile,WiFi,Free,Text,2.4,5,72,168,10,50954,1380,Medium,5.7
7871,Twitter,46-60,Other,Japan,Tablet,Mobile Data,Free,Video,5.4,28,236,13,62,8571,1277,Low,7.4
7872,Instagram,19-25,Other,Australia,Tablet,WiFi,Premium,Image,1.7,21,597,3,119,64035,263,Medium,5.2
7873,YouTube,46-60,Female,Canada,Mobile,WiFi,Premium,Text,4.6,29,455,153,34,86285,3234,Medium,7.2
7874,Twitter,46-60,Male,Brazil,Mobile,Mobile Data,Free,Text,0.7,13,29,5,110,27421,3083,High,4.8
7875,Instagram,36-45,Female,Germany,Tablet,WiFi,Free,Video,1.8,33,257,49,15,36648,1476,Low,4.4
7876,YouTube,13-18,Male,Brazil,Mobile,WiFi,Premium,Video,5.6,31,392,89,69,95493,4156,Low,7.3
7877,Twitter,46-60,Female,Australia,Tablet,WiFi,Premium,Mixed,2.5,26,121,80,24,8627,145,High,6.3
7878,Instagram,13-18,Female,Japan,Desktop,Mobile Data,Premium,Image,4.1,4,642,119,2,17397,2760,Medium,9.5
7879,Pinterest,13-18,Female,UAE,Tablet,Mobile Data,Premium,Mixed,4.1,37,653,133,46,73804,4112,Low,4.0
7880,LinkedIn,36-45,Male,Singapore,Mobile,WiFi,Premium,Mixed,5.8,18,499,7,135,27216,828,Low,4.3
7881,Reddit,13-18,Other,Germany,Desktop,WiFi,Premium,Video,3.7,10,463,128,65,36054,3161,Low,3.0
7882,Instagram,46-60,Female,Australia,Tablet,Mobile Data,Free,Image,4.3,21,241,3,119,81373,1928,Low,1.8
7883,Twitter,60+,Female,India,Tablet,WiFi,Premium,Text,0.4,3,365,185,66,59418,4402,Low,5.5
7884,YouTube,36-45,Male,Canada,Desktop,Mobile Data,Free,Mixed,5.0,20,404,21,93,87641,2978,High,8.8
7885,Twitter,36-45,Female,Canada,Mobile,Mobile Data,Premium,Mixed,1.8,20,423,173,56,62512,4078,Medium,7.2
7886,Reddit,26-35,Other,Australia,Tablet,WiFi,Free,Video,4.0,18,516,81,39,98387,4834,Low,8.7
7887,Twitter,36-45,Female,Brazil,Desktop,Mobile Data,Free,Video,2.7,5,596,87,25,92362,1268,Medium,10.0
7888,LinkedIn,46-60,Other,UK,Tablet,WiFi,Premium,Image,0.7,12,772,85,6,26369,3529,Low,3.2
7889,Snapchat,19-25,Female,UAE,Desktop,WiFi,Free,Image,0.3,22,17,59,89,17277,2547,High,8.8
7890,Reddit,60+,Other,UK,Mobile,Mobile Data,Premium,Mixed,2.9,7,743,68,17,67409,2375,Low,3.0
7891,LinkedIn,60+,Other,USA,Tablet,WiFi,Premium,Text,3.6,26,462,58,136,34870,2392,Medium,4.5
7892,LinkedIn,46-60,Other,UK,Desktop,WiFi,Premium,Image,2.6,6,568,108,143,88982,2954,Low,5.6
7893,YouTube,60+,Other,Singapore,Desktop,Mobile Data,Free,Image,2.9,20,340,183,65,92273,4033,High,6.4
7894,YouTube,19-25,Other,USA,Tablet,Mobile Data,Premium,Video,5.2,18,193,147,79,86105,1381,Low,7.1
7895,TikTok,60+,Female,Singapore,Desktop,WiFi,Premium,Text,1.2,23,410,35,85,60701,2121,High,8.9
7896,Snapchat,19-25,Male,Brazil,Tablet,WiFi,Premium,Text,0.9,37,269,108,15,22935,188,High,0.7
7897,Facebook,13-18,Male,Brazil,Desktop,WiFi,Premium,Mixed,5.2,4,714,38,95,29732,1049,Low,5.4
7898,Reddit,46-60,Other,USA,Desktop,WiFi,Free,Text,5.0,27,543,136,98,98164,3752,High,2.4
7899,Snapchat,13-18,Other,Brazil,Mobile,WiFi,Free,Image,3.5,4,103,194,134,71273,314,Medium,7.4
7900,Pinterest,13-18,Other,Brazil,Tablet,WiFi,Premium,Mixed,0.8,25,204,152,145,96468,679,High,4.2
7901,LinkedIn,60+,Female,Australia,Mobile,WiFi,Premium,Text,2.4,8,727,97,131,20381,2398,Medium,0.9
7902,YouTube,36-45,Male,Japan,Tablet,WiFi,Free,Image,1.7,7,192,35,82,22154,3604,High,6.2
7903,Twitter,60+,Male,UK,Desktop,WiFi,Premium,Text,3.1,26,33,10,40,67189,4071,High,1.4
7904,Instagram,26-35,Male,Germany,Desktop,WiFi,Premium,Video,2.9,9,348,119,11,16794,3497,Medium,8.8
7905,TikTok,36-45,Other,Singapore,Desktop,Mobile Data,Premium,Video,5.1,21,382,50,33,20073,3863,Medium,7.9
7906,TikTok,36-45,Female,Germany,Tablet,WiFi,Free,Text,5.3,2,375,5,68,75658,4165,High,5.4
7907,Twitter,13-18,Other,Canada,Desktop,Mobile Data,Premium,Mixed,5.4,12,571,109,31,45115,3514,High,6.1
7908,Snapchat,19-25,Other,Germany,Desktop,WiFi,Free,Mixed,1.3,11,196,170,86,53730,3558,Medium,8.2
7909,Pinterest,60+,Male,USA,Mobile,Mobile Data,Free,Text,3.1,19,786,106,46,93244,2830,Low,8.3
7910,Twitter,36-45,Female,UAE,Desktop,Mobile Data,Free,Video,2.3,15,378,40,127,60132,3833,Low,2.6
7911,TikTok,36-45,Male,Canada,Desktop,Mobile Data,Premium,Mixed,2.4,35,621,3,62,85872,121,Medium,2.4
7912,Facebook,26-35,Other,Japan,Desktop,Mobile Data,Premium,Mixed,3.3,29,779,27,42,19332,3536,Low,1.9
7913,LinkedIn,19-25,Female,UK,Tablet,WiFi,Premium,Mixed,4.3,31,316,185,149,15994,4583,High,6.6
7914,Twitter,46-60,Female,India,Desktop,WiFi,Premium,Video,5.1,22,455,134,47,65710,4785,Low,6.5
7915,YouTube,46-60,Male,India,Tablet,Mobile Data,Premium,Video,5.5,33,679,119,139,34651,2736,Medium,0.7
7916,Facebook,46-60,Other,Germany,Desktop,WiFi,Free,Text,3.3,6,231,94,138,53166,2341,Low,3.1
7917,TikTok,36-45,Other,UK,Mobile,Mobile Data,Premium,Image,2.1,6,244,39,92,42056,1016,High,2.9
7918,TikTok,60+,Female,India,Desktop,WiFi,Free,Video,1.9,5,638,147,60,90992,2463,Medium,9.0
7919,Instagram,13-18,Other,UK,Desktop,WiFi,Premium,Image,4.0,1,651,198,27,39906,2226,Low,3.6
7920,Twitter,13-18,Male,India,Desktop,Mobile Data,Premium,Mixed,3.1,4,128,148,2,6998,4195,High,1.2
7921,Facebook,13-18,Female,Australia,Tablet,Mobile Data,Free,Video,2.9,11,531,85,91,82273,348,High,1.0
7922,Reddit,13-18,Other,Japan,Mobile,Mobile Data,Free,Image,2.7,27,596,75,44,68351,1140,Low,1.0
7923,Snapchat,36-45,Male,Singapore,Tablet,Mobile Data,Premium,Mixed,4.7,3,450,89,55,8488,4620,Medium,0.7
7924,Twitter,26-35,Other,UK,Tablet,WiFi,Free,Text,5.3,15,700,163,141,15618,4425,High,0.6
7925,YouTube,46-60,Male,Brazil,Desktop,Mobile Data,Premium,Mixed,4.9,32,200,49,21,31198,629,Low,8.3
7926,Reddit,36-45,Other,USA,Tablet,Mobile Data,Free,Image,2.8,38,751,30,73,30018,2632,High,3.6
7927,Instagram,36-45,Other,Singapore,Tablet,WiFi,Premium,Mixed,2.3,38,21,116,5,96739,279,Medium,0.8
7928,Instagram,13-18,Female,Brazil,Desktop,WiFi,Free,Mixed,4.5,19,345,94,96,51735,1912,Low,9.5
7929,Facebook,19-25,Female,Brazil,Tablet,WiFi,Free,Text,5.3,16,646,45,110,36531,1320,High,6.9
7930,Facebook,36-45,Other,UAE,Tablet,Mobile Data,Free,Text,0.2,4,112,19,141,77100,1189,High,1.0
7931,Snapchat,36-45,Other,Brazil,Tablet,WiFi,Free,Video,4.0,29,471,37,127,13747,683,Low,9.9
7932,Pinterest,36-45,Female,USA,Mobile,WiFi,Premium,Video,5.2,37,83,193,127,70371,1715,Low,7.1
7933,Facebook,26-35,Other,UK,Desktop,WiFi,Premium,Video,5.2,35,599,178,86,43018,710,Low,7.7
7934,YouTube,36-45,Other,UAE,Mobile,Mobile Data,Premium,Text,1.2,4,392,24,54,88725,4916,Low,3.7
7935,Snapchat,19-25,Other,Japan,Tablet,Mobile Data,Free,Image,3.7,40,367,71,127,41960,3105,Low,5.6
7936,LinkedIn,13-18,Other,Canada,Mobile,WiFi,Free,Mixed,1.3,35,472,67,93,9890,666,Low,8.9
7937,YouTube,26-35,Male,Singapore,Tablet,WiFi,Free,Video,0.5,10,226,46,22,69849,923,High,5.9
7938,Snapchat,13-18,Female,Australia,Desktop,Mobile Data,Premium,Mixed,3.7,7,49,38,130,66032,1813,High,3.3
7939,YouTube,36-45,Other,Australia,Tablet,WiFi,Premium,Mixed,4.2,13,212,137,38,92085,1166,High,0.6
7940,LinkedIn,19-25,Female,Singapore,Desktop,WiFi,Free,Text,3.2,14,678,108,52,33731,1231,High,2.4
7941,Snapchat,26-35,Male,Singapore,Desktop,Mobile Data,Free,Text,3.7,17,144,115,100,62037,3418,Low,6.8
7942,TikTok,46-60,Male,UAE,Tablet,WiFi,Premium,Image,5.3,24,637,164,5,22574,4685,Medium,2.9
7943,YouTube,26-35,Other,UK,Desktop,Mobile Data,Premium,Image,5.4,27,509,110,149,34744,145,Medium,4.1
7944,Twitter,26-35,Female,Australia,Mobile,Mobile Data,Free,Video,4.7,28,138,42,69,659,1275,Low,1.0
7945,LinkedIn,46-60,Male,Canada,Desktop,Mobile Data,Premium,Image,4.0,27,436,110,68,86799,2957,Medium,9.8
7946,Twitter,60+,Female,India,Mobile,WiFi,Premium,Text,1.6,27,691,85,99,94478,686,Medium,9.9
7947,Pinterest,13-18,Other,Brazil,Mobile,Mobile Data,Premium,Video,5.3,26,706,185,127,53162,2708,Low,8.7
7948,Reddit,13-18,Male,Canada,Mobile,WiFi,Premium,Text,3.7,18,784,41,85,72043,2982,High,9.1
7949,Snapchat,26-35,Other,India,Mobile,Mobile Data,Premium,Image,0.6,40,751,43,89,89028,2083,Medium,3.0
7950,TikTok,46-60,Other,UAE,Mobile,Mobile Data,Free,Video,5.7,4,213,25,150,33634,1888,Medium,6.0
7951,Twitter,26-35,Female,Brazil,Tablet,WiFi,Premium,Mixed,1.5,0,500,18,77,84160,2148,Medium,6.0
7952,Snapchat,60+,Male,USA,Desktop,Mobile Data,Free,Mixed,5.1,11,225,110,123,36019,389,Medium,9.2
7953,TikTok,13-18,Other,Singapore,Tablet,WiFi,Free,Text,3.0,18,214,73,11,11233,360,Medium,3.3
7954,Reddit,36-45,Male,India,Desktop,WiFi,Premium,Video,4.3,24,315,150,3,42860,1951,High,4.0
7955,Pinterest,19-25,Female,Singapore,Mobile,Mobile Data,Premium,Mixed,0.3,31,624,176,26,17951,1171,Medium,0.8
7956,YouTube,46-60,Male,USA,Tablet,Mobile Data,Premium,Mixed,0.5,23,391,69,135,77640,4068,High,2.1
7957,Pinterest,19-25,Male,USA,Tablet,WiFi,Free,Text,4.7,1,383,52,130,19849,3133,High,6.7
7958,Twitter,46-60,Other,Germany,Desktop,WiFi,Free,Video,4.1,40,797,75,59,53475,3367,Medium,3.4
7959,Snapchat,60+,Female,Canada,Desktop,Mobile Data,Free,Mixed,4.6,32,15,127,61,29946,436,High,6.4
7960,Reddit,13-18,Other,Japan,Tablet,WiFi,Premium,Video,4.5,36,276,24,63,95154,3376,Medium,7.9
7961,LinkedIn,60+,Other,UK,Mobile,WiFi,Premium,Video,4.4,13,798,190,40,73342,4120,High,6.1
7962,Facebook,13-18,Male,Australia,Desktop,WiFi,Premium,Video,4.1,34,152,107,14,22402,4946,Low,6.9
7963,Snapchat,60+,Other,Australia,Tablet,WiFi,Premium,Mixed,5.2,29,219,60,31,95814,3680,High,5.5
7964,YouTube,13-18,Female,Singapore,Mobile,WiFi,Premium,Image,4.2,24,537,48,47,81197,3233,Medium,3.2
7965,YouTube,13-18,Other,Australia,Desktop,WiFi,Free,Video,1.2,19,579,125,101,4483,2474,Medium,2.0
7966,Pinterest,13-18,Female,Singapore,Tablet,Mobile Data,Free,Video,3.6,18,61,54,35,78601,3126,Low,5.9
7967,Snapchat,26-35,Male,Australia,Mobile,WiFi,Free,Video,3.2,19,148,49,62,15097,747,Low,3.6
7968,TikTok,60+,Female,USA,Tablet,WiFi,Free,Text,0.3,26,205,126,122,91364,4990,Medium,3.8
7969,YouTube,36-45,Female,Australia,Desktop,WiFi,Premium,Mixed,2.4,34,430,136,96,85669,937,Medium,9.2
7970,Facebook,26-35,Other,Japan,Mobile,Mobile Data,Premium,Video,1.9,16,20,98,69,73167,4473,Medium,1.0
7971,Pinterest,26-35,Male,UAE,Desktop,Mobile Data,Premium,Mixed,3.9,2,741,47,104,59471,3069,Low,0.5
7972,LinkedIn,19-25,Female,Singapore,Mobile,Mobile Data,Free,Text,4.0,2,335,179,33,11891,103,Low,7.0
7973,YouTube,36-45,Female,USA,Mobile,WiFi,Free,Image,1.4,23,348,25,133,43254,273,Low,9.6
7974,Facebook,19-25,Other,Brazil,Mobile,WiFi,Free,Text,4.8,0,37,77,124,20054,2530,Medium,8.2
7975,Twitter,60+,Female,Germany,Mobile,Mobile Data,Premium,Mixed,3.0,35,533,41,147,38560,4968,Low,5.0
7976,Twitter,36-45,Female,Brazil,Tablet,WiFi,Free,Image,3.2,33,572,76,76,22955,2050,Medium,3.9
7977,Twitter,19-25,Other,Australia,Mobile,Mobile Data,Premium,Video,5.3,25,3,1,34,43506,761,Low,4.7
7978,Snapchat,36-45,Male,Japan,Desktop,Mobile Data,Free,Mixed,0.4,1,202,134,41,11469,1181,High,2.5
7979,Reddit,13-18,Other,Japan,Tablet,Mobile Data,Premium,Image,0.7,37,372,113,99,5659,1978,Medium,2.3
7980,Pinterest,19-25,Male,Canada,Tablet,Mobile Data,Free,Text,2.1,2,257,102,142,32873,4896,High,1.1
7981,LinkedIn,46-60,Female,Singapore,Desktop,Mobile Data,Premium,Text,4.1,32,684,91,53,69126,577,Medium,6.9
7982,TikTok,19-25,Female,Australia,Tablet,Mobile Data,Free,Video,1.4,36,764,181,9,74046,1342,Medium,6.7
7983,Facebook,36-45,Female,Canada,Mobile,Mobile Data,Premium,Mixed,2.7,6,132,187,18,91916,1212,Medium,8.8
7984,Reddit,19-25,Female,India,Tablet,Mobile Data,Free,Mixed,0.8,33,77,133,76,35318,914,Medium,2.6
7985,Reddit,13-18,Female,UK,Desktop,WiFi,Premium,Text,1.0,25,142,29,134,97666,443,Medium,2.4
7986,TikTok,19-25,Male,Australia,Tablet,WiFi,Free,Text,2.2,37,572,11,18,4348,2330,High,8.0
7987,Instagram,46-60,Male,UK,Desktop,Mobile Data,Free,Video,4.9,23,100,153,1,39653,2917,Low,3.7
7988,Pinterest,13-18,Other,UAE,Tablet,Mobile Data,Free,Mixed,3.1,0,179,39,21,78306,715,Medium,3.3
7989,Snapchat,36-45,Female,UAE,Mobile,WiFi,Free,Video,1.9,21,602,133,2,67113,4793,Medium,5.7
7990,Pinterest,13-18,Male,Canada,Mobile,WiFi,Premium,Video,4.2,7,281,23,11,1999,4205,Low,5.9
7991,Pinterest,60+,Other,Singapore,Desktop,WiFi,Free,Mixed,0.4,4,27,187,69,19111,4180,Low,8.4
7992,Twitter,60+,Other,UK,Tablet,Mobile Data,Free,Text,1.8,10,70,184,103,33746,4828,Medium,2.6
7993,Facebook,60+,Other,UK,Mobile,Mobile Data,Premium,Video,5.9,37,138,31,129,12247,763,Medium,7.5
7994,TikTok,36-45,Male,UAE,Desktop,WiFi,Free,Text,4.0,30,100,73,121,4454,2878,High,2.8
7995,Instagram,13-18,Male,USA,Tablet,WiFi,Premium,Mixed,1.7,5,612,52,119,30310,4513,Low,3.1
7996,YouTube,13-18,Male,USA,Mobile,WiFi,Free,Video,3.6,40,561,46,104,59837,424,Low,5.3
7997,TikTok,19-25,Other,UK,Desktop,WiFi,Premium,Text,5.8,6,689,46,43,72390,4260,Low,4.2
7998,TikTok,19-25,Female,Germany,Mobile,Mobile Data,Premium,Video,3.7,20,427,39,70,52242,1148,Medium,7.9
7999,Twitter,46-60,Female,USA,Mobile,WiFi,Free,Video,1.8,18,570,136,34,11855,1828,High,2.9
8000,Reddit,19-25,Male,Singapore,Desktop,Mobile Data,Premium,Video,3.1,12,256,156,131,98957,1136,High,9.5
8001,Snapchat,36-45,Male,UAE,Desktop,Mobile Data,Premium,Mixed,1.5,7,551,11,8,37888,2154,Low,5.0
8002,Facebook,36-45,Other,Japan,Tablet,Mobile Data,Free,Image,4.0,2,89,83,130,23448,649,Medium,1.0
8003,LinkedIn,19-25,Male,Canada,Tablet,WiFi,Free,Video,3.2,7,672,14,60,57185,2715,Low,1.6
8004,TikTok,19-25,Other,UAE,Desktop,WiFi,Free,Image,6.0,19,302,179,103,23870,1879,Medium,4.3
8005,Twitter,60+,Female,Brazil,Mobile,Mobile Data,Free,Video,2.6,10,678,134,130,21123,705,Low,3.6
8006,Reddit,26-35,Female,Canada,Desktop,Mobile Data,Premium,Mixed,5.9,8,763,17,143,11322,2824,Medium,1.4
8007,Reddit,19-25,Other,Japan,Desktop,Mobile Data,Free,Video,3.5,40,44,140,117,6625,1364,High,5.0
8008,Pinterest,36-45,Female,UAE,Mobile,Mobile Data,Premium,Text,4.2,8,784,175,42,72647,3726,High,3.6
8009,Facebook,60+,Male,Japan,Mobile,WiFi,Premium,Image,6.0,33,146,5,149,97806,620,Medium,2.2
8010,Instagram,13-18,Male,UAE,Tablet,Mobile Data,Premium,Image,1.8,6,740,106,130,20461,4907,Low,4.9
8011,Snapchat,19-25,Other,Australia,Desktop,Mobile Data,Premium,Mixed,5.5,40,566,57,59,83069,4434,Medium,4.9
8012,TikTok,13-18,Female,India,Desktop,Mobile Data,Premium,Video,2.7,12,208,141,69,80826,4430,Medium,2.7
8013,LinkedIn,46-60,Female,India,Tablet,WiFi,Premium,Video,4.3,20,412,93,85,99972,4682,Medium,5.2
8014,Pinterest,36-45,Female,India,Tablet,WiFi,Free,Text,2.8,32,248,63,2,28963,2574,Medium,8.3
8015,YouTube,46-60,Other,UAE,Desktop,WiFi,Free,Mixed,1.1,21,658,144,63,5325,3303,High,4.5
8016,Twitter,26-35,Female,Germany,Mobile,WiFi,Free,Image,3.0,25,286,200,123,37809,4798,High,2.7
8017,Pinterest,60+,Male,Japan,Tablet,WiFi,Premium,Image,1.9,14,511,197,108,65137,1307,Low,7.5
8018,TikTok,46-60,Female,Australia,Mobile,Mobile Data,Free,Text,4.3,1,762,141,10,37606,3655,Medium,8.4
8019,LinkedIn,13-18,Female,Australia,Tablet,WiFi,Premium,Video,3.9,7,683,69,133,81160,4209,Medium,2.2
8020,YouTube,26-35,Male,Germany,Mobile,WiFi,Premium,Mixed,4.1,22,601,61,130,47876,1511,Medium,7.9
8021,Instagram,26-35,Male,Australia,Mobile,Mobile Data,Free,Mixed,1.8,33,212,35,140,99987,3205,Low,9.3
8022,Pinterest,36-45,Female,Canada,Mobile,Mobile Data,Free,Text,5.0,9,70,130,93,46401,1689,High,9.8
8023,Reddit,26-35,Female,USA,Tablet,WiFi,Free,Video,3.7,34,16,58,78,27378,1088,High,4.7
8024,Facebook,36-45,Other,UK,Mobile,Mobile Data,Premium,Mixed,0.4,8,262,46,29,73579,4161,High,0.7
8025,YouTube,19-25,Female,USA,Tablet,WiFi,Free,Mixed,4.8,27,456,159,71,22115,4706,Medium,0.5
8026,Snapchat,36-45,Female,Brazil,Tablet,WiFi,Premium,Video,3.3,34,514,51,121,79985,1263,Medium,1.3
8027,Reddit,19-25,Male,USA,Mobile,Mobile Data,Premium,Video,2.7,31,252,79,99,85282,1351,Medium,2.4
8028,Snapchat,19-25,Male,UK,Desktop,WiFi,Premium,Mixed,2.6,26,537,22,131,77988,135,Medium,2.3
8029,Twitter,60+,Female,USA,Mobile,WiFi,Premium,Mixed,2.2,24,293,81,57,20730,1648,Low,4.0
8030,Snapchat,26-35,Male,Singapore,Tablet,Mobile Data,Free,Mixed,5.4,23,605,19,120,80899,3622,Medium,8.6
8031,TikTok,19-25,Other,Canada,Tablet,WiFi,Premium,Image,3.4,29,217,185,98,43257,1675,Medium,4.2
8032,Snapchat,26-35,Male,Japan,Tablet,Mobile Data,Premium,Mixed,3.0,29,404,76,110,82776,2106,Medium,4.6
8033,TikTok,26-35,Male,Singapore,Mobile,WiFi,Premium,Mixed,2.4,23,747,162,119,51428,3128,Medium,0.8
8034,Facebook,19-25,Other,Singapore,Mobile,Mobile Data,Free,Video,2.9,27,613,157,21,63301,4094,High,3.6
8035,TikTok,26-35,Other,Brazil,Mobile,WiFi,Premium,Image,4.7,20,286,109,45,77487,2970,High,6.4
8036,Snapchat,13-18,Female,Australia,Mobile,WiFi,Free,Mixed,5.4,35,599,145,51,18953,1480,High,5.7
8037,Instagram,19-25,Female,Germany,Desktop,Mobile Data,Premium,Video,5.1,18,737,6,44,76382,1406,Low,7.4
8038,TikTok,19-25,Other,UAE,Tablet,Mobile Data,Free,Video,2.3,29,445,30,80,75296,3710,Low,3.3
8039,Pinterest,46-60,Female,USA,Mobile,WiFi,Free,Image,5.8,39,576,7,18,3120,169,High,7.6
8040,TikTok,13-18,Female,USA,Mobile,Mobile Data,Free,Mixed,0.9,10,61,70,101,18255,119,High,5.8
8041,YouTube,36-45,Other,Brazil,Tablet,Mobile Data,Premium,Video,3.1,11,5,37,125,20443,1863,High,5.4
8042,Instagram,60+,Female,UAE,Mobile,Mobile Data,Free,Text,0.8,21,473,185,42,57582,4896,Medium,1.3
8043,YouTube,13-18,Other,UK,Tablet,WiFi,Free,Mixed,4.2,39,795,174,25,61215,3643,High,3.9
8044,Snapchat,46-60,Other,Japan,Tablet,WiFi,Free,Video,4.5,40,81,133,112,17528,552,High,1.0
8045,Facebook,36-45,Male,India,Tablet,Mobile Data,Free,Image,1.3,9,392,44,49,32690,4908,High,8.6
8046,Twitter,60+,Male,UAE,Tablet,WiFi,Free,Image,4.7,5,160,120,101,15661,2547,High,3.1
8047,Pinterest,13-18,Other,UAE,Mobile,Mobile Data,Premium,Mixed,2.5,27,57,151,145,59753,1451,High,0.6
8048,YouTube,26-35,Other,Canada,Desktop,WiFi,Free,Text,4.4,18,306,170,111,78031,273,Medium,3.4
8049,TikTok,36-45,Male,UAE,Tablet,WiFi,Free,Text,4.9,15,775,45,129,40382,3205,High,2.9
8050,LinkedIn,60+,Male,India,Tablet,Mobile Data,Premium,Mixed,2.0,13,796,97,142,75334,372,High,4.4
8051,TikTok,46-60,Male,Canada,Mobile,Mobile Data,Premium,Video,0.6,10,441,126,88,3471,1465,Medium,4.5
8052,LinkedIn,13-18,Male,USA,Mobile,WiFi,Premium,Mixed,4.7,13,712,134,2,78450,3366,Low,8.2
8053,TikTok,13-18,Male,Japan,Tablet,Mobile Data,Premium,Image,6.0,2,366,52,139,59133,4070,High,5.6
8054,Instagram,60+,Male,Japan,Desktop,Mobile Data,Free,Mixed,3.9,5,714,116,104,24506,4067,Low,2.1
8055,Reddit,46-60,Female,USA,Desktop,WiFi,Free,Video,4.1,19,129,97,112,77143,1131,Medium,5.0
8056,Snapchat,19-25,Male,Brazil,Mobile,Mobile Data,Free,Image,3.2,19,717,112,71,2826,2348,High,4.4
8057,TikTok,13-18,Other,USA,Tablet,Mobile Data,Free,Mixed,0.6,0,529,64,134,29173,3443,High,1.0
8058,Instagram,13-18,Male,India,Tablet,Mobile Data,Free,Video,5.6,14,254,158,51,94631,1618,Medium,7.4
8059,Snapchat,36-45,Male,India,Tablet,WiFi,Premium,Image,5.8,24,448,63,59,14546,2043,Medium,5.0
8060,Reddit,13-18,Other,UAE,Mobile,WiFi,Premium,Image,5.4,35,685,67,21,35044,2435,High,4.6
8061,Twitter,60+,Male,Germany,Mobile,WiFi,Premium,Mixed,5.5,28,231,174,87,94938,4935,Medium,2.5
8062,LinkedIn,13-18,Other,USA,Tablet,Mobile Data,Free,Text,5.0,6,557,146,4,67953,4868,Low,8.6
8063,LinkedIn,13-18,Male,Brazil,Desktop,WiFi,Free,Video,4.8,4,287,141,149,57438,4100,Low,5.5
8064,Reddit,19-25,Female,UK,Desktop,Mobile Data,Free,Video,4.1,16,759,150,31,15265,1885,Medium,7.4
8065,Twitter,36-45,Other,Canada,Mobile,WiFi,Free,Image,4.4,7,600,61,111,12302,1670,Low,10.0
8066,LinkedIn,46-60,Other,Japan,Mobile,Mobile Data,Premium,Video,1.5,33,574,187,4,7480,2972,High,4.5
8067,TikTok,26-35,Female,Australia,Desktop,WiFi,Premium,Video,0.2,7,556,10,105,79672,3166,Low,9.3
8068,LinkedIn,13-18,Other,Singapore,Desktop,Mobile Data,Premium,Video,0.8,24,568,126,45,35232,707,High,3.9
8069,Twitter,46-60,Female,UK,Mobile,Mobile Data,Premium,Mixed,3.7,25,218,190,52,58591,3963,Medium,8.7
8070,Reddit,26-35,Female,Canada,Desktop,Mobile Data,Free,Image,1.7,30,20,160,55,95410,3467,High,1.0
8071,TikTok,26-35,Female,India,Mobile,WiFi,Premium,Text,1.0,35,470,66,122,92026,3805,High,4.4
8072,YouTube,60+,Male,Australia,Tablet,WiFi,Premium,Mixed,5.0,1,651,151,100,93185,4970,High,5.8
8073,Facebook,60+,Male,Canada,Desktop,Mobile Data,Free,Video,2.0,35,91,102,37,50923,1318,Low,2.0
8074,Twitter,46-60,Other,India,Mobile,Mobile Data,Premium,Text,0.3,3,212,112,47,47876,4335,Medium,8.4
8075,LinkedIn,46-60,Female,Singapore,Mobile,WiFi,Premium,Text,5.6,18,177,76,11,73011,1490,Low,8.7
8076,Facebook,26-35,Female,Australia,Mobile,WiFi,Free,Mixed,1.7,7,244,198,119,85046,4602,High,6.7
8077,Pinterest,19-25,Male,UK,Tablet,WiFi,Free,Video,3.3,18,156,85,139,80949,4642,High,5.6
8078,Twitter,60+,Female,Canada,Tablet,Mobile Data,Premium,Image,1.7,28,132,122,19,819,3476,Medium,7.4
8079,Facebook,46-60,Male,Singapore,Tablet,WiFi,Free,Mixed,3.2,14,636,120,72,55073,1646,High,2.8
8080,Snapchat,13-18,Other,Japan,Tablet,Mobile Data,Free,Video,5.8,14,659,114,6,50716,2309,Medium,4.0
8081,Pinterest,26-35,Female,Japan,Mobile,Mobile Data,Premium,Image,5.4,16,575,173,118,81077,3562,Low,1.4
8082,Reddit,26-35,Other,USA,Desktop,Mobile Data,Premium,Video,2.4,10,120,127,37,95552,3641,Low,4.6
8083,Twitter,26-35,Female,USA,Mobile,Mobile Data,Premium,Video,3.8,18,567,69,130,47329,4233,Medium,8.8
8084,Instagram,46-60,Other,Japan,Desktop,WiFi,Premium,Text,4.9,7,429,57,14,65323,2134,Medium,5.2
8085,Facebook,60+,Female,UAE,Tablet,Mobile Data,Free,Image,4.2,30,777,147,102,91636,1299,Low,0.8
8086,Twitter,19-25,Female,USA,Tablet,WiFi,Free,Image,3.2,18,193,142,53,48337,3910,Low,3.0
8087,Snapchat,46-60,Male,Singapore,Desktop,WiFi,Premium,Text,0.6,18,219,59,75,62302,3221,Low,4.7
8088,Facebook,19-25,Male,USA,Desktop,Mobile Data,Free,Text,1.8,5,376,130,52,93886,2523,High,4.1
8089,TikTok,26-35,Female,Canada,Tablet,Mobile Data,Free,Video,1.2,33,375,91,126,59613,3011,High,7.2
8090,LinkedIn,13-18,Male,Canada,Tablet,WiFi,Free,Image,2.5,1,512,64,33,98715,2241,Low,3.6
8091,Snapchat,19-25,Male,Singapore,Mobile,WiFi,Premium,Text,3.8,17,443,197,136,8095,1452,Low,2.4
8092,TikTok,46-60,Female,UK,Desktop,Mobile Data,Premium,Mixed,5.1,18,377,69,22,29301,4542,Low,4.1
8093,Instagram,60+,Other,UAE,Mobile,WiFi,Premium,Mixed,1.6,33,277,111,145,65988,1162,Low,9.4
8094,LinkedIn,26-35,Male,UK,Tablet,WiFi,Premium,Video,5.0,22,494,45,23,75223,1744,Low,5.6
8095,Instagram,46-60,Male,Canada,Mobile,WiFi,Premium,Text,5.5,14,526,195,66,84450,3624,Low,9.1
8096,TikTok,13-18,Male,USA,Mobile,Mobile Data,Premium,Text,2.5,39,234,134,78,36830,2301,Medium,6.0
8097,YouTube,19-25,Male,Germany,Tablet,WiFi,Premium,Video,2.7,38,214,33,88,67119,2485,Medium,9.7
8098,Snapchat,19-25,Female,Germany,Desktop,WiFi,Free,Image,1.1,15,587,156,74,65143,2915,High,5.0
8099,Instagram,13-18,Other,Germany,Desktop,WiFi,Free,Video,4.0,3,641,148,82,52288,3964,High,3.9
8100,YouTube,36-45,Other,Germany,Tablet,Mobile Data,Premium,Mixed,2.6,19,718,112,17,20598,2659,Medium,3.3
8101,Instagram,13-18,Male,Singapore,Desktop,Mobile Data,Free,Mixed,3.7,5,509,77,51,12273,1217,Low,7.8
8102,Twitter,46-60,Female,Germany,Tablet,WiFi,Free,Mixed,2.0,40,584,91,118,30605,769,Low,3.0
8103,Pinterest,26-35,Other,Germany,Desktop,Mobile Data,Premium,Image,3.3,20,505,123,112,74060,4099,High,3.8
8104,LinkedIn,13-18,Male,UAE,Mobile,Mobile Data,Free,Video,4.1,8,53,44,119,70136,4154,High,1.4
8105,Instagram,46-60,Male,Australia,Tablet,Mobile Data,Free,Image,2.8,11,7,28,12,37144,3449,Medium,8.1
8106,LinkedIn,46-60,Female,Singapore,Tablet,Mobile Data,Free,Text,1.8,16,273,25,102,70172,4133,Medium,9.8
8107,Instagram,46-60,Other,Singapore,Tablet,Mobile Data,Free,Mixed,2.4,39,104,110,7,45174,3505,Medium,3.2
8108,YouTube,19-25,Other,Brazil,Tablet,WiFi,Premium,Video,4.0,1,396,62,75,58641,1973,Low,9.3
8109,Twitter,19-25,Male,UK,Desktop,Mobile Data,Premium,Video,3.3,4,435,25,2,71270,1136,Low,6.4
8110,Pinterest,36-45,Female,India,Mobile,Mobile Data,Free,Mixed,1.3,6,575,192,26,21911,3560,Medium,7.3
8111,LinkedIn,13-18,Male,UK,Desktop,Mobile Data,Premium,Image,1.7,25,106,17,103,24773,4480,High,7.4
8112,Pinterest,19-25,Female,UAE,Desktop,WiFi,Premium,Mixed,4.0,26,126,139,105,5736,425,Low,3.0
8113,LinkedIn,36-45,Female,Germany,Mobile,Mobile Data,Premium,Text,5.2,20,521,101,107,2666,4480,High,8.8
8114,Facebook,36-45,Female,USA,Desktop,WiFi,Premium,Mixed,0.2,30,56,175,21,87449,4009,High,5.7
8115,LinkedIn,26-35,Male,Canada,Desktop,Mobile Data,Premium,Video,5.4,16,249,161,108,54815,1142,High,5.4
8116,YouTube,46-60,Other,USA,Tablet,Mobile Data,Premium,Video,5.9,32,706,114,144,22267,2898,High,7.1
8117,Facebook,36-45,Other,Canada,Desktop,Mobile Data,Free,Image,3.6,34,679,81,127,19631,4466,High,6.9
8118,TikTok,26-35,Other,UAE,Mobile,WiFi,Premium,Text,0.7,29,632,49,133,6969,3627,Medium,2.0
8119,Instagram,60+,Other,India,Tablet,Mobile Data,Free,Image,4.9,39,593,64,37,8122,4568,Low,6.1
8120,Pinterest,19-25,Other,Canada,Tablet,WiFi,Free,Video,4.0,33,797,32,66,27422,799,High,5.9
8121,Reddit,13-18,Other,Germany,Mobile,Mobile Data,Premium,Image,5.3,0,375,55,132,87398,541,Low,6.4
8122,Twitter,13-18,Male,Japan,Desktop,WiFi,Free,Mixed,0.4,35,605,168,83,85923,4127,Medium,3.2
8123,Reddit,19-25,Male,Brazil,Desktop,Mobile Data,Premium,Mixed,0.5,15,469,87,10,21863,949,Medium,3.2
8124,Facebook,46-60,Other,UK,Tablet,Mobile Data,Free,Image,5.0,13,642,112,17,73095,1687,High,3.7
8125,TikTok,26-35,Other,India,Tablet,Mobile Data,Free,Mixed,3.0,14,114,116,121,68647,3424,Medium,8.0
8126,Instagram,13-18,Female,Germany,Desktop,Mobile Data,Premium,Text,2.2,14,406,134,105,80522,2411,High,1.5
8127,YouTube,60+,Female,UK,Tablet,WiFi,Free,Video,1.2,3,413,74,18,83543,2610,Medium,3.7
8128,YouTube,26-35,Female,Canada,Mobile,Mobile Data,Free,Mixed,1.3,14,103,91,5,51163,2732,High,2.3
8129,Snapchat,36-45,Female,Australia,Tablet,WiFi,Free,Video,0.9,32,760,25,100,70860,2890,High,4.4
8130,Twitter,46-60,Male,Australia,Mobile,Mobile Data,Free,Mixed,4.0,10,155,172,67,85031,2468,High,3.1
8131,Snapchat,46-60,Male,Japan,Desktop,WiFi,Premium,Text,6.0,4,558,121,5,1894,3863,High,1.6
8132,Pinterest,19-25,Male,Brazil,Desktop,Mobile Data,Free,Mixed,3.0,25,530,62,80,70052,4670,High,3.9
8133,TikTok,36-45,Female,Australia,Mobile,Mobile Data,Free,Mixed,5.3,17,519,86,15,58997,184,High,5.0
8134,TikTok,46-60,Female,Australia,Tablet,WiFi,Free,Video,3.5,0,94,198,97,34149,669,Medium,3.4
8135,Instagram,26-35,Male,Japan,Tablet,Mobile Data,Free,Text,2.7,32,134,148,22,94305,4880,High,3.2
8136,Twitter,46-60,Female,Singapore,Desktop,WiFi,Free,Mixed,2.1,5,147,92,144,91429,338,Medium,5.7
8137,Facebook,26-35,Other,UAE,Tablet,WiFi,Free,Mixed,5.2,34,329,166,115,30178,4047,Low,4.6
8138,Reddit,60+,Other,Brazil,Desktop,Mobile Data,Free,Mixed,3.6,5,649,184,95,58459,3832,High,3.6
8139,Twitter,13-18,Male,Japan,Tablet,WiFi,Premium,Image,4.4,13,787,20,75,57079,530,Medium,9.5
8140,Twitter,36-45,Male,USA,Mobile,Mobile Data,Free,Video,2.0,19,370,174,34,1439,3005,Low,10.0
8141,TikTok,36-45,Female,UK,Mobile,Mobile Data,Premium,Text,1.3,25,592,74,118,22212,4379,High,6.2
8142,Pinterest,60+,Male,Japan,Tablet,WiFi,Free,Mixed,5.7,7,772,64,25,89180,2006,Low,5.3
8143,Twitter,19-25,Other,Australia,Desktop,Mobile Data,Free,Text,0.4,23,723,95,115,58942,1484,Medium,2.4
8144,Instagram,19-25,Female,UAE,Desktop,WiFi,Free,Mixed,5.5,32,737,76,46,75471,4916,Medium,7.9
8145,LinkedIn,26-35,Other,Japan,Tablet,WiFi,Free,Mixed,3.0,10,646,70,44,1645,2216,High,1.0
8146,LinkedIn,26-35,Other,Singapore,Mobile,Mobile Data,Premium,Mixed,0.5,23,37,97,15,30552,2005,Low,4.3
8147,Pinterest,19-25,Male,USA,Mobile,WiFi,Premium,Text,1.5,22,507,82,52,37494,1267,High,1.0
8148,Facebook,13-18,Male,Australia,Desktop,Mobile Data,Premium,Mixed,0.9,37,754,24,37,2451,1264,Medium,9.6
8149,Reddit,60+,Male,Japan,Tablet,WiFi,Premium,Image,5.0,26,383,190,40,10366,1491,High,6.1
8150,Instagram,36-45,Other,India,Desktop,Mobile Data,Premium,Text,5.8,16,176,49,68,42408,3325,High,6.1
8151,Instagram,26-35,Other,Singapore,Tablet,Mobile Data,Premium,Mixed,2.5,15,718,30,130,81297,3364,Low,9.1
8152,TikTok,36-45,Male,Brazil,Desktop,WiFi,Free,Image,2.0,3,494,0,56,43796,1317,High,4.2
8153,Twitter,26-35,Male,India,Desktop,Mobile Data,Free,Mixed,1.8,17,754,188,13,73656,2592,Low,3.3
8154,Facebook,26-35,Other,Singapore,Desktop,Mobile Data,Premium,Video,3.8,16,149,107,68,66380,4851,High,8.8
8155,TikTok,26-35,Male,Germany,Tablet,Mobile Data,Premium,Mixed,3.7,26,611,13,55,41532,3388,High,1.8
8156,Instagram,13-18,Other,Brazil,Desktop,WiFi,Free,Mixed,2.4,3,379,184,122,9550,3237,Medium,5.7
8157,Instagram,19-25,Other,Australia,Tablet,Mobile Data,Free,Image,4.7,39,480,124,39,17726,2949,High,3.9
8158,Snapchat,36-45,Female,Japan,Mobile,Mobile Data,Free,Mixed,4.0,21,422,144,103,62449,2774,Low,6.0
8159,Snapchat,19-25,Female,Canada,Mobile,WiFi,Premium,Video,1.0,24,725,111,144,60222,3168,Medium,4.4
8160,YouTube,19-25,Male,Singapore,Desktop,WiFi,Free,Text,5.6,7,109,132,143,37681,2045,Low,1.8
8161,Twitter,36-45,Male,Japan,Tablet,Mobile Data,Free,Image,4.2,9,505,1,46,50104,4797,Low,5.3
8162,Twitter,13-18,Other,India,Desktop,Mobile Data,Premium,Mixed,3.3,21,572,100,144,98547,1949,High,5.7
8163,Reddit,60+,Male,Singapore,Mobile,WiFi,Premium,Mixed,3.9,7,740,49,110,52976,4252,Low,3.8
8164,YouTube,46-60,Female,Japan,Tablet,WiFi,Free,Mixed,2.3,39,69,52,48,24586,4588,Medium,3.5
8165,Instagram,46-60,Other,Singapore,Tablet,WiFi,Free,Text,1.6,31,326,38,128,79171,3430,Medium,4.8
8166,Twitter,46-60,Other,Australia,Mobile,Mobile Data,Premium,Image,1.8,22,203,102,136,17547,1033,High,7.4
8167,Facebook,26-35,Other,Japan,Desktop,WiFi,Free,Text,5.5,35,208,120,109,93251,1563,Medium,4.3
8168,TikTok,26-35,Other,USA,Desktop,WiFi,Premium,Text,4.8,19,60,44,68,84917,1267,High,6.0
8169,Snapchat,13-18,Female,UAE,Desktop,Mobile Data,Premium,Image,5.8,5,396,189,104,10609,4066,Low,8.8
8170,Snapchat,60+,Male,UK,Tablet,WiFi,Free,Image,3.3,35,602,103,141,3447,4684,Low,6.1
8171,Pinterest,36-45,Other,Singapore,Desktop,WiFi,Premium,Mixed,5.1,9,569,70,46,78574,2463,Low,1.1
8172,Facebook,36-45,Other,India,Tablet,Mobile Data,Free,Image,0.5,11,692,153,41,11264,1990,Medium,4.3
8173,Snapchat,26-35,Male,Brazil,Mobile,WiFi,Premium,Video,3.0,24,359,166,74,85304,895,High,2.9
8174,TikTok,36-45,Other,India,Mobile,WiFi,Free,Text,4.2,28,372,81,77,68242,4889,Low,6.3
8175,Instagram,46-60,Other,Singapore,Mobile,Mobile Data,Free,Text,4.1,26,715,60,112,38948,4233,Medium,6.5
8176,Reddit,36-45,Other,Japan,Mobile,WiFi,Premium,Image,2.7,14,386,171,52,70688,3909,Low,5.3
8177,LinkedIn,36-45,Male,Germany,Desktop,WiFi,Free,Image,5.3,28,504,1,6,45094,3613,High,6.6
8178,Reddit,60+,Female,Canada,Mobile,Mobile Data,Free,Text,0.3,21,401,53,114,14572,858,Low,0.8
8179,Reddit,26-35,Male,UK,Desktop,WiFi,Free,Video,4.8,35,796,32,17,15697,3110,High,2.5
8180,Twitter,60+,Female,UK,Desktop,Mobile Data,Premium,Text,1.3,35,630,178,146,32142,2948,Medium,9.8
8181,YouTube,60+,Male,Germany,Tablet,Mobile Data,Free,Image,5.4,26,581,53,138,24178,3302,Low,8.0
8182,YouTube,26-35,Male,Singapore,Tablet,Mobile Data,Free,Mixed,0.2,13,230,114,81,78235,2938,Medium,9.9
8183,Facebook,26-35,Male,Singapore,Mobile,Mobile Data,Premium,Image,1.3,18,494,87,24,27408,1248,Low,9.4
8184,LinkedIn,60+,Female,UK,Tablet,WiFi,Premium,Video,1.2,23,538,177,63,44004,2127,Low,6.2
8185,TikTok,13-18,Male,UK,Desktop,WiFi,Free,Image,0.9,15,599,152,35,56472,1481,Medium,8.3
8186,YouTube,13-18,Male,Japan,Desktop,Mobile Data,Free,Text,0.3,21,372,200,63,78562,4199,High,8.7
8187,TikTok,46-60,Male,Japan,Mobile,Mobile Data,Free,Text,4.1,8,649,46,61,2604,945,Low,6.8
8188,Facebook,13-18,Male,Brazil,Tablet,Mobile Data,Premium,Video,3.7,13,335,90,127,83046,4224,Medium,1.6
8189,Twitter,36-45,Male,UAE,Tablet,WiFi,Free,Image,1.6,33,618,19,56,82104,4143,Medium,6.9
8190,Pinterest,36-45,Female,Australia,Tablet,Mobile Data,Free,Image,0.7,3,360,4,138,55720,4828,Medium,8.2
8191,Snapchat,19-25,Male,Canada,Tablet,Mobile Data,Free,Image,1.2,19,396,172,36,28051,3385,Medium,6.8
8192,Reddit,13-18,Female,Brazil,Mobile,WiFi,Premium,Image,1.0,29,288,131,4,84592,4289,Medium,4.0
8193,Instagram,26-35,Other,Canada,Mobile,Mobile Data,Premium,Video,3.1,10,657,108,70,60456,2412,Medium,3.3
8194,Pinterest,13-18,Male,UK,Tablet,WiFi,Premium,Text,0.3,11,783,2,138,64454,1802,Medium,7.0
8195,Facebook,60+,Other,UAE,Tablet,WiFi,Free,Video,4.7,21,416,28,149,48951,67,Low,4.8
8196,LinkedIn,60+,Male,UK,Tablet,WiFi,Free,Video,3.6,19,598,125,62,15771,288,Low,7.1
8197,Twitter,46-60,Other,USA,Mobile,Mobile Data,Premium,Mixed,0.7,15,109,101,66,9324,2691,Low,7.7
8198,Twitter,19-25,Female,India,Desktop,Mobile Data,Premium,Text,0.8,25,636,31,11,37046,3417,High,1.5
8199,TikTok,46-60,Male,USA,Desktop,WiFi,Free,Video,4.5,37,680,127,121,8099,4697,Low,1.0
8200,Reddit,36-45,Other,Singapore,Tablet,WiFi,Free,Mixed,3.3,17,505,58,55,5001,4172,High,2.9
8201,TikTok,13-18,Female,India,Tablet,Mobile Data,Free,Mixed,5.7,25,690,23,37,30646,4455,Low,7.0
8202,Twitter,36-45,Other,India,Tablet,WiFi,Premium,Mixed,3.7,35,184,115,23,48017,2271,High,3.7
8203,LinkedIn,19-25,Male,Canada,Desktop,WiFi,Premium,Text,1.6,32,22,44,19,49996,571,High,2.7
8204,Pinterest,46-60,Male,India,Tablet,Mobile Data,Premium,Image,0.9,32,124,185,70,25496,3947,High,9.7
8205,Facebook,46-60,Female,UK,Desktop,WiFi,Premium,Video,5.1,3,697,55,23,84079,4359,High,7.3
8206,TikTok,46-60,Other,Canada,Mobile,Mobile Data,Free,Image,5.8,28,335,40,13,43764,3375,High,3.2
8207,Reddit,36-45,Other,India,Tablet,WiFi,Free,Video,4.1,36,250,142,68,24136,1722,High,2.0
8208,YouTube,26-35,Other,Canada,Desktop,Mobile Data,Free,Mixed,3.3,22,395,100,13,35880,2957,High,3.2
8209,Twitter,19-25,Other,USA,Mobile,WiFi,Premium,Text,5.3,25,321,195,83,54911,1946,Low,0.6
8210,Reddit,36-45,Male,USA,Tablet,Mobile Data,Premium,Video,2.1,40,258,46,117,5923,2212,Low,3.9
8211,Twitter,46-60,Other,Australia,Mobile,Mobile Data,Premium,Video,1.6,4,625,117,3,86242,4965,High,1.3
8212,LinkedIn,13-18,Other,UAE,Desktop,Mobile Data,Free,Text,5.6,26,761,45,90,98977,54,Low,9.0
8213,Reddit,13-18,Female,USA,Tablet,WiFi,Free,Text,5.6,32,740,37,19,7953,611,Low,4.0
8214,Pinterest,19-25,Other,USA,Desktop,WiFi,Free,Mixed,1.9,25,734,45,69,16429,2417,Low,7.6
8215,LinkedIn,36-45,Other,Japan,Tablet,Mobile Data,Premium,Image,5.3,35,686,55,99,3408,1803,Low,7.5
8216,LinkedIn,60+,Male,UAE,Desktop,WiFi,Premium,Image,4.5,17,328,40,134,2870,4849,Medium,7.4
8217,Pinterest,13-18,Other,Australia,Tablet,WiFi,Free,Mixed,6.0,35,557,156,142,99717,564,Medium,2.0
8218,LinkedIn,46-60,Female,Germany,Tablet,Mobile Data,Free,Text,1.6,4,159,62,11,55771,4948,High,2.6
8219,Pinterest,36-45,Male,India,Tablet,Mobile Data,Free,Mixed,5.0,30,464,105,49,74366,2162,Low,4.7
8220,Reddit,60+,Female,Japan,Tablet,WiFi,Premium,Video,5.5,14,420,5,100,58749,1903,Medium,6.9
8221,Reddit,36-45,Other,USA,Tablet,WiFi,Free,Mixed,3.5,37,621,187,55,40784,4025,Low,4.4
8222,Twitter,13-18,Male,Canada,Mobile,Mobile Data,Premium,Video,3.1,15,400,18,93,6057,3650,Low,4.3
8223,Snapchat,26-35,Female,UK,Mobile,Mobile Data,Premium,Text,3.5,24,379,129,51,59270,4430,Low,8.5
8224,YouTube,60+,Female,Canada,Tablet,WiFi,Premium,Mixed,0.6,35,362,43,138,20631,2616,Medium,5.1
8225,YouTube,60+,Other,Germany,Mobile,Mobile Data,Premium,Text,3.0,26,33,74,45,74230,1062,Medium,1.0
8226,LinkedIn,13-18,Male,Singapore,Desktop,Mobile Data,Premium,Text,3.8,16,701,167,40,62903,2524,Medium,6.2
8227,LinkedIn,13-18,Other,UK,Mobile,Mobile Data,Premium,Image,5.1,12,339,28,92,83459,444,Medium,0.5
8228,Reddit,36-45,Female,India,Desktop,Mobile Data,Free,Mixed,4.3,26,160,72,47,52996,616,Low,4.2
8229,Snapchat,60+,Other,Germany,Desktop,WiFi,Premium,Video,2.4,24,99,164,83,91225,3406,High,3.9
8230,Instagram,36-45,Female,Australia,Desktop,WiFi,Free,Image,4.3,14,420,91,123,67372,373,Medium,0.5
8231,LinkedIn,13-18,Male,UAE,Tablet,Mobile Data,Premium,Video,0.6,1,82,7,126,72649,3159,Medium,8.3
8232,Reddit,13-18,Other,Brazil,Tablet,Mobile Data,Free,Text,5.1,16,347,111,116,43134,1228,Low,7.2
8233,Twitter,36-45,Male,Singapore,Tablet,Mobile Data,Premium,Mixed,1.2,16,707,74,122,57508,2286,High,1.3
8234,Snapchat,36-45,Female,Canada,Desktop,WiFi,Premium,Text,3.3,32,309,27,126,54010,761,Low,5.8
8235,Instagram,19-25,Female,Japan,Desktop,WiFi,Free,Mixed,1.8,6,291,169,128,11902,4817,Medium,5.3
8236,TikTok,19-25,Male,Brazil,Tablet,Mobile Data,Premium,Video,0.6,29,445,191,0,26425,2208,Medium,3.2
8237,LinkedIn,26-35,Other,Australia,Tablet,WiFi,Free,Video,0.8,11,193,196,7,54986,4550,Low,7.1
8238,Snapchat,60+,Male,USA,Tablet,WiFi,Premium,Mixed,0.6,38,361,79,31,5055,4289,Medium,1.8
8239,Instagram,13-18,Other,UK,Desktop,Mobile Data,Free,Video,5.3,19,65,172,97,92869,4801,High,8.3
8240,YouTube,13-18,Male,Australia,Mobile,WiFi,Premium,Image,3.1,20,565,195,18,69593,3402,High,1.2
8241,YouTube,46-60,Other,Australia,Mobile,Mobile Data,Premium,Image,1.5,6,623,157,148,87015,2806,Low,1.7
8242,YouTube,36-45,Female,Germany,Mobile,Mobile Data,Premium,Image,0.6,34,166,38,5,98457,1315,High,7.4
8243,Pinterest,26-35,Female,Australia,Tablet,Mobile Data,Free,Image,1.1,32,757,128,130,11350,1614,High,6.2
8244,Twitter,19-25,Male,India,Desktop,Mobile Data,Premium,Mixed,0.4,36,342,43,27,43741,4880,Medium,4.6
8245,Reddit,26-35,Male,USA,Tablet,Mobile Data,Premium,Mixed,2.1,27,422,160,46,76516,2103,High,7.6
8246,Pinterest,60+,Male,Australia,Mobile,WiFi,Free,Image,2.6,17,117,155,64,17705,1337,Low,5.3
8247,Reddit,26-35,Female,Singapore,Tablet,Mobile Data,Premium,Mixed,5.3,6,199,153,1,68260,2659,High,4.4
8248,TikTok,46-60,Other,Germany,Mobile,WiFi,Premium,Image,4.9,29,777,182,52,34004,3490,Low,2.9
8249,Pinterest,46-60,Other,Brazil,Mobile,WiFi,Free,Mixed,2.1,9,182,150,97,53398,404,High,0.9
8250,Snapchat,13-18,Female,Australia,Tablet,Mobile Data,Free,Mixed,5.5,17,673,169,45,54925,4127,Low,1.9
8251,Snapchat,26-35,Female,India,Mobile,Mobile Data,Premium,Mixed,3.9,6,318,138,126,66737,1938,Low,2.2
8252,YouTube,19-25,Other,Singapore,Desktop,WiFi,Free,Mixed,4.5,40,92,151,31,98327,1343,Low,5.3
8253,TikTok,13-18,Other,Singapore,Mobile,WiFi,Premium,Text,3.2,29,427,96,68,6058,2707,Medium,4.6
8254,Facebook,60+,Female,India,Mobile,WiFi,Free,Video,3.5,38,288,2,95,46640,1225,High,0.8
8255,TikTok,19-25,Other,India,Desktop,WiFi,Premium,Image,4.1,6,465,195,132,48643,2128,High,1.1
8256,Facebook,46-60,Female,Germany,Mobile,Mobile Data,Free,Mixed,4.0,24,603,90,12,89085,2320,Medium,8.0
8257,Pinterest,46-60,Male,Canada,Mobile,Mobile Data,Free,Mixed,2.8,31,543,74,70,96773,1986,Medium,5.9
8258,Pinterest,46-60,Other,UAE,Tablet,WiFi,Premium,Text,1.3,22,351,76,13,27778,4181,Medium,7.1
8259,Facebook,26-35,Female,UAE,Tablet,WiFi,Premium,Image,5.7,16,166,110,139,8225,1369,Medium,4.2
8260,TikTok,46-60,Male,Canada,Desktop,Mobile Data,Free,Image,1.8,21,91,20,20,49327,4473,Medium,9.5
8261,Reddit,26-35,Other,Singapore,Tablet,WiFi,Premium,Image,0.6,34,355,184,41,41856,491,Low,1.7
8262,Instagram,19-25,Female,Australia,Desktop,Mobile Data,Free,Video,3.4,21,773,1,26,95101,2360,Low,3.0
8263,TikTok,19-25,Male,Australia,Tablet,Mobile Data,Premium,Video,4.2,0,463,144,79,61428,3994,Low,8.7
8264,Instagram,13-18,Female,UAE,Tablet,Mobile Data,Premium,Text,4.3,26,448,195,14,36247,1451,High,5.0
8265,LinkedIn,60+,Male,Germany,Desktop,WiFi,Premium,Video,0.4,26,719,180,125,58930,4171,Low,7.9
8266,Pinterest,46-60,Female,Brazil,Mobile,Mobile Data,Free,Video,2.2,13,182,163,142,91670,3467,High,3.4
8267,Twitter,46-60,Male,Canada,Desktop,Mobile Data,Premium,Image,0.8,33,112,5,137,28884,437,High,8.4
8268,Reddit,26-35,Other,USA,Mobile,WiFi,Premium,Mixed,3.5,2,604,172,16,90329,1278,Medium,2.4
8269,Pinterest,13-18,Female,UK,Tablet,WiFi,Free,Image,4.2,38,258,122,126,67697,3614,Low,8.4
8270,YouTube,19-25,Male,UK,Mobile,Mobile Data,Free,Text,3.6,26,138,86,91,98509,3900,Low,6.3
8271,Instagram,13-18,Female,UK,Tablet,WiFi,Free,Mixed,2.8,0,117,138,102,40773,1012,High,9.2
8272,Facebook,36-45,Other,Singapore,Mobile,WiFi,Premium,Mixed,4.4,16,77,180,13,53884,149,High,9.4
8273,LinkedIn,60+,Female,Singapore,Tablet,Mobile Data,Premium,Image,0.4,26,725,72,97,45830,1340,Low,6.4
8274,Facebook,19-25,Male,Singapore,Mobile,WiFi,Premium,Video,4.1,4,241,156,51,72690,3784,High,7.6
8275,Snapchat,19-25,Other,India,Desktop,Mobile Data,Free,Mixed,5.9,15,534,164,36,54129,3249,High,1.0
8276,Snapchat,46-60,Male,Australia,Desktop,Mobile Data,Free,Text,2.3,25,106,79,50,59597,2596,Medium,5.1
8277,YouTube,19-25,Male,UAE,Tablet,Mobile Data,Free,Text,4.2,1,695,171,47,47301,182,Medium,6.2
8278,Facebook,26-35,Female,India,Tablet,Mobile Data,Free,Text,2.1,26,367,12,39,84802,1665,Low,9.4
8279,Facebook,13-18,Other,Singapore,Tablet,WiFi,Premium,Video,5.6,9,582,63,88,4114,3933,Medium,7.9
8280,Pinterest,60+,Female,USA,Mobile,Mobile Data,Free,Mixed,1.1,29,217,35,148,53079,4951,High,1.3
8281,LinkedIn,60+,Other,USA,Mobile,Mobile Data,Premium,Image,0.8,40,781,19,109,41734,2414,High,4.7
8282,Facebook,26-35,Female,Japan,Desktop,Mobile Data,Free,Text,3.7,12,326,155,74,93852,3497,Medium,7.8
8283,Pinterest,60+,Female,Germany,Desktop,WiFi,Free,Mixed,5.3,27,395,186,1,74572,3599,High,5.4
8284,YouTube,60+,Other,UAE,Tablet,WiFi,Free,Image,1.2,1,480,137,47,33935,4844,High,6.9
8285,LinkedIn,60+,Female,UK,Desktop,WiFi,Free,Image,4.8,12,466,86,113,26859,1248,Low,4.7
8286,Pinterest,13-18,Female,Singapore,Desktop,Mobile Data,Premium,Mixed,3.8,7,246,149,80,23745,905,Low,1.0
8287,Snapchat,46-60,Male,UAE,Desktop,Mobile Data,Free,Mixed,4.5,14,279,140,64,38874,2066,High,1.0
8288,LinkedIn,36-45,Female,Brazil,Desktop,WiFi,Free,Mixed,5.2,20,621,1,29,58719,4888,Medium,3.4
8289,Twitter,13-18,Male,UK,Mobile,Mobile Data,Premium,Mixed,4.1,14,175,183,145,85017,1497,High,2.8
8290,Facebook,19-25,Female,Canada,Desktop,WiFi,Premium,Image,0.3,37,561,175,140,57376,687,Low,3.6
8291,TikTok,46-60,Male,UK,Tablet,Mobile Data,Premium,Video,5.2,27,439,179,99,59809,1579,Medium,5.0
8292,Twitter,46-60,Other,Australia,Desktop,WiFi,Free,Video,2.5,22,762,72,85,78227,2192,Low,4.9
8293,Facebook,36-45,Female,UK,Tablet,WiFi,Premium,Image,1.9,14,123,101,6,38152,478,Low,1.1
8294,Twitter,26-35,Other,UK,Desktop,WiFi,Free,Mixed,3.1,19,642,12,89,42878,4580,High,8.5
8295,Pinterest,19-25,Other,USA,Tablet,WiFi,Premium,Text,1.4,1,490,77,76,35493,4019,Low,9.7
8296,Reddit,46-60,Other,Australia,Mobile,Mobile Data,Free,Video,1.2,24,790,18,4,7357,4848,Medium,6.5
8297,Reddit,60+,Other,UK,Tablet,Mobile Data,Free,Mixed,0.8,37,377,191,90,69642,1228,Low,9.2
8298,Snapchat,26-35,Female,Singapore,Desktop,WiFi,Premium,Image,0.3,22,470,81,115,22998,2696,Medium,5.5
8299,LinkedIn,46-60,Female,Brazil,Tablet,WiFi,Premium,Image,5.9,11,71,136,85,30139,4116,Low,7.2
8300,Reddit,60+,Other,Australia,Tablet,Mobile Data,Free,Mixed,1.2,36,30,171,84,17124,4456,Medium,0.7
8301,Reddit,60+,Male,USA,Desktop,Mobile Data,Premium,Text,3.8,39,796,149,47,86033,2096,Low,9.0
8302,TikTok,19-25,Other,UAE,Mobile,Mobile Data,Free,Mixed,1.0,7,312,56,71,9076,407,High,7.0
8303,LinkedIn,19-25,Other,Singapore,Desktop,WiFi,Free,Mixed,0.5,18,762,60,97,71325,2528,Low,9.6
8304,Facebook,60+,Female,UK,Mobile,Mobile Data,Premium,Image,0.6,28,134,129,77,20470,1520,Low,5.6
8305,Snapchat,36-45,Male,UAE,Mobile,Mobile Data,Premium,Video,5.5,28,28,165,6,89804,4521,Low,2.5
8306,Twitter,13-18,Male,UK,Mobile,WiFi,Premium,Image,2.0,36,72,35,114,88609,207,High,1.5
8307,Snapchat,26-35,Female,Canada,Desktop,Mobile Data,Premium,Text,0.6,17,299,30,2,22891,4194,High,7.5
8308,TikTok,46-60,Other,Japan,Mobile,Mobile Data,Premium,Text,4.0,11,313,105,62,11419,3111,Medium,5.1
8309,LinkedIn,13-18,Male,Germany,Mobile,WiFi,Premium,Mixed,2.1,26,102,162,46,14552,2082,Medium,9.5
8310,LinkedIn,46-60,Male,Canada,Mobile,Mobile Data,Premium,Video,2.1,34,567,178,37,2443,2967,Medium,1.0
8311,LinkedIn,13-18,Female,UK,Mobile,Mobile Data,Free,Image,3.8,4,625,53,42,46841,257,Low,6.9
8312,Twitter,60+,Male,Canada,Mobile,Mobile Data,Free,Text,2.7,12,123,4,59,75631,2166,Medium,7.9
8313,Twitter,13-18,Female,Australia,Tablet,WiFi,Premium,Text,4.7,16,205,199,70,32619,2402,Medium,3.1
8314,TikTok,36-45,Other,USA,Desktop,WiFi,Premium,Image,3.6,11,74,77,108,43211,3588,Low,4.4
8315,Facebook,60+,Other,India,Desktop,WiFi,Free,Image,4.8,34,231,30,88,53108,2768,Medium,5.8
8316,Pinterest,13-18,Male,Brazil,Tablet,WiFi,Premium,Mixed,3.8,32,299,6,70,60971,3797,High,7.6
8317,YouTube,46-60,Other,Japan,Mobile,Mobile Data,Premium,Video,4.5,19,675,97,87,47836,2073,High,0.5
8318,Instagram,19-25,Male,USA,Desktop,Mobile Data,Premium,Image,5.7,30,318,169,49,87083,4378,Low,0.9
8319,YouTube,26-35,Male,UK,Desktop,WiFi,Free,Video,3.8,4,34,12,46,54784,2707,Low,3.2
8320,TikTok,13-18,Female,Japan,Desktop,Mobile Data,Free,Video,4.0,9,144,33,60,88774,3755,Low,7.2
8321,YouTube,26-35,Male,Singapore,Mobile,Mobile Data,Free,Text,4.6,36,88,38,31,97426,4813,Medium,1.9
8322,Pinterest,13-18,Male,Australia,Tablet,Mobile Data,Premium,Mixed,3.8,7,157,33,79,20071,3340,High,2.7
8323,Instagram,19-25,Other,Germany,Tablet,WiFi,Premium,Video,5.4,20,583,147,18,96127,3244,Low,9.2
8324,Instagram,60+,Female,UAE,Desktop,WiFi,Free,Text,5.7,38,94,198,16,27763,4936,Medium,1.9
8325,TikTok,46-60,Other,Brazil,Tablet,WiFi,Free,Image,3.9,33,389,96,98,67051,1274,Low,2.6
8326,Facebook,46-60,Female,India,Mobile,WiFi,Free,Video,4.2,21,282,17,59,16601,3590,Low,6.6
8327,TikTok,46-60,Other,Japan,Desktop,Mobile Data,Free,Text,3.4,18,742,70,30,44401,3649,Medium,5.0
8328,Instagram,26-35,Other,Australia,Mobile,WiFi,Free,Image,5.2,33,615,92,0,83093,2440,Low,7.9
8329,YouTube,60+,Male,Canada,Desktop,WiFi,Free,Image,4.0,20,623,78,111,70893,4016,Low,2.9
8330,YouTube,13-18,Male,Brazil,Desktop,Mobile Data,Premium,Mixed,5.9,1,270,187,103,78874,289,High,8.6
8331,YouTube,46-60,Other,Singapore,Tablet,Mobile Data,Free,Image,4.4,4,64,50,38,3019,1248,Low,8.8
8332,LinkedIn,26-35,Male,Japan,Desktop,Mobile Data,Free,Mixed,2.8,0,62,125,33,69374,3060,Low,2.6
8333,Twitter,13-18,Other,Germany,Desktop,WiFi,Premium,Mixed,2.9,20,326,57,122,36511,3607,High,3.4
8334,Twitter,19-25,Other,UAE,Tablet,Mobile Data,Premium,Mixed,1.0,6,742,46,139,98534,2545,Low,9.3
8335,Twitter,46-60,Male,India,Desktop,Mobile Data,Premium,Text,0.2,23,115,178,0,25452,3197,High,4.9
8336,Reddit,60+,Male,UAE,Desktop,WiFi,Free,Video,3.1,11,255,173,58,48043,2723,Low,9.7
8337,Reddit,36-45,Female,Brazil,Mobile,Mobile Data,Premium,Video,3.6,17,437,8,51,18239,804,Low,7.7
8338,Snapchat,26-35,Other,Canada,Desktop,Mobile Data,Free,Video,2.4,34,540,132,31,18493,4312,High,1.6
8339,LinkedIn,46-60,Male,Japan,Tablet,WiFi,Premium,Image,0.7,11,533,177,119,16382,500,Low,6.7
8340,TikTok,36-45,Female,Australia,Desktop,WiFi,Premium,Mixed,2.6,39,152,69,54,84220,1387,High,8.9
8341,TikTok,26-35,Other,Australia,Desktop,WiFi,Premium,Video,4.9,38,58,123,10,59818,1531,High,4.0
8342,Instagram,26-35,Male,Singapore,Tablet,WiFi,Free,Image,1.2,26,29,165,95,20154,2421,Low,6.9
8343,Instagram,26-35,Other,Australia,Mobile,WiFi,Premium,Text,3.0,0,350,186,80,51019,4691,High,8.4
8344,Pinterest,36-45,Other,Canada,Desktop,Mobile Data,Premium,Video,3.4,28,450,175,92,32137,4246,High,8.0
8345,Pinterest,46-60,Female,Australia,Desktop,Mobile Data,Free,Video,1.3,38,592,117,109,28158,88,Low,4.0
8346,Snapchat,13-18,Male,Brazil,Tablet,WiFi,Premium,Mixed,4.6,24,468,121,50,52269,4691,Low,6.3
8347,Facebook,13-18,Other,Brazil,Mobile,Mobile Data,Free,Mixed,4.9,30,205,30,136,50283,610,High,2.2
8348,Facebook,46-60,Male,Canada,Tablet,WiFi,Premium,Video,6.0,9,64,13,94,29699,2598,Low,3.3
8349,Instagram,13-18,Female,UAE,Mobile,Mobile Data,Premium,Image,3.4,6,435,139,57,70190,356,Medium,6.0
8350,LinkedIn,46-60,Male,Japan,Tablet,WiFi,Premium,Image,5.0,35,310,41,67,63856,678,Medium,0.8
8351,YouTube,46-60,Other,Singapore,Desktop,WiFi,Free,Image,4.9,16,331,158,51,14882,2040,High,1.8
8352,LinkedIn,13-18,Male,India,Tablet,Mobile Data,Premium,Mixed,1.7,27,393,165,108,86066,1780,Medium,5.4
8353,Reddit,36-45,Other,Singapore,Desktop,Mobile Data,Free,Video,3.6,31,18,58,54,73707,4356,Medium,6.6
8354,LinkedIn,13-18,Female,Australia,Desktop,WiFi,Premium,Image,1.9,21,583,194,71,93844,2920,High,4.3
8355,YouTube,60+,Other,UK,Desktop,Mobile Data,Free,Image,1.7,32,645,165,116,7068,4663,Medium,2.5
8356,Pinterest,26-35,Male,Canada,Mobile,Mobile Data,Free,Video,5.3,27,201,192,93,8477,4382,High,3.7
8357,Instagram,19-25,Other,UAE,Desktop,Mobile Data,Free,Mixed,3.9,38,589,177,15,44738,4458,Low,1.5
8358,Facebook,60+,Other,Germany,Mobile,WiFi,Free,Mixed,0.5,11,215,29,88,48059,1769,Low,4.0
8359,Reddit,26-35,Female,Japan,Desktop,Mobile Data,Free,Video,3.0,31,698,26,37,72098,236,Low,4.0
8360,YouTube,46-60,Other,Australia,Desktop,WiFi,Free,Text,4.4,9,218,146,49,48863,4041,Medium,1.8
8361,TikTok,60+,Male,Japan,Tablet,WiFi,Premium,Mixed,5.7,22,555,93,6,61918,1637,High,6.1
8362,YouTube,36-45,Male,UK,Mobile,WiFi,Free,Mixed,3.3,37,459,185,85,16608,1284,High,2.3
8363,Instagram,36-45,Female,Australia,Mobile,WiFi,Premium,Text,2.3,30,587,80,76,27162,4876,High,3.7
8364,Instagram,36-45,Other,Canada,Desktop,Mobile Data,Free,Image,2.8,9,24,64,149,23250,3652,Medium,2.8
8365,Instagram,13-18,Other,Singapore,Desktop,Mobile Data,Premium,Image,3.6,29,560,93,41,4250,2588,Low,1.0
8366,Facebook,46-60,Male,UK,Desktop,WiFi,Free,Video,5.0,28,382,117,7,40383,341,Medium,7.5
8367,Pinterest,19-25,Other,Singapore,Desktop,WiFi,Free,Video,4.8,3,403,54,122,33271,4677,Medium,1.3
8368,Facebook,46-60,Male,India,Mobile,Mobile Data,Premium,Text,4.8,14,352,190,97,18122,3221,Low,2.8
8369,LinkedIn,36-45,Other,Singapore,Desktop,Mobile Data,Free,Image,2.6,32,467,159,142,80289,4147,Medium,7.6
8370,Snapchat,46-60,Male,Australia,Mobile,Mobile Data,Free,Mixed,4.1,38,486,100,86,18712,2156,Low,8.8
8371,Instagram,46-60,Male,Brazil,Desktop,WiFi,Premium,Video,6.0,39,379,158,30,41094,3878,High,8.9
8372,LinkedIn,46-60,Male,UAE,Mobile,WiFi,Free,Mixed,5.1,13,555,135,114,89590,766,Low,9.8
8373,Instagram,13-18,Male,UK,Mobile,Mobile Data,Free,Text,2.7,22,416,28,81,1098,3350,Low,3.9
8374,Facebook,46-60,Female,India,Mobile,WiFi,Premium,Image,4.5,8,599,157,94,46069,3992,High,2.6
8375,TikTok,26-35,Female,Australia,Tablet,WiFi,Premium,Image,5.1,6,235,107,149,57064,3141,High,5.5
8376,Instagram,60+,Male,Brazil,Desktop,WiFi,Free,Text,4.8,8,598,26,8,55849,2733,Medium,1.3
8377,YouTube,46-60,Male,Brazil,Mobile,Mobile Data,Free,Mixed,4.0,22,615,163,98,40699,4528,High,6.4
8378,LinkedIn,13-18,Male,UK,Desktop,Mobile Data,Free,Text,0.6,11,170,187,52,44851,2722,Low,1.5
8379,Facebook,46-60,Other,Canada,Tablet,WiFi,Free,Text,3.4,21,716,159,21,30294,4624,High,4.2
8380,LinkedIn,19-25,Other,India,Desktop,WiFi,Free,Text,3.0,31,691,117,32,75601,2575,Low,5.6
8381,YouTube,60+,Male,Australia,Mobile,Mobile Data,Free,Image,2.9,14,23,33,24,44914,1323,High,4.8
8382,LinkedIn,46-60,Other,Australia,Desktop,WiFi,Free,Video,3.8,20,703,171,9,95547,2545,High,5.7
8383,Reddit,26-35,Male,India,Mobile,Mobile Data,Premium,Mixed,6.0,8,559,84,105,97844,465,Low,9.1
8384,Instagram,13-18,Other,Singapore,Mobile,WiFi,Premium,Video,0.4,19,252,64,139,23797,1700,Medium,2.6
8385,Pinterest,26-35,Female,USA,Mobile,Mobile Data,Premium,Video,2.4,38,670,200,20,49479,2923,High,1.5
8386,Reddit,60+,Female,India,Mobile,WiFi,Free,Mixed,5.5,22,452,3,2,32838,4644,Medium,1.8
8387,Reddit,46-60,Female,USA,Mobile,Mobile Data,Premium,Text,2.3,2,280,50,77,25244,590,Medium,3.8
8388,TikTok,26-35,Other,India,Desktop,Mobile Data,Free,Video,5.4,24,718,138,40,46921,3389,Low,8.6
8389,Twitter,36-45,Other,Singapore,Mobile,Mobile Data,Free,Text,1.5,0,93,103,29,75158,4071,Low,2.5
8390,Pinterest,36-45,Male,UAE,Tablet,Mobile Data,Premium,Video,5.6,2,420,138,100,24180,4421,Medium,3.1
8391,Snapchat,13-18,Other,Canada,Mobile,Mobile Data,Free,Mixed,1.2,29,416,186,30,9454,2209,Low,3.4
8392,Pinterest,26-35,Other,India,Mobile,Mobile Data,Free,Mixed,0.5,20,733,47,83,38066,999,Low,6.3
8393,Pinterest,46-60,Male,Singapore,Desktop,Mobile Data,Free,Image,1.6,38,763,5,22,72414,789,Low,2.0
8394,Snapchat,46-60,Male,Japan,Tablet,WiFi,Premium,Video,1.3,38,498,148,0,66953,151,Medium,5.4
8395,LinkedIn,60+,Female,Germany,Mobile,WiFi,Free,Mixed,1.5,31,241,92,49,99882,1141,High,5.9
8396,Instagram,13-18,Male,Germany,Mobile,Mobile Data,Premium,Mixed,1.8,40,794,92,12,11243,610,Low,6.8
8397,Snapchat,19-25,Female,Australia,Tablet,Mobile Data,Free,Text,2.9,40,225,64,81,28915,4673,Low,7.5
8398,TikTok,13-18,Other,UK,Mobile,Mobile Data,Premium,Mixed,1.6,18,720,114,133,56160,456,Low,2.6
8399,Reddit,13-18,Female,Brazil,Desktop,Mobile Data,Premium,Image,4.3,14,271,16,42,46297,1023,High,6.5
8400,YouTube,46-60,Other,India,Desktop,WiFi,Free,Text,0.7,24,787,34,48,79786,4966,High,0.6
8401,Twitter,19-25,Female,USA,Tablet,WiFi,Premium,Text,0.5,5,243,142,139,15162,3998,Medium,0.5
8402,Reddit,36-45,Other,Brazil,Tablet,Mobile Data,Premium,Mixed,3.6,35,69,18,105,15675,176,Low,6.1
8403,Snapchat,26-35,Female,Singapore,Tablet,Mobile Data,Free,Mixed,4.1,23,590,137,145,72924,4594,Low,5.2
8404,Snapchat,19-25,Male,Brazil,Desktop,Mobile Data,Free,Mixed,3.4,25,341,31,67,62067,2870,Medium,7.7
8405,Twitter,13-18,Female,Australia,Tablet,WiFi,Free,Mixed,0.9,15,112,129,36,68403,182,Low,5.3
8406,TikTok,26-35,Female,Japan,Mobile,Mobile Data,Premium,Image,2.5,30,728,30,24,33083,4725,High,9.3
8407,TikTok,36-45,Other,Germany,Tablet,Mobile Data,Premium,Image,4.7,23,643,16,24,53966,2037,Low,8.1
8408,YouTube,46-60,Other,Canada,Tablet,Mobile Data,Premium,Image,5.8,11,501,156,36,16784,4764,Low,4.3
8409,LinkedIn,19-25,Other,Japan,Desktop,Mobile Data,Free,Image,4.9,40,242,74,19,73746,4588,High,0.6
8410,Twitter,13-18,Male,Australia,Tablet,Mobile Data,Free,Video,1.8,40,21,3,87,58774,3999,Medium,1.8
8411,Snapchat,36-45,Male,Germany,Tablet,Mobile Data,Free,Video,1.7,15,767,17,61,57811,2753,High,0.8
8412,Pinterest,13-18,Male,Brazil,Desktop,WiFi,Free,Image,3.9,16,740,58,36,45638,229,Low,8.1
8413,Reddit,26-35,Female,UK,Desktop,Mobile Data,Free,Video,1.8,13,26,138,132,41805,1891,Medium,9.2
8414,Pinterest,36-45,Female,Singapore,Desktop,Mobile Data,Premium,Image,3.4,31,71,183,74,50779,2690,Medium,1.3
8415,Reddit,26-35,Male,Singapore,Desktop,Mobile Data,Premium,Mixed,2.0,5,35,198,92,60827,989,Low,2.4
8416,Reddit,19-25,Female,Germany,Tablet,WiFi,Free,Video,3.1,32,701,47,15,755,1008,Low,2.8
8417,Facebook,26-35,Male,Japan,Mobile,Mobile Data,Free,Video,1.3,25,605,170,110,58652,513,High,7.3
8418,Twitter,19-25,Female,USA,Mobile,Mobile Data,Free,Image,4.9,0,492,37,143,8264,3025,High,5.0
8419,Twitter,26-35,Female,UAE,Desktop,Mobile Data,Free,Video,0.6,30,565,167,102,52100,1539,Medium,10.0
8420,TikTok,36-45,Male,India,Desktop,Mobile Data,Premium,Image,3.1,14,277,66,36,17585,495,Medium,5.8
8421,YouTube,36-45,Other,USA,Tablet,WiFi,Free,Image,3.9,20,139,157,41,69050,120,High,1.4
8422,Twitter,19-25,Other,USA,Desktop,Mobile Data,Premium,Mixed,0.5,25,88,69,148,4640,868,High,6.4
8423,Snapchat,19-25,Male,Japan,Desktop,Mobile Data,Free,Mixed,1.9,19,755,138,106,45024,4243,High,5.2
8424,Snapchat,13-18,Male,Brazil,Desktop,Mobile Data,Free,Image,3.0,28,162,64,23,65935,2335,Low,4.0
8425,LinkedIn,36-45,Female,UK,Mobile,Mobile Data,Premium,Mixed,5.9,8,709,12,86,37849,2068,Low,4.7
8426,YouTube,36-45,Male,UK,Mobile,Mobile Data,Premium,Image,5.0,14,15,29,96,18530,1509,High,6.0
8427,Snapchat,60+,Other,India,Desktop,Mobile Data,Free,Video,2.5,20,282,60,100,16382,1068,Medium,5.9
8428,Pinterest,60+,Male,Brazil,Desktop,WiFi,Premium,Video,5.4,40,384,193,40,53709,2159,Medium,6.3
8429,Snapchat,26-35,Female,Germany,Tablet,Mobile Data,Premium,Mixed,2.8,2,695,96,101,72223,440,High,4.1
8430,Reddit,60+,Female,Brazil,Desktop,WiFi,Premium,Image,4.7,6,690,126,84,94955,357,Low,3.5
8431,Pinterest,26-35,Other,UAE,Tablet,WiFi,Free,Text,5.4,9,671,65,116,38882,4299,Low,7.4
8432,Snapchat,13-18,Female,UAE,Mobile,Mobile Data,Free,Video,3.6,23,497,173,8,92927,3545,Low,3.9
8433,YouTube,13-18,Other,Australia,Mobile,Mobile Data,Premium,Text,5.1,35,149,167,21,90095,3334,High,5.3
8434,YouTube,26-35,Other,Germany,Tablet,WiFi,Free,Video,5.8,21,496,194,95,81307,4960,High,0.5
8435,TikTok,60+,Male,Australia,Tablet,Mobile Data,Premium,Text,2.4,9,768,159,35,22475,2241,Medium,2.9
8436,Reddit,36-45,Male,Brazil,Mobile,WiFi,Free,Text,3.5,17,419,152,19,94919,2148,Medium,7.6
8437,Snapchat,19-25,Female,India,Desktop,Mobile Data,Free,Video,5.5,39,628,97,45,30283,3383,High,2.4
8438,Facebook,46-60,Other,Brazil,Mobile,WiFi,Premium,Image,0.4,10,522,119,93,767,2098,High,4.0
8439,Twitter,19-25,Male,UAE,Desktop,WiFi,Premium,Text,4.4,8,145,190,96,78047,430,Low,8.6
8440,YouTube,46-60,Male,India,Tablet,WiFi,Free,Mixed,3.8,36,217,23,13,78161,1328,Medium,7.8
8441,LinkedIn,19-25,Male,UAE,Tablet,WiFi,Premium,Text,1.9,19,736,67,107,89728,3099,Medium,5.9
8442,Snapchat,36-45,Male,Singapore,Tablet,WiFi,Free,Mixed,2.5,3,126,170,137,20259,1185,Medium,9.7
8443,Instagram,13-18,Male,India,Tablet,WiFi,Premium,Image,0.9,37,778,156,84,29850,321,High,4.4
8444,Snapchat,13-18,Female,Japan,Mobile,Mobile Data,Free,Text,2.5,0,683,42,101,1312,3599,High,4.8
8445,Twitter,46-60,Other,India,Desktop,WiFi,Free,Mixed,2.5,36,113,108,110,6450,633,High,7.8
8446,Facebook,46-60,Male,Australia,Tablet,Mobile Data,Premium,Image,5.6,23,395,77,26,2248,1007,Medium,4.5
8447,Facebook,36-45,Male,Japan,Desktop,Mobile Data,Premium,Mixed,3.5,40,637,6,7,78835,2016,Low,6.2
8448,Snapchat,19-25,Other,Canada,Mobile,Mobile Data,Free,Video,5.0,12,608,43,51,86414,1883,Medium,5.9
8449,Snapchat,13-18,Male,USA,Mobile,WiFi,Free,Text,3.4,2,270,115,79,70345,1578,High,2.2
8450,TikTok,60+,Male,Australia,Tablet,WiFi,Free,Image,3.0,20,298,197,27,7842,3471,Low,9.4
8451,TikTok,60+,Other,Canada,Desktop,WiFi,Free,Image,1.8,32,217,139,96,43196,3266,Low,8.8
8452,Reddit,46-60,Male,Japan,Tablet,WiFi,Premium,Image,5.9,1,662,10,118,97165,1537,Medium,1.4
8453,LinkedIn,19-25,Other,Australia,Desktop,Mobile Data,Free,Video,1.2,4,550,79,140,29755,1393,Low,2.7
8454,TikTok,36-45,Female,Japan,Tablet,Mobile Data,Free,Image,4.8,17,584,105,12,43355,3039,High,1.5
8455,YouTube,19-25,Other,Germany,Desktop,Mobile Data,Free,Text,6.0,0,482,81,8,62990,2499,High,0.9
8456,Pinterest,13-18,Male,USA,Desktop,Mobile Data,Free,Text,1.4,16,575,164,138,61474,3224,Medium,5.6
8457,TikTok,19-25,Female,UK,Desktop,WiFi,Premium,Mixed,5.9,40,596,89,148,6642,3296,High,1.4
8458,Facebook,26-35,Other,UAE,Desktop,Mobile Data,Premium,Mixed,4.6,26,18,127,124,43759,1994,Low,8.7
8459,Facebook,26-35,Other,UK,Desktop,WiFi,Free,Video,3.4,2,41,129,98,22022,3524,Medium,3.1
8460,LinkedIn,26-35,Female,UK,Tablet,Mobile Data,Free,Text,5.2,5,670,75,33,10949,1670,Medium,6.9
8461,Pinterest,26-35,Other,Germany,Tablet,Mobile Data,Premium,Image,5.3,18,422,138,39,5242,1038,Medium,9.2
8462,Pinterest,26-35,Female,Singapore,Desktop,Mobile Data,Free,Text,3.6,22,733,175,27,92433,223,High,9.3
8463,TikTok,13-18,Female,India,Mobile,Mobile Data,Premium,Image,0.4,4,635,183,16,32477,4819,Medium,7.1
8464,Instagram,19-25,Other,Australia,Tablet,WiFi,Premium,Image,5.2,16,213,123,116,79222,3640,Medium,6.6
8465,LinkedIn,26-35,Female,Japan,Desktop,WiFi,Free,Text,4.7,39,339,11,132,89123,505,Low,9.7
8466,LinkedIn,13-18,Male,UAE,Mobile,Mobile Data,Premium,Mixed,5.6,24,462,48,104,80313,4956,Low,1.1
8467,Instagram,19-25,Female,Japan,Desktop,WiFi,Free,Text,2.5,10,118,171,140,68039,4532,Medium,1.6
8468,Pinterest,26-35,Other,UK,Tablet,WiFi,Premium,Video,1.2,31,85,166,92,8429,3212,Low,2.7
8469,TikTok,19-25,Male,UK,Mobile,WiFi,Free,Image,1.7,25,58,119,55,85005,3338,High,8.4
8470,Instagram,19-25,Male,UK,Mobile,WiFi,Free,Image,0.6,8,663,55,38,40330,1856,Medium,1.5
8471,Instagram,46-60,Female,Germany,Tablet,WiFi,Premium,Mixed,0.9,12,753,188,109,41106,3456,High,1.5
8472,Snapchat,26-35,Male,India,Mobile,Mobile Data,Free,Mixed,5.2,12,380,122,31,17386,3857,Low,3.5
8473,Pinterest,36-45,Other,Australia,Desktop,Mobile Data,Premium,Video,1.2,15,523,58,136,87629,2141,Low,6.5
8474,Reddit,46-60,Male,USA,Tablet,Mobile Data,Premium,Text,0.6,22,318,101,91,22395,2643,Low,6.4
8475,YouTube,46-60,Male,UK,Tablet,Mobile Data,Free,Image,0.2,19,356,14,29,57304,534,Low,7.6
8476,YouTube,26-35,Female,India,Tablet,WiFi,Premium,Text,0.3,12,332,191,65,59600,4685,Medium,3.0
8477,Instagram,19-25,Female,Brazil,Desktop,WiFi,Premium,Text,4.7,30,625,198,38,6344,2516,High,8.4
8478,LinkedIn,60+,Other,Japan,Desktop,Mobile Data,Premium,Mixed,3.2,20,301,143,73,53843,1473,High,8.3
8479,YouTube,46-60,Male,Australia,Tablet,Mobile Data,Premium,Mixed,3.0,4,203,74,122,16519,3880,Medium,6.1
8480,TikTok,46-60,Other,Japan,Desktop,Mobile Data,Premium,Video,1.1,29,421,96,144,47415,1390,High,1.0
8481,YouTube,26-35,Other,UAE,Mobile,Mobile Data,Premium,Mixed,4.0,22,103,89,18,65800,2648,Medium,7.9
8482,Pinterest,46-60,Female,Canada,Tablet,Mobile Data,Free,Text,2.0,33,459,56,142,27985,3663,High,3.5
8483,Facebook,46-60,Other,UK,Desktop,WiFi,Free,Text,2.4,21,356,197,145,94033,1440,Medium,8.9
8484,YouTube,60+,Female,Canada,Tablet,Mobile Data,Free,Text,5.1,2,326,29,139,50983,4002,Low,5.1
8485,Facebook,46-60,Other,India,Tablet,Mobile Data,Free,Mixed,2.2,25,214,34,5,13607,1733,Low,5.6
8486,Pinterest,36-45,Male,Singapore,Desktop,Mobile Data,Premium,Mixed,1.4,6,251,148,73,25784,4133,Low,3.1
8487,Pinterest,19-25,Female,UAE,Desktop,Mobile Data,Premium,Text,0.3,24,459,58,130,14857,1208,High,6.3
8488,Instagram,46-60,Female,Singapore,Tablet,WiFi,Premium,Text,2.2,23,369,168,37,51188,4714,Medium,1.0
8489,Reddit,19-25,Other,Brazil,Tablet,Mobile Data,Premium,Video,2.7,7,424,197,147,24391,3687,High,4.9
8490,LinkedIn,36-45,Other,USA,Mobile,Mobile Data,Free,Video,3.0,35,237,85,15,25833,1834,Low,0.6
8491,Reddit,26-35,Other,Canada,Tablet,Mobile Data,Free,Video,3.5,6,313,87,98,95276,2434,Medium,0.7
8492,TikTok,36-45,Male,Australia,Mobile,Mobile Data,Free,Image,2.8,20,568,32,92,47655,1561,High,3.2
8493,Snapchat,26-35,Other,Japan,Desktop,WiFi,Free,Mixed,1.2,34,119,177,102,65159,333,Medium,7.4
8494,Reddit,19-25,Male,UK,Mobile,WiFi,Free,Image,2.4,5,270,200,56,70495,4478,Medium,10.0
8495,Reddit,13-18,Other,UAE,Mobile,WiFi,Premium,Image,2.0,30,438,22,111,26431,99,High,8.0
8496,Twitter,19-25,Other,Japan,Desktop,WiFi,Free,Text,1.5,35,751,93,109,32446,4563,High,3.6
8497,LinkedIn,13-18,Other,Australia,Tablet,WiFi,Premium,Text,1.0,3,528,173,39,31928,779,Low,3.6
8498,Instagram,36-45,Other,Singapore,Mobile,Mobile Data,Premium,Mixed,2.1,21,566,29,81,96027,2900,High,1.6
8499,Twitter,19-25,Other,UK,Desktop,WiFi,Premium,Image,2.0,21,437,137,7,80283,3551,Medium,6.5
8500,Snapchat,60+,Male,Japan,Desktop,Mobile Data,Premium,Mixed,3.6,6,226,194,73,17023,2193,Low,9.3
8501,Instagram,13-18,Other,USA,Tablet,WiFi,Premium,Text,3.2,18,761,125,98,54156,1605,Low,2.4
8502,Reddit,13-18,Other,Singapore,Mobile,Mobile Data,Premium,Image,2.2,35,64,22,84,47959,834,Medium,8.9
8503,Pinterest,26-35,Other,Germany,Desktop,Mobile Data,Free,Mixed,5.9,23,211,14,111,74205,4519,Medium,8.4
8504,Snapchat,60+,Female,UAE,Mobile,WiFi,Free,Text,4.6,8,297,125,65,21487,3591,Medium,2.4
8505,Pinterest,36-45,Male,UK,Tablet,Mobile Data,Free,Image,3.7,1,3,127,0,8332,270,Medium,2.7
8506,Pinterest,46-60,Female,Canada,Tablet,WiFi,Free,Text,2.1,25,270,195,136,7899,3617,High,5.1
8507,Twitter,19-25,Male,Australia,Desktop,Mobile Data,Premium,Video,0.5,29,252,176,147,32960,770,Medium,1.8
8508,Instagram,19-25,Other,USA,Desktop,WiFi,Premium,Image,4.5,7,337,68,112,38288,1107,Low,9.2
8509,TikTok,19-25,Female,UAE,Mobile,Mobile Data,Premium,Video,5.9,19,135,154,86,86463,4649,Medium,2.0
8510,Reddit,36-45,Other,India,Desktop,Mobile Data,Premium,Text,5.1,18,794,102,118,49440,2868,Low,4.7
8511,Snapchat,46-60,Male,Japan,Desktop,WiFi,Premium,Image,2.8,40,88,188,73,39583,852,Medium,5.4
8512,TikTok,60+,Female,UK,Mobile,WiFi,Premium,Image,1.0,19,518,58,89,52258,87,High,2.5
8513,Snapchat,60+,Other,Singapore,Mobile,Mobile Data,Free,Image,5.4,3,768,115,8,44121,4702,Medium,5.7
8514,Instagram,26-35,Other,Australia,Desktop,Mobile Data,Premium,Text,3.3,15,205,93,63,21075,2219,Low,4.8
8515,Twitter,60+,Male,UK,Tablet,Mobile Data,Free,Video,0.7,36,425,194,41,18738,4565,Low,2.7
8516,YouTube,36-45,Male,Singapore,Tablet,WiFi,Free,Video,5.5,27,370,140,117,57801,1322,Low,3.5
8517,Instagram,60+,Other,Japan,Desktop,Mobile Data,Premium,Text,3.6,32,407,45,31,90988,2106,High,5.4
8518,Instagram,46-60,Male,UK,Desktop,Mobile Data,Premium,Text,2.5,6,685,89,131,19265,433,Medium,5.9
8519,Pinterest,36-45,Male,India,Tablet,Mobile Data,Premium,Video,4.4,2,549,110,31,12824,2927,Medium,3.3
8520,Twitter,60+,Other,Japan,Mobile,Mobile Data,Free,Image,1.6,33,774,72,92,45189,2251,High,8.6
8521,TikTok,36-45,Other,Canada,Mobile,WiFi,Premium,Text,2.7,37,191,135,22,19894,418,Medium,3.1
8522,TikTok,26-35,Other,Germany,Tablet,WiFi,Premium,Mixed,0.4,28,277,105,6,94487,2129,High,4.4
8523,Reddit,19-25,Male,Brazil,Desktop,Mobile Data,Premium,Mixed,2.6,8,403,168,27,82370,3480,Medium,1.7
8524,Reddit,46-60,Male,USA,Tablet,WiFi,Free,Image,1.1,25,788,143,108,55689,2180,Medium,8.5
8525,Reddit,46-60,Female,Brazil,Tablet,WiFi,Free,Text,5.7,11,790,99,20,73901,3933,Medium,1.8
8526,TikTok,19-25,Female,Canada,Mobile,Mobile Data,Premium,Image,0.4,40,42,179,125,22651,1831,High,8.3
8527,Reddit,13-18,Other,USA,Desktop,Mobile Data,Free,Mixed,4.1,32,140,177,2,25792,3174,High,3.6
8528,Snapchat,36-45,Female,Singapore,Tablet,Mobile Data,Free,Mixed,3.8,15,308,145,12,12777,3924,Medium,9.5
8529,TikTok,46-60,Female,Australia,Tablet,WiFi,Free,Mixed,5.0,6,86,4,43,44911,3795,Medium,3.6
8530,Pinterest,13-18,Other,Singapore,Desktop,Mobile Data,Premium,Video,5.6,12,430,174,101,36945,4874,High,6.1
8531,TikTok,46-60,Male,UK,Tablet,Mobile Data,Premium,Mixed,4.7,31,557,98,68,68651,2996,High,5.8
8532,Pinterest,26-35,Male,Canada,Mobile,WiFi,Premium,Mixed,3.6,24,46,107,97,1713,3894,High,4.9
8533,Snapchat,19-25,Other,Australia,Tablet,Mobile Data,Free,Image,4.0,4,320,79,144,39637,4935,Low,1.4
8534,Facebook,36-45,Male,UK,Mobile,Mobile Data,Free,Text,2.9,15,750,170,34,79717,2871,Medium,9.8
8535,TikTok,13-18,Other,Canada,Desktop,WiFi,Premium,Text,2.8,4,472,190,104,81461,513,Medium,3.6
8536,Snapchat,36-45,Female,Singapore,Tablet,WiFi,Premium,Video,1.3,6,184,103,9,29757,573,Medium,5.4
8537,Pinterest,19-25,Other,UAE,Desktop,Mobile Data,Free,Video,3.2,15,14,184,141,74581,2818,Low,3.2
8538,Snapchat,13-18,Female,UK,Desktop,WiFi,Premium,Text,5.4,17,412,159,3,49176,1875,Low,3.5
8539,Facebook,19-25,Female,Japan,Mobile,WiFi,Free,Video,0.8,7,754,52,149,66827,1103,Low,8.1
8540,Twitter,19-25,Male,Australia,Tablet,WiFi,Premium,Mixed,2.7,34,540,67,30,39561,1649,High,0.8
8541,TikTok,13-18,Male,Germany,Desktop,WiFi,Premium,Image,4.2,38,45,126,20,25539,1625,Medium,7.8
8542,Pinterest,36-45,Other,India,Mobile,Mobile Data,Free,Image,3.2,37,637,7,88,81285,1325,High,1.3
8543,Instagram,60+,Female,Japan,Desktop,WiFi,Free,Video,3.0,17,737,18,77,7612,3092,Low,5.2
8544,Facebook,46-60,Male,Brazil,Tablet,Mobile Data,Premium,Image,3.3,36,677,9,85,84988,4207,Low,2.8
8545,TikTok,46-60,Other,Japan,Mobile,WiFi,Premium,Mixed,1.8,12,8,160,127,32804,1398,High,1.6
8546,Twitter,46-60,Male,Brazil,Desktop,Mobile Data,Premium,Mixed,0.4,11,100,23,33,13508,2091,Low,6.0
8547,LinkedIn,36-45,Other,Japan,Tablet,Mobile Data,Premium,Video,3.8,21,488,159,11,97484,2210,Medium,1.7
8548,Snapchat,26-35,Male,Japan,Tablet,WiFi,Free,Text,2.2,26,745,114,51,85724,867,Medium,7.2
8549,YouTube,46-60,Male,Singapore,Tablet,WiFi,Premium,Image,1.1,26,161,78,12,5576,1001,Medium,9.7
8550,Twitter,46-60,Other,UAE,Desktop,Mobile Data,Free,Image,1.5,35,56,163,11,46397,1533,High,3.7
8551,Instagram,26-35,Male,India,Mobile,WiFi,Premium,Mixed,5.9,14,259,93,112,31895,4980,High,4.3
8552,TikTok,26-35,Other,Japan,Tablet,Mobile Data,Free,Video,2.8,10,346,50,139,77573,3223,Medium,4.8
8553,Pinterest,36-45,Other,Brazil,Mobile,WiFi,Premium,Text,2.2,1,798,124,145,15412,697,High,4.8
8554,Reddit,60+,Male,Japan,Desktop,WiFi,Premium,Image,3.8,28,604,7,61,17912,3508,Medium,4.2
8555,Snapchat,46-60,Other,Germany,Desktop,WiFi,Free,Text,1.5,8,760,150,90,99139,1058,Medium,5.2
8556,Pinterest,60+,Other,Japan,Tablet,Mobile Data,Free,Video,4.5,21,772,181,76,17332,2449,Low,8.1
8557,TikTok,19-25,Male,India,Mobile,Mobile Data,Free,Text,0.5,11,498,41,61,75245,2523,Medium,9.1
8558,Pinterest,19-25,Female,UK,Desktop,Mobile Data,Premium,Image,2.2,5,448,198,30,96694,4983,Low,6.4
8559,Twitter,26-35,Other,UK,Desktop,Mobile Data,Free,Mixed,5.7,14,22,175,5,76671,2527,High,1.0
8560,Twitter,26-35,Female,Brazil,Mobile,WiFi,Premium,Mixed,3.7,0,495,56,109,81772,1384,Medium,8.7
8561,Snapchat,19-25,Other,UK,Desktop,WiFi,Free,Image,0.2,25,765,39,49,98316,1365,High,4.8
8562,Snapchat,60+,Male,India,Tablet,WiFi,Free,Text,4.8,14,79,144,96,95562,2952,Low,4.1
8563,LinkedIn,26-35,Male,UK,Desktop,WiFi,Premium,Mixed,4.8,39,277,108,66,86606,1582,High,3.5
8564,Facebook,46-60,Other,Germany,Desktop,Mobile Data,Premium,Mixed,0.8,14,70,62,140,5444,1735,Low,3.7
8565,Snapchat,60+,Other,Singapore,Mobile,Mobile Data,Free,Image,3.4,8,549,13,143,15150,4699,Low,4.9
8566,Instagram,26-35,Male,Australia,Tablet,Mobile Data,Premium,Text,1.2,33,47,167,131,7044,1860,High,1.8
8567,Instagram,36-45,Other,USA,Tablet,Mobile Data,Free,Text,2.9,33,446,96,110,63944,3831,Medium,6.9
8568,YouTube,26-35,Male,Singapore,Mobile,WiFi,Free,Mixed,2.8,1,444,142,82,96416,1667,High,3.0
8569,Instagram,19-25,Male,Brazil,Mobile,WiFi,Premium,Mixed,2.7,8,797,185,38,10144,233,High,5.5
8570,YouTube,13-18,Male,USA,Mobile,WiFi,Free,Video,1.0,40,637,110,98,80043,4843,Medium,4.3
8571,Pinterest,26-35,Female,UK,Mobile,WiFi,Free,Video,5.9,5,563,50,35,81230,3132,Low,1.3
8572,TikTok,36-45,Other,Canada,Tablet,Mobile Data,Free,Text,5.5,23,1,87,117,77238,1395,High,6.4
8573,Pinterest,13-18,Female,Germany,Mobile,WiFi,Free,Text,3.6,0,145,5,83,71550,160,High,2.1
8574,LinkedIn,13-18,Female,India,Mobile,WiFi,Premium,Mixed,2.6,29,271,162,20,22385,4001,Medium,1.6
8575,TikTok,13-18,Male,Canada,Tablet,Mobile Data,Free,Mixed,4.8,26,409,128,132,88675,1838,Low,3.3
8576,YouTube,19-25,Female,USA,Desktop,WiFi,Free,Text,3.9,16,492,108,60,15562,2576,Low,3.5
8577,Snapchat,60+,Other,USA,Tablet,Mobile Data,Premium,Mixed,0.5,37,372,51,38,52552,2839,Low,4.8
8578,Snapchat,46-60,Female,Australia,Mobile,Mobile Data,Premium,Text,1.6,2,297,81,65,3481,3194,High,8.3
8579,TikTok,36-45,Female,USA,Tablet,WiFi,Premium,Image,5.6,18,717,15,92,45261,1629,High,1.9
8580,Twitter,60+,Other,Japan,Mobile,Mobile Data,Premium,Text,4.2,5,515,73,97,84658,2662,High,5.7
8581,TikTok,60+,Other,USA,Desktop,Mobile Data,Premium,Text,0.3,38,485,70,149,79043,1791,High,6.5
8582,Reddit,19-25,Female,Germany,Tablet,WiFi,Premium,Mixed,4.1,32,50,139,53,38489,2870,Medium,5.8
8583,YouTube,60+,Male,UK,Mobile,Mobile Data,Premium,Image,0.9,26,369,66,118,17043,593,Low,6.7
8584,Instagram,46-60,Other,Germany,Desktop,Mobile Data,Free,Text,0.7,24,741,26,47,80798,4217,Low,8.6
8585,Twitter,60+,Other,Australia,Mobile,WiFi,Premium,Video,3.7,34,48,69,89,74014,1703,Low,6.1
8586,YouTube,36-45,Female,UAE,Mobile,Mobile Data,Free,Image,5.5,17,133,187,16,80557,1801,Low,7.8
8587,Reddit,60+,Female,India,Mobile,Mobile Data,Premium,Video,4.4,2,250,2,99,47774,3072,High,2.1
8588,Instagram,26-35,Female,UK,Tablet,Mobile Data,Premium,Text,5.2,14,218,92,50,71950,1011,High,2.2
8589,Pinterest,26-35,Male,India,Desktop,WiFi,Free,Image,5.0,12,457,143,36,19631,1636,Low,2.3
8590,TikTok,36-45,Female,Brazil,Tablet,Mobile Data,Premium,Text,3.6,40,418,172,36,89261,1163,Medium,4.0
8591,Snapchat,26-35,Female,USA,Mobile,Mobile Data,Free,Video,0.4,4,497,31,147,886,1644,Medium,4.7
8592,Reddit,60+,Male,India,Mobile,Mobile Data,Free,Text,0.5,6,578,109,132,83386,4328,Low,5.1
8593,Twitter,26-35,Other,USA,Tablet,Mobile Data,Premium,Video,2.6,34,711,21,88,14987,4119,Medium,7.5
8594,Snapchat,19-25,Female,Brazil,Mobile,Mobile Data,Premium,Mixed,2.5,5,634,96,92,32903,2513,High,3.9
8595,YouTube,26-35,Other,UK,Desktop,Mobile Data,Premium,Image,5.5,11,395,23,19,87643,2022,Low,8.7
8596,Snapchat,26-35,Female,Japan,Mobile,Mobile Data,Free,Video,3.5,32,531,136,71,64766,4652,Low,4.7
8597,Facebook,19-25,Female,India,Tablet,Mobile Data,Premium,Mixed,0.2,17,319,132,68,80700,2749,Low,6.6
8598,Facebook,26-35,Female,Singapore,Tablet,WiFi,Premium,Video,2.1,37,438,172,105,26149,780,High,4.3
8599,Twitter,60+,Other,India,Desktop,WiFi,Premium,Mixed,1.6,3,584,144,85,81224,1508,High,3.6
8600,Reddit,46-60,Male,Germany,Desktop,Mobile Data,Premium,Video,0.8,32,337,92,13,25469,3995,High,2.1
8601,Reddit,46-60,Male,India,Tablet,WiFi,Free,Image,0.7,28,422,39,93,97031,3140,Medium,9.8
8602,Twitter,26-35,Male,USA,Mobile,Mobile Data,Premium,Text,3.8,17,375,182,33,15798,1089,Low,6.2
8603,Pinterest,19-25,Other,Japan,Tablet,Mobile Data,Premium,Text,0.8,32,53,98,118,41125,3087,Low,3.8
8604,TikTok,46-60,Male,USA,Tablet,WiFi,Premium,Video,5.3,8,277,189,114,31461,1128,Medium,8.8
8605,TikTok,60+,Other,Singapore,Desktop,Mobile Data,Premium,Mixed,0.9,18,545,29,48,54532,4840,Low,8.0
8606,Facebook,36-45,Other,Singapore,Tablet,WiFi,Free,Text,3.8,16,52,114,130,13902,4456,Medium,1.3
8607,Pinterest,13-18,Other,India,Tablet,Mobile Data,Premium,Video,4.8,19,313,170,75,75796,2481,High,5.0
8608,Reddit,19-25,Other,Singapore,Tablet,Mobile Data,Free,Video,5.3,34,156,113,86,81769,4823,Low,2.0
8609,Pinterest,13-18,Female,Germany,Tablet,WiFi,Free,Mixed,5.5,25,65,145,39,10879,4691,Medium,1.6
8610,Instagram,19-25,Other,Germany,Desktop,WiFi,Premium,Mixed,0.8,24,111,190,37,34981,597,Low,8.2
8611,YouTube,13-18,Male,Brazil,Mobile,WiFi,Free,Mixed,0.8,28,551,83,56,16457,2259,Low,5.4
8612,Instagram,60+,Female,India,Tablet,Mobile Data,Free,Text,1.5,21,272,30,45,5662,2267,Medium,4.2
8613,TikTok,26-35,Other,Singapore,Desktop,Mobile Data,Free,Image,5.3,31,758,33,29,85137,2211,Medium,9.2
8614,Snapchat,60+,Other,Australia,Desktop,Mobile Data,Free,Image,2.8,28,106,132,79,34113,398,High,4.9
8615,Reddit,26-35,Male,Canada,Tablet,WiFi,Premium,Mixed,0.5,31,666,94,124,86523,2617,High,1.2
8616,Snapchat,36-45,Male,Australia,Desktop,WiFi,Premium,Mixed,2.5,4,559,57,131,93126,858,High,2.7
8617,Facebook,26-35,Male,India,Desktop,Mobile Data,Premium,Video,2.8,22,251,196,14,37882,3592,Low,6.4
8618,YouTube,46-60,Male,Germany,Tablet,WiFi,Premium,Video,6.0,10,674,110,111,61035,1501,High,5.1
8619,TikTok,46-60,Male,USA,Desktop,Mobile Data,Free,Mixed,4.6,9,390,100,85,65230,1743,High,3.8
8620,YouTube,13-18,Female,UAE,Desktop,WiFi,Premium,Video,5.4,19,391,112,145,85567,3404,Medium,5.1
8621,LinkedIn,19-25,Female,UAE,Tablet,Mobile Data,Free,Video,1.2,11,735,12,75,53733,302,High,5.4
8622,TikTok,13-18,Other,Brazil,Desktop,WiFi,Premium,Video,3.0,9,95,24,44,74815,1606,High,1.9
8623,Twitter,36-45,Other,UAE,Desktop,Mobile Data,Free,Mixed,0.4,22,347,168,43,69983,2838,Medium,3.0
8624,LinkedIn,36-45,Male,Canada,Mobile,WiFi,Premium,Image,0.9,7,571,71,3,95391,4106,Low,2.9
8625,Facebook,19-25,Other,Japan,Desktop,WiFi,Premium,Video,2.9,15,552,133,43,25872,3623,Medium,8.9
8626,Snapchat,46-60,Other,USA,Tablet,Mobile Data,Free,Image,4.4,6,336,181,77,51910,2387,Low,0.8
8627,TikTok,19-25,Other,Japan,Tablet,WiFi,Free,Image,5.2,24,283,138,34,42905,2732,Medium,4.1
8628,Twitter,19-25,Male,Germany,Desktop,Mobile Data,Premium,Video,0.3,18,603,111,3,77732,263,High,8.8
8629,Reddit,46-60,Female,USA,Tablet,WiFi,Premium,Image,1.8,32,8,151,35,42312,4966,Medium,2.4
8630,Snapchat,46-60,Female,UAE,Mobile,WiFi,Free,Text,1.4,5,271,179,40,71341,3920,Low,6.5
8631,LinkedIn,46-60,Male,Australia,Tablet,WiFi,Free,Image,5.6,24,761,28,60,92729,3784,High,2.5
8632,Facebook,60+,Male,Australia,Desktop,WiFi,Premium,Text,2.8,23,718,60,89,59433,4312,Medium,9.6
8633,Pinterest,26-35,Female,India,Tablet,Mobile Data,Free,Video,4.3,25,739,84,143,60522,616,Medium,9.0
8634,TikTok,13-18,Female,USA,Mobile,Mobile Data,Premium,Image,1.7,26,25,119,43,61953,769,Medium,3.8
8635,Facebook,46-60,Other,Japan,Desktop,Mobile Data,Free,Mixed,5.2,35,622,15,72,95676,4776,Low,6.9
8636,Pinterest,60+,Female,Canada,Desktop,WiFi,Premium,Text,4.1,27,427,55,4,12055,2831,Medium,8.6
8637,Instagram,60+,Other,Australia,Mobile,WiFi,Free,Image,0.5,13,135,189,105,13579,2683,High,9.4
8638,LinkedIn,36-45,Other,Brazil,Mobile,Mobile Data,Free,Image,4.8,2,276,82,66,47865,1320,Medium,9.8
8639,Pinterest,60+,Male,Japan,Mobile,WiFi,Free,Video,3.5,33,739,199,68,58166,4795,High,3.8
8640,YouTube,13-18,Other,Brazil,Mobile,WiFi,Premium,Text,5.0,6,46,118,11,55166,3844,Low,3.3
8641,Twitter,19-25,Other,Canada,Mobile,WiFi,Free,Image,1.4,24,334,67,2,88425,4641,Medium,7.1
8642,Twitter,19-25,Other,Singapore,Tablet,WiFi,Premium,Mixed,2.6,12,460,185,16,18147,787,Low,5.4
8643,TikTok,36-45,Male,Singapore,Tablet,WiFi,Premium,Image,5.9,29,240,27,64,90696,4480,Low,5.4
8644,YouTube,26-35,Female,Australia,Mobile,WiFi,Free,Video,4.3,15,129,34,0,71635,4875,High,7.4
8645,YouTube,60+,Female,USA,Mobile,Mobile Data,Free,Mixed,0.6,26,67,150,106,83042,1020,High,1.6
8646,Reddit,36-45,Female,Brazil,Desktop,Mobile Data,Free,Text,3.3,25,262,40,16,53412,4949,Low,9.4
8647,Reddit,46-60,Other,Brazil,Desktop,WiFi,Premium,Mixed,3.7,36,526,59,4,15689,3899,Low,8.8
8648,Reddit,60+,Female,India,Mobile,Mobile Data,Premium,Text,4.9,3,787,18,120,35801,4155,High,4.7
8649,Facebook,13-18,Female,Canada,Desktop,WiFi,Free,Text,1.6,13,373,34,12,51616,1914,Medium,6.6
8650,Reddit,46-60,Male,Canada,Mobile,WiFi,Premium,Image,4.3,32,526,136,150,24972,726,High,4.8
8651,LinkedIn,19-25,Male,India,Tablet,WiFi,Free,Mixed,2.7,19,570,11,66,20136,4534,Low,4.7
8652,TikTok,13-18,Female,UK,Desktop,Mobile Data,Free,Video,1.9,36,26,147,142,87542,4994,High,9.5
8653,Reddit,13-18,Other,Australia,Tablet,Mobile Data,Premium,Mixed,4.6,14,397,15,126,55140,3128,Low,7.0
8654,Snapchat,26-35,Female,UK,Desktop,Mobile Data,Free,Video,4.5,11,247,74,30,77636,2549,Low,7.8
8655,LinkedIn,36-45,Male,Germany,Desktop,WiFi,Free,Mixed,3.5,15,517,123,10,48272,684,Low,3.8
8656,Pinterest,19-25,Other,Australia,Mobile,Mobile Data,Premium,Image,1.7,40,568,117,42,42664,4717,Medium,8.8
8657,LinkedIn,19-25,Female,Germany,Tablet,Mobile Data,Free,Image,1.5,12,668,172,12,44968,595,Low,5.9
8658,TikTok,19-25,Other,Brazil,Mobile,WiFi,Free,Text,5.6,37,175,146,73,46678,1459,Medium,1.4
8659,Facebook,60+,Female,USA,Tablet,WiFi,Free,Video,2.6,40,510,191,82,97724,4130,High,8.1
8660,Facebook,60+,Female,USA,Desktop,WiFi,Premium,Text,5.5,35,694,76,83,16103,1708,High,4.6
8661,LinkedIn,60+,Other,Australia,Desktop,WiFi,Free,Video,2.3,19,230,163,144,13196,3580,Medium,1.1
8662,Pinterest,13-18,Male,India,Desktop,Mobile Data,Premium,Image,1.8,20,672,97,150,39665,86,Low,3.5
8663,YouTube,26-35,Female,India,Tablet,Mobile Data,Premium,Text,3.5,10,44,43,39,787,2152,High,5.6
8664,TikTok,46-60,Other,USA,Mobile,WiFi,Premium,Mixed,4.3,19,781,68,106,35934,4078,Medium,3.8
8665,Pinterest,60+,Female,USA,Mobile,WiFi,Free,Video,3.8,14,402,46,33,49481,1090,Low,0.9
8666,Snapchat,60+,Other,USA,Desktop,Mobile Data,Free,Text,4.9,32,104,9,19,39764,2956,High,6.4
8667,LinkedIn,60+,Female,Japan,Tablet,WiFi,Free,Mixed,4.4,32,522,196,89,74119,4000,High,8.0
8668,Snapchat,26-35,Male,UK,Tablet,Mobile Data,Free,Image,4.1,34,495,8,86,94625,4158,Medium,5.1
8669,Reddit,36-45,Female,Australia,Tablet,Mobile Data,Premium,Image,3.3,3,194,0,130,51565,2991,High,9.8
8670,LinkedIn,46-60,Female,India,Desktop,WiFi,Premium,Image,0.6,7,268,152,113,66743,2984,Low,4.8
8671,YouTube,26-35,Other,India,Tablet,Mobile Data,Free,Image,0.5,2,131,4,16,82647,1948,Low,5.3
8672,Pinterest,13-18,Male,Singapore,Mobile,WiFi,Free,Text,2.0,34,282,82,19,17564,882,High,8.2
8673,Reddit,46-60,Female,Japan,Tablet,Mobile Data,Free,Video,5.6,29,50,7,4,56326,3523,High,5.3
8674,Twitter,46-60,Other,India,Mobile,Mobile Data,Free,Video,0.6,2,621,176,125,32736,3588,High,2.6
8675,Reddit,13-18,Other,Brazil,Mobile,Mobile Data,Premium,Image,3.1,40,710,146,98,59264,2779,Medium,4.3
8676,Instagram,13-18,Other,Germany,Tablet,WiFi,Premium,Image,5.1,18,650,185,63,9094,3591,High,3.9
8677,Facebook,13-18,Male,USA,Tablet,Mobile Data,Premium,Text,4.8,30,133,117,113,64333,1846,Low,7.6
8678,Facebook,26-35,Female,India,Tablet,Mobile Data,Premium,Text,1.5,29,465,104,90,19824,2674,High,8.0
8679,LinkedIn,19-25,Female,Brazil,Tablet,Mobile Data,Free,Text,0.6,34,163,162,115,94131,794,Medium,8.6
8680,Instagram,46-60,Female,USA,Tablet,WiFi,Free,Mixed,4.6,39,219,82,2,3074,2362,High,8.3
8681,Snapchat,13-18,Female,UAE,Tablet,Mobile Data,Free,Text,4.2,9,581,180,0,14006,1356,High,7.2
8682,Snapchat,46-60,Other,Australia,Tablet,WiFi,Premium,Text,1.8,2,181,38,88,60890,4926,Medium,4.5
8683,Snapchat,36-45,Male,India,Tablet,Mobile Data,Premium,Text,0.3,1,251,164,79,87317,4393,Medium,9.6
8684,Instagram,36-45,Female,Canada,Desktop,WiFi,Premium,Mixed,2.8,7,601,18,4,53961,2595,High,8.2
8685,TikTok,19-25,Female,Canada,Tablet,WiFi,Premium,Image,0.7,23,635,0,5,24708,314,Low,0.8
8686,Reddit,13-18,Female,UAE,Tablet,WiFi,Free,Text,1.6,27,77,173,35,82503,713,Medium,6.0
8687,LinkedIn,36-45,Male,Singapore,Desktop,Mobile Data,Premium,Image,0.7,20,249,77,0,25768,2335,High,9.9
8688,Instagram,19-25,Male,India,Mobile,Mobile Data,Premium,Image,4.9,28,241,175,51,91948,4688,Low,2.8
8689,YouTube,19-25,Female,Brazil,Tablet,WiFi,Free,Mixed,4.8,37,652,58,71,80417,1508,High,2.8
8690,Twitter,13-18,Male,Australia,Tablet,WiFi,Premium,Mixed,1.4,17,531,94,36,88477,1587,Low,4.4
8691,Reddit,26-35,Other,Japan,Tablet,Mobile Data,Premium,Text,3.2,35,116,121,52,5579,860,High,4.8
8692,Pinterest,60+,Female,Brazil,Tablet,Mobile Data,Free,Mixed,6.0,21,571,86,123,27577,2833,Medium,7.1
8693,LinkedIn,36-45,Other,UAE,Tablet,WiFi,Free,Video,2.4,19,211,72,9,15394,2099,Medium,1.2
8694,Reddit,36-45,Female,Canada,Tablet,Mobile Data,Premium,Text,5.7,25,50,86,114,66317,4186,Low,3.7
8695,YouTube,13-18,Male,Canada,Mobile,WiFi,Free,Text,5.6,34,461,178,13,21126,1736,Medium,7.3
8696,Facebook,36-45,Male,Singapore,Tablet,Mobile Data,Premium,Text,5.1,7,664,155,92,47364,1781,Low,5.4
8697,Facebook,26-35,Other,Japan,Tablet,Mobile Data,Premium,Video,2.1,23,282,183,127,12332,2650,Low,3.4
8698,Instagram,19-25,Male,UK,Mobile,WiFi,Free,Video,4.7,15,452,19,43,89820,2365,Low,1.0
8699,Instagram,19-25,Male,Australia,Tablet,Mobile Data,Premium,Text,1.1,28,56,50,149,25340,3113,Low,7.2
8700,Facebook,19-25,Other,Germany,Tablet,Mobile Data,Premium,Image,4.2,8,415,177,129,18724,4322,High,9.3
8701,Twitter,36-45,Other,Australia,Tablet,WiFi,Free,Video,4.6,15,583,69,67,33356,118,High,4.0
8702,YouTube,19-25,Male,Singapore,Tablet,Mobile Data,Premium,Mixed,3.4,15,262,160,30,71231,2968,Medium,1.7
8703,Facebook,19-25,Female,India,Desktop,WiFi,Premium,Text,2.5,38,734,153,66,92261,3515,Low,2.9
8704,TikTok,46-60,Female,Canada,Tablet,Mobile Data,Free,Mixed,4.2,15,553,179,50,19279,1084,High,6.0
8705,YouTube,60+,Male,Germany,Tablet,Mobile Data,Premium,Mixed,0.7,4,728,126,135,35232,4752,Medium,5.8
8706,Reddit,60+,Other,USA,Tablet,Mobile Data,Premium,Text,1.8,29,311,41,4,9484,1472,Medium,3.7
8707,Snapchat,13-18,Male,Australia,Desktop,WiFi,Premium,Text,5.8,33,180,158,37,7723,2101,Low,7.1
8708,Snapchat,19-25,Female,Japan,Desktop,Mobile Data,Free,Video,1.4,12,224,48,120,43225,652,High,5.4
8709,Twitter,60+,Female,UAE,Tablet,WiFi,Premium,Text,4.2,8,652,101,0,74449,639,Low,8.3
8710,Twitter,36-45,Male,Canada,Tablet,Mobile Data,Free,Image,1.3,22,663,92,19,25215,4611,High,8.0
8711,Twitter,13-18,Female,Japan,Desktop,WiFi,Premium,Text,0.3,19,603,88,60,92705,4324,High,5.7
8712,Twitter,60+,Male,Australia,Mobile,WiFi,Premium,Mixed,0.4,16,437,40,29,62934,937,Low,3.8
8713,Pinterest,13-18,Female,India,Desktop,WiFi,Free,Text,4.0,12,634,191,122,74139,429,Low,5.4
8714,YouTube,60+,Other,USA,Tablet,WiFi,Free,Text,5.5,19,31,167,128,92635,4918,Medium,4.7
8715,Instagram,13-18,Male,UK,Mobile,Mobile Data,Premium,Image,4.3,2,518,9,136,81638,1673,Low,2.6
8716,TikTok,13-18,Female,Germany,Tablet,WiFi,Free,Mixed,5.5,20,167,66,103,11305,4575,Medium,9.2
8717,Snapchat,46-60,Other,Australia,Tablet,WiFi,Free,Text,0.4,39,662,72,41,25425,1493,High,7.7
8718,Pinterest,13-18,Other,Brazil,Mobile,Mobile Data,Free,Text,4.9,39,285,87,107,23113,1223,Low,5.1
8719,Reddit,13-18,Male,Germany,Tablet,WiFi,Premium,Video,2.6,2,240,2,65,86274,1106,High,5.5
8720,Twitter,13-18,Other,Canada,Tablet,Mobile Data,Premium,Text,4.7,27,504,102,128,25285,656,Low,2.4
8721,Facebook,13-18,Male,USA,Desktop,WiFi,Free,Text,2.0,30,124,22,141,65607,3647,Low,3.8
8722,TikTok,46-60,Male,Germany,Tablet,Mobile Data,Premium,Image,0.5,25,201,120,66,61793,2950,Medium,8.5
8723,LinkedIn,60+,Female,Australia,Desktop,WiFi,Premium,Video,4.9,6,394,199,88,89221,3217,Medium,2.2
8724,Twitter,26-35,Male,Australia,Tablet,Mobile Data,Premium,Video,3.7,33,355,123,33,93271,4710,High,1.9
8725,Facebook,19-25,Male,USA,Mobile,WiFi,Free,Image,1.7,29,486,9,6,16916,2061,Low,4.1
8726,Snapchat,60+,Female,Germany,Desktop,WiFi,Free,Mixed,5.2,14,784,24,63,10952,4901,High,1.6
8727,LinkedIn,19-25,Male,USA,Mobile,WiFi,Free,Text,2.8,18,321,153,93,11960,72,High,1.0
8728,TikTok,60+,Other,Canada,Mobile,WiFi,Premium,Image,6.0,34,716,77,97,46402,2583,Medium,6.5
8729,Twitter,36-45,Female,USA,Tablet,Mobile Data,Premium,Image,4.4,25,217,66,129,29443,4880,Medium,8.1
8730,Facebook,60+,Male,UK,Mobile,WiFi,Free,Mixed,2.3,2,518,184,50,82493,3702,Medium,3.5
8731,Instagram,60+,Male,Germany,Mobile,Mobile Data,Premium,Mixed,2.4,29,27,109,143,7896,2593,Low,6.0
8732,LinkedIn,36-45,Female,India,Tablet,WiFi,Free,Image,1.3,16,553,85,137,20764,2493,Medium,2.8
8733,Twitter,60+,Other,Germany,Tablet,Mobile Data,Free,Video,3.8,34,514,72,77,31118,1709,High,2.6
8734,LinkedIn,46-60,Other,Brazil,Tablet,Mobile Data,Premium,Mixed,1.7,33,612,101,62,78333,2464,Medium,9.3
8735,Facebook,46-60,Male,India,Tablet,WiFi,Free,Image,1.7,34,642,78,51,63464,481,Medium,8.8
8736,TikTok,46-60,Other,Singapore,Desktop,Mobile Data,Premium,Mixed,5.9,12,454,49,5,95741,3450,Low,7.1
8737,YouTube,26-35,Female,Japan,Tablet,WiFi,Free,Text,5.9,7,636,27,4,71715,2202,Low,5.3
8738,TikTok,26-35,Female,India,Tablet,Mobile Data,Free,Text,0.9,2,261,8,130,11455,905,Low,1.8
8739,Twitter,19-25,Other,Canada,Mobile,Mobile Data,Free,Mixed,0.7,12,114,32,32,82195,982,Medium,8.5
8740,Twitter,26-35,Male,UAE,Tablet,Mobile Data,Premium,Video,0.5,37,598,183,143,9469,613,High,8.1
8741,Snapchat,46-60,Female,UAE,Desktop,WiFi,Premium,Video,1.6,24,495,83,147,88632,2517,Low,4.4
8742,Pinterest,26-35,Male,Australia,Tablet,WiFi,Premium,Mixed,4.3,20,68,53,67,31549,4833,High,6.3
8743,Instagram,19-25,Other,India,Mobile,WiFi,Free,Mixed,3.3,31,744,81,104,4736,656,Medium,9.4
8744,Pinterest,26-35,Other,Australia,Tablet,WiFi,Premium,Text,4.7,32,227,72,150,29938,4673,High,8.6
8745,YouTube,26-35,Male,Japan,Desktop,WiFi,Premium,Mixed,0.6,30,476,119,29,54435,822,Medium,5.6
8746,Twitter,60+,Male,USA,Desktop,WiFi,Free,Video,3.4,35,250,40,80,17206,2806,Medium,7.4
8747,Reddit,26-35,Female,Singapore,Desktop,WiFi,Premium,Text,1.0,20,470,188,80,3269,3793,Medium,2.5
8748,Snapchat,36-45,Female,India,Tablet,WiFi,Free,Image,1.7,36,464,129,4,56412,4387,Medium,6.8
8749,Pinterest,36-45,Female,Japan,Mobile,WiFi,Premium,Text,3.5,37,622,115,6,5030,4331,Medium,0.7
8750,LinkedIn,13-18,Male,Germany,Desktop,WiFi,Premium,Video,3.6,12,773,44,63,34440,870,Medium,9.1
8751,Reddit,26-35,Other,Brazil,Desktop,Mobile Data,Free,Mixed,3.5,10,153,46,8,81166,3330,Medium,4.0
8752,TikTok,19-25,Male,Brazil,Mobile,Mobile Data,Free,Video,0.3,27,277,141,0,35782,3005,Medium,3.6
8753,Twitter,13-18,Other,USA,Desktop,WiFi,Free,Mixed,1.8,8,383,15,18,6902,334,High,7.1
8754,Pinterest,19-25,Female,USA,Mobile,WiFi,Free,Image,3.9,1,775,109,100,96591,1908,High,1.9
8755,Pinterest,60+,Other,Brazil,Mobile,Mobile Data,Premium,Image,1.3,12,794,179,52,12815,3099,Medium,7.0
8756,Snapchat,60+,Other,UK,Tablet,Mobile Data,Premium,Image,4.5,0,654,106,53,68342,287,Low,1.1
8757,LinkedIn,36-45,Other,Japan,Mobile,WiFi,Premium,Image,4.9,28,521,38,19,77240,2644,Medium,6.0
8758,Instagram,26-35,Other,UAE,Mobile,WiFi,Premium,Mixed,3.5,36,100,49,150,23360,2127,High,4.7
8759,TikTok,26-35,Other,Japan,Tablet,Mobile Data,Premium,Image,0.3,31,402,13,128,2319,1204,Low,5.2
8760,Reddit,46-60,Female,Singapore,Mobile,WiFi,Premium,Text,4.5,18,417,95,101,48120,4646,Medium,4.4
8761,Snapchat,36-45,Female,UK,Desktop,Mobile Data,Free,Text,2.3,2,761,160,35,40029,4904,Low,7.8
8762,Pinterest,60+,Other,Canada,Tablet,Mobile Data,Free,Mixed,4.7,32,40,28,60,81917,1435,High,4.3
8763,Facebook,26-35,Female,UK,Tablet,Mobile Data,Free,Text,2.2,5,704,17,45,52132,1632,Low,1.3
8764,Facebook,36-45,Female,India,Desktop,WiFi,Premium,Text,2.7,9,143,129,137,80588,4550,Low,0.9
8765,Snapchat,26-35,Other,India,Desktop,WiFi,Premium,Mixed,3.8,37,567,177,136,11113,2745,Low,6.6
8766,TikTok,26-35,Male,Brazil,Desktop,Mobile Data,Free,Mixed,0.8,5,93,166,120,91892,2461,Low,7.2
8767,Snapchat,36-45,Other,India,Mobile,Mobile Data,Premium,Mixed,1.5,40,685,131,88,81107,1071,Low,9.3
8768,YouTube,46-60,Other,India,Mobile,WiFi,Premium,Video,4.5,38,298,155,81,37990,4423,High,7.6
8769,Pinterest,46-60,Female,Australia,Tablet,WiFi,Premium,Video,1.2,40,173,129,10,97910,3847,Medium,1.3
8770,LinkedIn,36-45,Female,Brazil,Tablet,Mobile Data,Premium,Mixed,2.8,38,67,122,80,14527,4607,Medium,10.0
8771,Snapchat,26-35,Female,UK,Tablet,Mobile Data,Premium,Mixed,3.2,22,658,69,45,12312,4272,Low,3.0
8772,YouTube,46-60,Other,UAE,Tablet,WiFi,Free,Mixed,4.9,10,208,108,66,889,2888,Low,5.0
8773,Instagram,46-60,Female,Canada,Mobile,WiFi,Free,Video,4.1,1,523,118,82,15449,2927,Medium,4.1
8774,Twitter,13-18,Male,Brazil,Mobile,Mobile Data,Free,Image,1.1,3,768,185,6,51655,1904,Low,8.0
8775,Instagram,46-60,Male,India,Desktop,WiFi,Premium,Text,2.4,35,188,11,109,88441,2285,Low,7.3
8776,Reddit,19-25,Other,Brazil,Tablet,WiFi,Free,Mixed,0.9,1,176,83,106,15627,4927,Low,5.3
8777,Snapchat,13-18,Male,Australia,Tablet,WiFi,Premium,Mixed,2.5,7,532,198,117,58530,909,High,6.1
8778,Facebook,19-25,Other,Germany,Desktop,Mobile Data,Premium,Text,4.3,16,167,49,67,51672,1712,Medium,2.5
8779,Twitter,26-35,Female,UAE,Mobile,Mobile Data,Free,Text,4.9,0,36,100,137,5038,1125,Low,1.5
8780,Twitter,36-45,Female,Japan,Desktop,Mobile Data,Free,Image,4.2,34,538,129,38,1504,203,Low,9.7
8781,YouTube,36-45,Other,USA,Desktop,WiFi,Free,Image,0.4,40,111,137,37,4941,1360,Medium,4.4
8782,YouTube,36-45,Other,Singapore,Desktop,WiFi,Free,Image,2.2,2,439,66,37,50894,396,Low,7.0
8783,Snapchat,19-25,Male,Brazil,Desktop,Mobile Data,Premium,Video,2.3,5,145,196,78,19230,675,High,4.8
8784,Facebook,60+,Female,Canada,Mobile,WiFi,Free,Video,1.9,8,373,37,120,91973,4763,Low,9.4
8785,Twitter,13-18,Female,Brazil,Tablet,Mobile Data,Free,Video,1.1,28,412,154,101,21998,625,Low,6.4
8786,Instagram,60+,Female,USA,Mobile,WiFi,Premium,Image,0.9,23,797,24,40,2173,168,High,3.8
8787,Twitter,36-45,Male,UK,Mobile,Mobile Data,Free,Mixed,3.2,36,48,134,31,72853,3176,High,0.7
8788,Pinterest,60+,Male,USA,Tablet,WiFi,Free,Image,4.6,39,710,15,150,83559,4166,Medium,6.9
8789,Twitter,19-25,Female,Singapore,Tablet,WiFi,Free,Text,4.2,30,277,51,108,75214,4442,Low,7.8
8790,Twitter,19-25,Female,Brazil,Mobile,Mobile Data,Free,Text,1.5,35,556,62,118,16004,3534,High,4.1
8791,Snapchat,19-25,Male,USA,Desktop,WiFi,Free,Mixed,2.6,11,646,4,112,88964,3245,High,2.5
8792,YouTube,60+,Male,Australia,Desktop,Mobile Data,Free,Video,4.5,27,594,4,88,37027,4077,Medium,3.2
8793,Snapchat,36-45,Other,UK,Mobile,WiFi,Premium,Image,4.7,36,413,92,75,30733,3350,Low,2.3
8794,YouTube,60+,Female,USA,Desktop,WiFi,Free,Image,4.2,36,496,106,16,89613,700,High,3.5
8795,Facebook,46-60,Other,Germany,Mobile,WiFi,Premium,Image,1.9,29,155,155,65,13271,3452,Low,8.4
8796,Twitter,36-45,Other,Canada,Tablet,Mobile Data,Premium,Image,2.8,23,391,184,55,30492,2768,Low,7.0
8797,TikTok,36-45,Female,UK,Desktop,Mobile Data,Premium,Video,3.6,8,539,2,108,35679,4531,Medium,9.6
8798,Instagram,26-35,Other,UAE,Mobile,Mobile Data,Premium,Video,4.6,15,109,174,75,55242,2402,Medium,8.9
8799,TikTok,36-45,Female,Australia,Tablet,Mobile Data,Premium,Mixed,4.9,35,5,122,34,39902,2420,Low,9.8
8800,Facebook,13-18,Male,Brazil,Mobile,WiFi,Free,Text,1.0,8,340,76,34,3790,2123,Low,5.9
8801,Pinterest,60+,Male,India,Mobile,Mobile Data,Free,Image,2.9,15,596,26,24,56237,866,Low,4.1
8802,Reddit,19-25,Female,Canada,Mobile,WiFi,Premium,Mixed,0.5,19,178,18,70,12755,979,Low,8.0
8803,Pinterest,46-60,Female,Germany,Desktop,WiFi,Premium,Mixed,1.1,15,636,124,9,78544,3978,High,10.0
8804,YouTube,19-25,Female,Singapore,Mobile,WiFi,Premium,Text,2.2,17,480,123,20,27133,2013,Medium,1.6
8805,Reddit,36-45,Female,Australia,Tablet,WiFi,Premium,Video,2.6,29,481,15,110,66274,121,High,5.1
8806,Snapchat,26-35,Other,India,Mobile,WiFi,Premium,Image,2.5,12,404,140,4,24472,2056,Low,0.6
8807,TikTok,60+,Other,India,Mobile,WiFi,Premium,Text,5.7,6,275,125,28,38659,2536,Medium,0.9
8808,Facebook,60+,Other,Singapore,Desktop,Mobile Data,Free,Image,5.1,3,130,149,144,8878,4798,Low,6.2
8809,YouTube,26-35,Male,Germany,Desktop,Mobile Data,Free,Video,1.1,9,195,123,127,473,3261,Low,9.1
8810,TikTok,60+,Other,Brazil,Mobile,Mobile Data,Free,Image,2.7,2,400,148,67,98229,1755,Medium,4.9
8811,Reddit,36-45,Male,UAE,Tablet,WiFi,Free,Text,5.1,2,500,26,80,614,2098,Low,10.0
8812,YouTube,19-25,Other,Australia,Desktop,WiFi,Free,Text,2.5,9,100,180,105,54798,4041,High,2.7
8813,Reddit,60+,Male,Canada,Mobile,WiFi,Premium,Text,3.5,16,207,9,112,8117,4627,Medium,8.1
8814,Reddit,19-25,Male,Brazil,Desktop,Mobile Data,Free,Mixed,5.4,25,634,67,69,85327,4702,Medium,9.4
8815,Facebook,19-25,Other,UK,Desktop,WiFi,Premium,Image,5.9,36,1,12,132,58387,4537,High,1.1
8816,Twitter,13-18,Male,UAE,Desktop,Mobile Data,Premium,Mixed,4.4,20,307,8,149,40537,3674,Low,7.2
8817,Reddit,13-18,Other,Australia,Mobile,WiFi,Free,Text,3.1,33,328,191,150,61358,558,High,5.6
8818,Snapchat,60+,Other,UK,Tablet,Mobile Data,Premium,Mixed,0.4,18,153,174,40,11992,2319,High,8.1
8819,TikTok,19-25,Other,UAE,Mobile,WiFi,Free,Image,6.0,16,100,79,33,89936,1248,Medium,8.6
8820,TikTok,36-45,Other,Japan,Tablet,WiFi,Premium,Video,1.0,24,766,145,70,68749,2700,Medium,3.7
8821,Pinterest,60+,Other,Brazil,Mobile,WiFi,Premium,Mixed,5.2,32,474,26,5,11326,118,Low,4.6
8822,Reddit,13-18,Female,Australia,Mobile,WiFi,Free,Mixed,5.4,2,125,152,14,67195,2397,Medium,8.1
8823,YouTube,36-45,Male,Brazil,Desktop,Mobile Data,Free,Mixed,3.6,34,217,13,44,41180,3807,Medium,3.8
8824,Pinterest,19-25,Other,Singapore,Tablet,WiFi,Free,Video,1.7,12,573,11,15,88571,616,High,0.9
8825,TikTok,46-60,Female,Japan,Desktop,WiFi,Premium,Video,3.4,34,387,194,100,40860,2770,Medium,4.8
8826,Reddit,26-35,Male,UK,Desktop,Mobile Data,Premium,Image,4.3,23,647,149,146,12962,1223,Medium,4.7
8827,Reddit,60+,Female,UK,Tablet,Mobile Data,Free,Video,4.2,30,348,36,78,34752,4363,High,2.8
8828,Twitter,60+,Male,India,Mobile,WiFi,Premium,Text,2.3,24,425,137,0,36626,960,Low,3.6
8829,Snapchat,36-45,Other,Japan,Tablet,WiFi,Free,Text,3.9,20,365,46,27,17792,4720,High,4.5
8830,Twitter,36-45,Male,Japan,Mobile,WiFi,Premium,Text,2.7,8,427,171,126,7453,3366,Low,9.9
8831,LinkedIn,60+,Other,India,Desktop,WiFi,Free,Text,1.1,10,34,65,86,62512,899,High,9.1
8832,Pinterest,46-60,Other,UAE,Tablet,Mobile Data,Premium,Mixed,1.2,27,534,59,2,16197,1656,Medium,9.4
8833,Instagram,46-60,Male,India,Mobile,WiFi,Premium,Image,1.6,30,126,153,62,28355,1234,High,4.6
8834,Pinterest,19-25,Female,Germany,Mobile,Mobile Data,Free,Image,5.7,25,639,32,129,935,3340,High,2.5
8835,TikTok,36-45,Other,Canada,Tablet,Mobile Data,Free,Mixed,6.0,35,86,49,90,90141,673,Low,1.5
8836,Pinterest,13-18,Female,Singapore,Tablet,WiFi,Free,Text,5.5,29,57,107,31,32266,534,High,6.6
8837,Snapchat,36-45,Other,UK,Tablet,WiFi,Premium,Text,5.8,11,370,58,138,89999,4224,Low,1.5
8838,LinkedIn,19-25,Male,Singapore,Tablet,WiFi,Free,Image,0.9,37,790,0,135,96779,3010,High,1.9
8839,YouTube,60+,Male,India,Tablet,Mobile Data,Free,Video,0.5,33,124,154,94,56100,1198,Low,7.1
8840,Pinterest,13-18,Male,Canada,Tablet,WiFi,Premium,Image,5.4,27,84,49,121,1916,2431,Low,7.7
8841,Reddit,46-60,Other,USA,Mobile,Mobile Data,Premium,Mixed,1.0,34,168,109,58,95477,2844,Medium,3.1
8842,LinkedIn,36-45,Female,Brazil,Mobile,Mobile Data,Free,Text,5.8,14,258,130,12,44649,1985,High,6.5
8843,Reddit,36-45,Other,Canada,Mobile,Mobile Data,Free,Video,3.1,25,566,63,67,63493,3599,Medium,8.2
8844,LinkedIn,26-35,Other,Australia,Tablet,WiFi,Free,Video,4.6,24,755,8,77,59807,302,Medium,5.4
8845,Instagram,60+,Female,Germany,Mobile,Mobile Data,Premium,Text,5.9,39,281,98,65,5347,975,High,9.9
8846,TikTok,19-25,Female,Canada,Tablet,WiFi,Free,Image,5.8,12,685,65,124,73686,4422,Medium,1.3
8847,Instagram,13-18,Male,UAE,Tablet,Mobile Data,Premium,Text,5.7,6,708,37,21,36862,2012,Low,4.2
8848,YouTube,46-60,Female,Canada,Desktop,Mobile Data,Free,Mixed,4.2,31,395,63,137,49814,2904,Low,6.9
8849,LinkedIn,60+,Male,Brazil,Mobile,Mobile Data,Premium,Image,5.4,25,484,100,19,36898,460,Medium,8.6
8850,Facebook,19-25,Other,UK,Mobile,Mobile Data,Free,Text,3.2,20,143,198,4,29977,3206,High,0.7
8851,Instagram,36-45,Male,India,Desktop,Mobile Data,Premium,Video,3.9,24,99,146,135,87805,4588,Low,1.5
8852,TikTok,60+,Female,Australia,Desktop,Mobile Data,Premium,Mixed,4.2,13,618,57,132,91364,631,Low,5.8
8853,LinkedIn,13-18,Other,Canada,Tablet,Mobile Data,Premium,Image,2.3,13,785,143,44,38833,4201,High,8.5
8854,Pinterest,13-18,Female,India,Tablet,WiFi,Premium,Mixed,1.1,16,77,134,134,78848,712,Medium,2.1
8855,Twitter,46-60,Male,Brazil,Tablet,WiFi,Premium,Image,4.8,37,332,87,134,95622,2049,Low,2.7
8856,Pinterest,60+,Male,Brazil,Mobile,WiFi,Premium,Text,5.0,18,760,31,1,33285,1822,Medium,2.3
8857,Reddit,19-25,Male,Germany,Desktop,Mobile Data,Free,Video,0.2,32,678,91,12,71815,149,High,4.8
8858,Twitter,13-18,Female,UAE,Desktop,WiFi,Premium,Video,1.3,34,431,46,99,26654,345,Low,1.6
8859,Twitter,46-60,Male,India,Desktop,Mobile Data,Premium,Image,4.5,39,769,155,135,74034,2454,Low,5.7
8860,Reddit,60+,Other,Brazil,Tablet,Mobile Data,Premium,Image,1.7,17,726,167,4,26693,1973,High,4.7
8861,TikTok,46-60,Other,Australia,Tablet,WiFi,Premium,Mixed,3.8,35,39,56,100,28080,1854,High,5.8
8862,Reddit,19-25,Female,India,Mobile,Mobile Data,Premium,Video,2.5,15,467,134,74,47193,4105,High,9.1
8863,Reddit,19-25,Female,Brazil,Mobile,Mobile Data,Premium,Text,4.5,9,328,148,12,40256,2971,High,7.1
8864,Instagram,26-35,Other,Singapore,Mobile,WiFi,Free,Image,5.5,13,786,27,3,90974,896,Medium,4.7
8865,Snapchat,13-18,Male,Australia,Mobile,WiFi,Free,Image,1.3,33,549,29,17,62890,3857,Medium,7.5
8866,LinkedIn,13-18,Other,Australia,Desktop,Mobile Data,Free,Text,2.2,5,572,183,3,74776,250,Medium,5.1
8867,Pinterest,60+,Male,UAE,Mobile,WiFi,Premium,Video,1.9,0,710,17,72,16582,3695,High,6.0
8868,YouTube,19-25,Male,Germany,Desktop,WiFi,Free,Image,4.1,16,52,168,35,19448,4541,Medium,2.4
8869,Snapchat,60+,Male,UK,Mobile,WiFi,Free,Video,5.0,7,484,54,94,37380,1951,High,6.6
8870,YouTube,36-45,Other,Singapore,Mobile,Mobile Data,Premium,Mixed,2.0,33,727,146,81,5837,3801,Medium,4.9
8871,Instagram,36-45,Female,USA,Mobile,Mobile Data,Free,Text,4.1,13,147,127,114,73949,1468,Medium,7.7
8872,TikTok,60+,Other,Germany,Mobile,WiFi,Premium,Video,5.6,34,412,115,143,39196,533,Low,4.4
8873,TikTok,46-60,Male,Australia,Mobile,WiFi,Free,Image,4.6,28,206,72,147,91697,735,Medium,7.0
8874,Instagram,36-45,Male,Brazil,Tablet,Mobile Data,Premium,Video,2.7,23,469,165,101,3923,2413,High,8.5
8875,TikTok,60+,Female,Singapore,Desktop,WiFi,Free,Image,3.3,30,167,10,140,1425,429,Medium,0.6
8876,Instagram,13-18,Other,USA,Tablet,WiFi,Free,Video,5.9,18,172,61,60,34457,1226,Medium,1.9
8877,Facebook,60+,Female,Japan,Mobile,WiFi,Premium,Image,2.5,29,391,54,43,13264,796,Low,8.8
8878,YouTube,13-18,Female,Canada,Tablet,WiFi,Premium,Text,3.2,20,788,16,22,40055,1683,Low,9.3
8879,Instagram,26-35,Male,Canada,Mobile,Mobile Data,Free,Text,5.1,9,19,82,125,91530,2695,Medium,7.0
8880,TikTok,60+,Male,Canada,Mobile,Mobile Data,Free,Mixed,2.6,12,706,62,65,32042,2826,Low,0.6
8881,Reddit,36-45,Male,UK,Mobile,Mobile Data,Free,Image,3.6,30,46,144,127,11717,961,Low,4.6
8882,Pinterest,36-45,Other,India,Tablet,WiFi,Free,Text,1.6,35,390,23,71,98104,4347,Medium,3.9
8883,Instagram,60+,Male,Japan,Desktop,WiFi,Premium,Image,5.3,25,697,140,75,2117,3845,Low,1.2
8884,TikTok,26-35,Male,UK,Tablet,WiFi,Free,Text,3.8,19,336,99,115,70062,1381,Low,6.8
8885,Reddit,26-35,Other,Brazil,Mobile,WiFi,Premium,Video,0.2,17,145,128,12,59154,1054,High,2.6
8886,LinkedIn,60+,Male,UK,Tablet,WiFi,Free,Image,0.7,38,734,112,70,87448,1991,High,2.4
8887,Facebook,36-45,Female,Australia,Tablet,WiFi,Premium,Mixed,4.0,20,503,102,68,62138,2529,High,6.9
8888,Twitter,60+,Other,Brazil,Mobile,WiFi,Free,Image,1.1,30,313,125,6,82510,2161,High,6.5
8889,Instagram,46-60,Female,UAE,Mobile,Mobile Data,Premium,Video,4.7,25,279,105,137,64442,3243,High,7.8
8890,Pinterest,46-60,Female,UAE,Desktop,WiFi,Premium,Image,5.2,11,555,166,117,51725,4083,High,3.4
8891,LinkedIn,13-18,Female,Australia,Desktop,WiFi,Premium,Mixed,1.0,20,424,187,121,85303,3098,Low,6.2
8892,Pinterest,46-60,Female,UAE,Mobile,Mobile Data,Free,Text,4.8,0,297,86,88,19362,2731,Low,5.9
8893,Twitter,36-45,Other,Canada,Tablet,WiFi,Free,Video,1.3,13,349,12,126,89555,4047,Low,6.4
8894,Pinterest,13-18,Male,Canada,Desktop,Mobile Data,Premium,Text,3.5,25,235,17,9,98600,3440,High,4.6
8895,Twitter,36-45,Other,Canada,Mobile,Mobile Data,Premium,Image,2.1,6,208,51,1,12346,2483,Medium,4.6
8896,TikTok,19-25,Other,Germany,Mobile,WiFi,Free,Mixed,1.3,36,719,53,49,80690,3997,High,7.2
8897,Snapchat,26-35,Male,USA,Tablet,WiFi,Free,Text,2.9,16,157,33,129,73322,2629,Medium,7.7
8898,Instagram,13-18,Other,UAE,Desktop,Mobile Data,Free,Image,4.5,24,634,100,21,88074,1560,High,5.0
8899,Facebook,60+,Male,Germany,Mobile,WiFi,Premium,Text,2.9,19,275,64,47,45337,1749,Low,6.2
8900,Pinterest,46-60,Female,Germany,Desktop,WiFi,Free,Video,5.1,30,259,148,120,360,2259,Medium,4.7
8901,Twitter,36-45,Female,Singapore,Mobile,Mobile Data,Free,Text,3.1,22,670,87,120,46417,806,Medium,3.7
8902,YouTube,13-18,Male,Australia,Tablet,Mobile Data,Premium,Image,2.3,24,535,159,28,28258,727,Medium,8.3
8903,Pinterest,46-60,Other,UAE,Tablet,WiFi,Free,Video,5.9,26,361,109,27,36883,932,Low,2.7
8904,YouTube,26-35,Female,UAE,Mobile,WiFi,Free,Video,4.6,5,120,21,3,54384,2737,High,3.4
8905,Pinterest,26-35,Male,Japan,Mobile,Mobile Data,Premium,Image,2.1,3,323,115,139,86253,931,Low,3.2
8906,Snapchat,46-60,Other,Australia,Tablet,Mobile Data,Free,Text,2.7,5,241,155,105,1458,3499,Low,7.3
8907,Snapchat,60+,Other,USA,Tablet,Mobile Data,Premium,Video,1.6,30,672,100,21,96882,2050,High,9.5
8908,Twitter,36-45,Female,USA,Mobile,WiFi,Premium,Mixed,4.9,10,182,184,91,69071,1637,Medium,7.3
8909,Twitter,19-25,Other,Germany,Desktop,WiFi,Free,Text,4.7,17,710,137,90,53304,4190,Low,8.2
8910,Pinterest,19-25,Other,USA,Mobile,WiFi,Premium,Video,2.3,36,575,114,135,2744,4565,Low,7.5
8911,Reddit,46-60,Female,USA,Tablet,WiFi,Free,Video,0.5,35,279,134,128,39228,166,Low,3.1
8912,Instagram,19-25,Other,Germany,Tablet,WiFi,Premium,Image,2.3,6,87,32,118,90265,3294,Medium,3.9
8913,Instagram,19-25,Male,Singapore,Desktop,Mobile Data,Premium,Video,3.7,34,761,172,131,87975,3206,Medium,7.9
8914,TikTok,36-45,Other,Singapore,Desktop,Mobile Data,Free,Image,5.8,20,766,81,72,62286,1788,Medium,5.3
8915,Facebook,60+,Male,Australia,Mobile,WiFi,Premium,Image,3.1,8,448,167,70,59831,3082,Low,5.9
8916,Facebook,19-25,Other,Canada,Mobile,WiFi,Premium,Text,1.2,4,306,98,130,52829,3910,Low,7.8
8917,Facebook,36-45,Male,Australia,Desktop,Mobile Data,Free,Video,2.0,14,43,1,92,13905,3387,High,7.8
8918,Instagram,26-35,Female,India,Mobile,Mobile Data,Free,Mixed,0.9,16,14,89,102,28715,4633,Medium,6.6
8919,Pinterest,46-60,Female,UK,Desktop,Mobile Data,Free,Video,3.0,29,752,114,8,1512,1645,High,2.2
8920,Pinterest,60+,Other,USA,Tablet,Mobile Data,Free,Text,2.6,11,318,38,98,78,833,Low,8.9
8921,Twitter,13-18,Other,UK,Tablet,WiFi,Free,Mixed,3.9,26,692,164,7,80506,3282,Medium,9.4
8922,Facebook,60+,Male,UAE,Desktop,Mobile Data,Premium,Video,1.2,11,492,200,149,60560,2046,Medium,4.5
8923,Instagram,36-45,Male,Germany,Tablet,Mobile Data,Free,Mixed,4.7,8,409,69,80,35750,1757,Medium,1.4
8924,Pinterest,19-25,Female,USA,Tablet,Mobile Data,Premium,Image,0.8,30,342,36,4,86667,3250,Medium,8.3
8925,Reddit,46-60,Male,UK,Tablet,Mobile Data,Free,Video,0.3,10,44,112,59,1800,692,Medium,8.5
8926,Facebook,26-35,Female,Germany,Tablet,Mobile Data,Premium,Video,0.6,5,434,71,7,15973,3447,Medium,7.8
8927,Reddit,13-18,Other,Japan,Tablet,WiFi,Premium,Text,0.3,40,198,38,34,92285,4807,High,3.0
8928,Pinterest,13-18,Male,Australia,Desktop,Mobile Data,Free,Text,0.8,21,632,23,68,22334,662,High,3.1
8929,Instagram,46-60,Male,Canada,Desktop,WiFi,Free,Mixed,4.8,14,120,117,61,38949,1543,High,2.2
8930,Instagram,26-35,Other,Australia,Mobile,WiFi,Free,Text,5.9,20,149,88,72,63568,1346,Medium,8.3
8931,LinkedIn,19-25,Other,UK,Tablet,Mobile Data,Free,Mixed,2.2,39,698,139,73,35238,3646,High,4.5
8932,LinkedIn,13-18,Other,Germany,Tablet,WiFi,Free,Text,2.3,27,551,113,54,45808,3106,High,5.7
8933,LinkedIn,13-18,Female,Canada,Desktop,Mobile Data,Premium,Text,3.4,39,366,132,7,7235,170,Low,8.3
8934,Facebook,19-25,Other,India,Mobile,Mobile Data,Free,Mixed,1.0,14,608,76,21,71115,3235,High,0.6
8935,Pinterest,26-35,Female,Australia,Desktop,WiFi,Premium,Video,4.9,21,637,126,134,14515,2205,Low,7.5
8936,Snapchat,46-60,Female,Japan,Mobile,Mobile Data,Premium,Text,2.4,29,401,141,102,34351,1499,Low,9.8
8937,Reddit,46-60,Other,UAE,Mobile,Mobile Data,Free,Text,1.6,29,773,36,0,53066,2356,Medium,2.5
8938,Instagram,60+,Female,Australia,Desktop,Mobile Data,Free,Text,5.5,37,387,15,120,79419,622,Low,5.1
8939,Snapchat,46-60,Male,Brazil,Tablet,Mobile Data,Free,Mixed,3.6,24,100,58,132,14786,4361,High,8.9
8940,YouTube,19-25,Other,UAE,Mobile,WiFi,Free,Mixed,1.5,2,325,1,56,28540,3786,High,1.8
8941,Twitter,60+,Male,Australia,Tablet,Mobile Data,Free,Video,4.2,5,696,142,22,50170,2441,Low,3.0
8942,LinkedIn,46-60,Male,UK,Desktop,Mobile Data,Free,Mixed,4.9,1,656,65,66,61412,952,High,3.4
8943,TikTok,36-45,Other,Germany,Tablet,WiFi,Free,Image,0.7,29,203,35,26,23330,2637,Low,1.9
8944,Reddit,46-60,Other,UK,Mobile,WiFi,Premium,Image,2.7,15,547,49,61,90358,1290,Medium,8.0
8945,TikTok,13-18,Other,Japan,Desktop,Mobile Data,Premium,Mixed,1.8,16,261,124,58,55270,4336,Medium,6.4
8946,Pinterest,13-18,Other,India,Desktop,Mobile Data,Premium,Text,1.8,33,532,12,87,2563,204,Medium,9.2
8947,YouTube,46-60,Male,UAE,Tablet,Mobile Data,Premium,Text,4.6,0,185,157,45,93622,3424,High,7.1
8948,YouTube,13-18,Other,Canada,Mobile,WiFi,Premium,Image,1.2,16,30,68,53,20708,1049,High,2.0
8949,YouTube,60+,Other,USA,Desktop,Mobile Data,Free,Text,5.5,36,315,14,42,20105,114,Low,3.1
8950,LinkedIn,60+,Other,UAE,Tablet,WiFi,Premium,Text,3.2,11,285,17,97,69941,4372,High,4.4
8951,YouTube,26-35,Other,India,Tablet,WiFi,Premium,Video,0.7,36,664,126,28,15553,4637,Low,2.3
8952,Facebook,13-18,Male,Singapore,Desktop,WiFi,Premium,Mixed,4.5,27,261,78,54,85026,3315,Medium,8.9
8953,LinkedIn,60+,Other,UAE,Mobile,WiFi,Free,Text,2.0,9,486,152,129,95072,3859,High,7.5
8954,Snapchat,60+,Female,Canada,Mobile,WiFi,Premium,Image,0.7,35,536,191,33,27591,4737,Medium,9.5
8955,Facebook,36-45,Other,Australia,Desktop,WiFi,Free,Image,5.1,0,746,30,150,47897,2347,Low,2.3
8956,Reddit,13-18,Female,UAE,Desktop,Mobile Data,Free,Video,5.7,13,342,74,147,86699,1361,Medium,6.8
8957,YouTube,13-18,Male,UAE,Mobile,Mobile Data,Free,Mixed,4.1,11,721,57,139,10989,3085,Medium,9.2
8958,YouTube,46-60,Other,Canada,Mobile,WiFi,Free,Mixed,5.8,4,653,124,99,32469,4189,High,7.6
8959,Pinterest,46-60,Other,UK,Tablet,Mobile Data,Free,Text,4.7,7,735,168,47,22182,2070,Low,6.3
8960,YouTube,36-45,Female,USA,Desktop,WiFi,Free,Image,1.0,27,647,58,57,50577,4674,High,6.9
8961,LinkedIn,13-18,Female,UAE,Tablet,WiFi,Premium,Video,2.9,14,180,71,134,75623,4023,Medium,5.0
8962,YouTube,13-18,Male,Singapore,Tablet,Mobile Data,Free,Image,5.4,8,341,102,10,51884,2277,Low,4.0
8963,Facebook,26-35,Other,Brazil,Mobile,Mobile Data,Premium,Image,5.5,10,405,105,78,49435,3709,Low,9.2
8964,Instagram,46-60,Male,USA,Desktop,WiFi,Free,Video,0.8,8,711,72,69,5601,4596,High,1.7
8965,Instagram,26-35,Other,USA,Mobile,Mobile Data,Premium,Image,4.5,14,610,91,141,4753,2237,Low,2.1
8966,Pinterest,13-18,Female,Germany,Mobile,Mobile Data,Free,Text,4.9,21,762,17,85,22155,4677,Low,4.3
8967,Reddit,13-18,Female,UK,Mobile,WiFi,Premium,Mixed,2.2,35,178,110,139,1248,1067,High,4.1
8968,Pinterest,26-35,Other,Australia,Tablet,WiFi,Free,Image,5.3,8,146,121,73,17471,342,Medium,8.5
8969,Instagram,36-45,Other,USA,Desktop,Mobile Data,Premium,Image,3.8,34,598,172,133,34347,1481,Low,2.9
8970,Reddit,36-45,Male,Canada,Mobile,Mobile Data,Free,Image,2.8,15,421,68,31,65547,1809,Low,2.1
8971,Facebook,26-35,Male,Brazil,Mobile,WiFi,Premium,Image,3.4,3,85,117,136,38335,3029,Low,2.6
8972,YouTube,46-60,Other,Australia,Tablet,Mobile Data,Premium,Mixed,0.5,27,132,40,142,16044,1631,Low,3.6
8973,TikTok,46-60,Male,Canada,Desktop,WiFi,Premium,Video,5.4,32,258,17,49,3195,2371,Medium,9.6
8974,Snapchat,46-60,Female,Germany,Tablet,Mobile Data,Free,Image,1.8,5,51,58,32,30479,665,Low,0.8
8975,LinkedIn,19-25,Other,USA,Desktop,Mobile Data,Free,Video,0.2,20,6,129,108,72188,2422,High,7.5
8976,LinkedIn,26-35,Female,Brazil,Mobile,WiFi,Premium,Text,4.5,4,662,112,0,17859,1677,Medium,2.1
8977,Instagram,60+,Female,Singapore,Desktop,Mobile Data,Free,Mixed,4.1,14,229,122,106,59487,1408,High,3.3
8978,Reddit,46-60,Other,Singapore,Mobile,Mobile Data,Premium,Text,0.6,27,308,134,140,57444,464,Medium,3.9
8979,Facebook,26-35,Other,UK,Mobile,Mobile Data,Free,Image,1.8,17,384,69,43,61537,1911,Low,5.2
8980,Facebook,36-45,Other,UAE,Tablet,Mobile Data,Premium,Mixed,5.8,32,564,77,94,7649,2089,Medium,5.7
8981,YouTube,36-45,Other,India,Tablet,WiFi,Free,Text,0.8,32,527,35,139,14295,1531,Low,3.2
8982,Facebook,60+,Male,UAE,Desktop,Mobile Data,Premium,Text,3.9,36,72,47,13,22755,1398,Low,9.4
8983,Snapchat,36-45,Male,Australia,Desktop,WiFi,Free,Video,3.6,7,235,154,146,45720,2182,High,5.0
8984,Snapchat,19-25,Other,UAE,Mobile,WiFi,Free,Video,1.4,8,98,14,72,84806,3451,High,6.7
8985,Snapchat,60+,Male,Australia,Mobile,WiFi,Premium,Text,2.0,16,206,118,64,67332,3280,Medium,9.1
8986,LinkedIn,26-35,Female,UK,Tablet,Mobile Data,Premium,Image,4.7,12,414,154,132,81511,3494,High,0.6
8987,Twitter,26-35,Other,Canada,Tablet,Mobile Data,Free,Image,2.1,19,599,144,85,45005,3341,High,7.6
8988,Snapchat,19-25,Male,USA,Mobile,Mobile Data,Free,Image,3.5,25,457,150,33,58201,2382,Medium,6.8
8989,YouTube,13-18,Other,Canada,Tablet,WiFi,Free,Mixed,0.3,38,590,76,51,1569,4132,Medium,6.8
8990,Pinterest,13-18,Other,UK,Desktop,WiFi,Free,Video,0.4,24,35,187,97,75457,834,High,9.7
8991,LinkedIn,19-25,Other,Brazil,Mobile,Mobile Data,Free,Image,2.5,27,554,87,113,63026,1933,Medium,1.3
8992,Reddit,19-25,Female,USA,Desktop,WiFi,Premium,Image,3.6,36,505,85,126,22276,1695,Medium,5.2
8993,Instagram,36-45,Other,Singapore,Mobile,Mobile Data,Free,Text,1.3,3,732,115,94,76798,4808,High,7.5
8994,Facebook,26-35,Male,UAE,Mobile,WiFi,Free,Mixed,2.0,6,679,200,111,62335,410,Medium,4.2
8995,TikTok,36-45,Female,USA,Desktop,WiFi,Free,Text,4.8,15,634,53,109,68102,4243,High,3.3
8996,Facebook,13-18,Male,Germany,Desktop,Mobile Data,Premium,Mixed,1.6,15,86,119,142,96680,458,Low,5.2
8997,Instagram,46-60,Other,USA,Desktop,Mobile Data,Free,Video,0.2,34,81,57,128,21150,435,High,9.1
8998,YouTube,46-60,Male,India,Tablet,Mobile Data,Premium,Image,4.2,17,486,19,94,9216,3460,Low,6.8
8999,YouTube,19-25,Male,Canada,Tablet,WiFi,Premium,Image,2.8,0,644,10,94,70606,1664,Low,5.0
9000,Facebook,46-60,Female,Japan,Tablet,WiFi,Premium,Image,2.6,3,521,60,53,18682,2897,Low,1.1
9001,LinkedIn,26-35,Female,Brazil,Tablet,WiFi,Premium,Video,4.9,15,409,57,57,76595,3187,Medium,1.7
9002,Pinterest,60+,Female,Canada,Tablet,WiFi,Free,Image,4.7,30,533,122,144,22114,715,Low,7.3
9003,TikTok,26-35,Other,Japan,Mobile,WiFi,Free,Video,4.1,10,3,47,149,4864,3280,Medium,7.7
9004,TikTok,13-18,Other,UAE,Tablet,Mobile Data,Premium,Mixed,1.8,5,623,19,1,91135,3220,Low,6.4
9005,LinkedIn,46-60,Male,USA,Mobile,Mobile Data,Free,Text,4.9,7,659,142,63,4438,4925,Medium,9.6
9006,YouTube,60+,Female,USA,Desktop,WiFi,Premium,Text,3.8,22,491,197,120,28820,1153,Low,5.3
9007,YouTube,60+,Male,USA,Desktop,Mobile Data,Free,Image,4.3,26,767,195,90,1895,2883,Medium,7.2
9008,Twitter,60+,Other,USA,Mobile,Mobile Data,Free,Video,3.6,31,741,35,54,31936,211,Low,8.4
9009,LinkedIn,19-25,Female,Japan,Mobile,WiFi,Free,Text,2.7,28,30,127,60,7518,3783,Low,8.9
9010,Snapchat,60+,Male,India,Tablet,WiFi,Free,Text,3.6,20,238,192,146,97415,3522,High,3.3
9011,LinkedIn,26-35,Female,USA,Tablet,Mobile Data,Premium,Text,4.1,34,48,54,96,23432,2272,Medium,2.3
9012,Reddit,36-45,Female,Brazil,Tablet,Mobile Data,Free,Mixed,3.0,28,290,63,125,68186,847,Low,7.1
9013,Pinterest,46-60,Male,Brazil,Tablet,WiFi,Free,Mixed,1.2,37,625,155,0,84246,293,Low,7.6
9014,Facebook,46-60,Other,Japan,Desktop,WiFi,Free,Video,5.9,22,633,151,43,67876,4970,Low,2.2
9015,LinkedIn,26-35,Male,USA,Mobile,WiFi,Free,Image,2.0,32,92,184,79,38992,2477,High,0.9
9016,TikTok,26-35,Male,Canada,Mobile,Mobile Data,Free,Video,3.2,36,16,133,95,88106,1595,Medium,6.8
9017,Instagram,19-25,Female,Singapore,Tablet,WiFi,Premium,Text,5.5,39,223,40,133,26381,4305,Medium,10.0
9018,YouTube,46-60,Female,Australia,Mobile,Mobile Data,Premium,Text,3.6,28,193,96,55,15867,3933,Medium,7.1
9019,TikTok,46-60,Male,Germany,Tablet,WiFi,Free,Text,3.6,15,163,9,10,17996,140,Medium,9.1
9020,Pinterest,26-35,Other,India,Tablet,WiFi,Free,Video,2.5,19,749,45,3,30820,623,Medium,7.8
9021,YouTube,36-45,Female,UAE,Mobile,Mobile Data,Premium,Text,1.0,11,58,108,43,43470,3573,High,7.4
9022,Pinterest,13-18,Other,Germany,Tablet,Mobile Data,Free,Mixed,2.2,20,305,99,97,42109,3531,High,2.4
9023,Facebook,36-45,Male,India,Mobile,Mobile Data,Premium,Mixed,0.8,22,487,96,2,74221,259,Low,7.3
9024,Snapchat,46-60,Male,Brazil,Desktop,WiFi,Free,Text,4.4,1,70,87,81,26274,4564,Low,6.8
9025,Snapchat,60+,Female,UAE,Tablet,Mobile Data,Free,Mixed,4.0,14,381,39,112,48507,4530,Medium,9.1
9026,Instagram,13-18,Female,UK,Mobile,WiFi,Premium,Mixed,4.5,24,557,169,138,31626,3814,Low,6.8
9027,Facebook,26-35,Male,UAE,Tablet,Mobile Data,Free,Text,1.5,21,406,33,61,56934,2884,High,3.8
9028,Reddit,13-18,Other,UK,Desktop,Mobile Data,Free,Mixed,5.6,20,559,34,96,34333,3303,High,5.6
9029,Pinterest,60+,Other,Japan,Tablet,WiFi,Premium,Video,4.6,7,229,18,130,94302,372,Low,3.6
9030,Facebook,36-45,Male,Germany,Desktop,WiFi,Premium,Video,2.8,5,773,22,142,34248,4598,Medium,6.1
9031,Twitter,19-25,Other,UK,Tablet,Mobile Data,Free,Mixed,5.5,5,197,79,111,71559,521,Medium,9.3
9032,Instagram,13-18,Other,Australia,Desktop,WiFi,Premium,Video,1.8,0,130,57,76,27091,1376,Medium,3.4
9033,Facebook,19-25,Other,UAE,Tablet,Mobile Data,Premium,Mixed,5.5,38,582,66,69,21191,2873,High,9.9
9034,Reddit,60+,Male,USA,Mobile,WiFi,Free,Video,2.2,18,577,60,32,86407,3958,Low,9.6
9035,YouTube,13-18,Other,India,Desktop,Mobile Data,Premium,Text,1.6,26,748,127,59,24888,1900,High,6.0
9036,Twitter,26-35,Female,Canada,Desktop,Mobile Data,Premium,Image,1.9,12,23,105,32,33757,4059,High,1.7
9037,Pinterest,46-60,Male,UAE,Desktop,Mobile Data,Free,Image,2.2,2,714,62,140,96688,3146,Low,2.7
9038,YouTube,60+,Other,Germany,Desktop,Mobile Data,Premium,Image,4.1,5,381,57,66,35090,1152,Medium,7.3
9039,Pinterest,19-25,Other,UK,Tablet,Mobile Data,Free,Image,2.5,40,426,11,32,68755,3624,Medium,5.4
9040,TikTok,46-60,Male,Australia,Desktop,WiFi,Free,Video,3.2,28,512,26,99,69254,1323,Low,5.5
9041,Facebook,19-25,Other,Singapore,Desktop,Mobile Data,Free,Video,0.7,22,174,88,130,34498,1025,Low,7.8
9042,LinkedIn,19-25,Other,Singapore,Tablet,WiFi,Premium,Video,3.3,12,298,13,6,70518,3723,Low,5.5
9043,Reddit,13-18,Other,UAE,Mobile,WiFi,Free,Text,4.8,40,73,86,45,12765,3042,High,1.1
9044,Reddit,19-25,Other,Japan,Mobile,WiFi,Free,Image,3.7,10,71,95,88,81811,1694,High,7.1
9045,Instagram,36-45,Other,UAE,Mobile,Mobile Data,Free,Image,4.0,33,784,180,82,53210,2940,Low,9.0
9046,Twitter,36-45,Female,UK,Desktop,Mobile Data,Free,Image,0.7,34,127,127,73,18557,1664,Medium,0.8
9047,Twitter,60+,Other,UK,Desktop,WiFi,Free,Video,4.1,24,2,38,121,55974,2751,Low,3.6
9048,Reddit,60+,Other,Canada,Mobile,WiFi,Free,Mixed,2.2,20,596,23,33,23001,2150,Medium,10.0
9049,Snapchat,26-35,Female,Germany,Mobile,Mobile Data,Premium,Image,2.6,7,348,24,19,14431,4529,High,4.6
9050,Twitter,19-25,Male,India,Desktop,WiFi,Free,Mixed,3.0,27,136,137,93,93213,4134,Medium,4.1
9051,Reddit,13-18,Other,India,Mobile,WiFi,Premium,Video,3.1,26,435,4,64,1455,1797,Medium,0.8
9052,TikTok,46-60,Other,Japan,Tablet,WiFi,Premium,Video,3.7,36,39,108,150,25499,1059,High,8.4
9053,Pinterest,36-45,Female,USA,Desktop,Mobile Data,Premium,Video,5.5,34,25,167,106,59269,2067,Medium,6.7
9054,Snapchat,19-25,Female,USA,Tablet,WiFi,Premium,Video,0.5,21,71,33,143,99642,2096,Low,5.3
9055,Reddit,13-18,Female,India,Mobile,Mobile Data,Free,Mixed,5.6,36,335,122,17,55186,3072,High,8.9
9056,TikTok,19-25,Male,UK,Mobile,Mobile Data,Premium,Mixed,1.5,20,74,78,19,90628,3544,Low,5.7
9057,Pinterest,13-18,Female,India,Tablet,WiFi,Premium,Image,4.0,13,768,167,101,55243,135,Medium,9.3
9058,Pinterest,19-25,Male,Canada,Mobile,WiFi,Free,Mixed,2.0,2,431,52,25,87504,1255,Low,3.2
9059,Facebook,36-45,Female,USA,Desktop,Mobile Data,Free,Video,1.7,14,417,97,37,31872,2025,Medium,4.6
9060,Snapchat,26-35,Female,Singapore,Desktop,Mobile Data,Free,Video,1.5,27,69,95,12,95050,1088,Medium,1.6
9061,Snapchat,13-18,Male,Japan,Tablet,Mobile Data,Premium,Mixed,1.1,34,245,173,22,12894,1350,Low,7.9
9062,Pinterest,26-35,Male,Singapore,Tablet,Mobile Data,Free,Mixed,0.9,3,76,104,72,18151,186,High,2.6
9063,Snapchat,13-18,Other,UAE,Tablet,WiFi,Free,Image,1.5,31,378,188,123,97867,1746,High,2.0
9064,Reddit,36-45,Male,Brazil,Mobile,WiFi,Free,Mixed,5.3,19,624,76,67,21432,3248,Medium,0.6
9065,Reddit,13-18,Female,Japan,Desktop,WiFi,Premium,Image,3.6,40,383,179,52,41406,1354,Low,3.7
9066,Snapchat,26-35,Male,Brazil,Tablet,WiFi,Premium,Image,5.0,9,86,18,10,86730,3910,Low,5.1
9067,TikTok,13-18,Other,UAE,Desktop,WiFi,Premium,Text,2.7,36,97,94,36,32592,4462,Medium,6.8
9068,Reddit,60+,Female,Brazil,Desktop,WiFi,Free,Image,0.4,32,590,62,10,57485,3903,Medium,6.0
9069,Snapchat,19-25,Other,USA,Mobile,Mobile Data,Premium,Image,0.3,11,653,61,61,36563,3305,Low,7.0
9070,LinkedIn,26-35,Other,Australia,Tablet,Mobile Data,Free,Mixed,4.5,39,319,143,101,57429,1473,Low,4.1
9071,Twitter,26-35,Female,USA,Tablet,Mobile Data,Premium,Video,1.9,9,530,185,47,7424,1973,Medium,9.4
9072,Twitter,13-18,Male,Singapore,Desktop,Mobile Data,Premium,Mixed,5.3,34,684,117,62,60241,1048,Medium,7.2
9073,Snapchat,13-18,Other,Brazil,Tablet,Mobile Data,Free,Video,0.5,39,473,45,73,47921,4976,Low,7.9
9074,TikTok,19-25,Male,Canada,Tablet,WiFi,Premium,Mixed,5.4,27,649,109,128,6230,1313,Low,8.5
9075,TikTok,36-45,Female,Australia,Desktop,Mobile Data,Premium,Text,3.5,9,643,128,65,20156,578,Medium,3.3
9076,Facebook,46-60,Other,Brazil,Tablet,Mobile Data,Premium,Text,0.7,10,445,162,99,97099,1256,Low,9.7
9077,Pinterest,36-45,Male,Germany,Mobile,Mobile Data,Free,Video,3.5,14,298,146,43,24216,1402,Low,1.3
9078,LinkedIn,19-25,Female,Australia,Desktop,Mobile Data,Free,Video,1.2,25,593,171,95,90738,2807,Low,5.3
9079,Instagram,19-25,Female,Canada,Tablet,Mobile Data,Free,Video,4.3,32,87,60,77,41571,2346,Low,0.6
9080,Twitter,13-18,Male,Japan,Desktop,Mobile Data,Premium,Image,1.0,18,188,77,95,31528,2805,Medium,4.2
9081,Reddit,36-45,Female,Australia,Desktop,WiFi,Premium,Video,5.3,4,204,188,73,56280,3300,High,2.0
9082,LinkedIn,19-25,Female,USA,Tablet,WiFi,Free,Mixed,5.9,4,312,160,24,72546,4213,Low,0.8
9083,Snapchat,60+,Male,Canada,Tablet,WiFi,Free,Text,1.9,10,536,42,87,63773,3284,High,5.9
9084,Reddit,19-25,Other,Australia,Mobile,Mobile Data,Free,Mixed,1.1,33,325,151,110,26701,2364,Medium,1.4
9085,Facebook,26-35,Other,Singapore,Desktop,Mobile Data,Free,Image,1.9,4,771,104,72,61649,3027,Low,3.3
9086,Reddit,46-60,Other,India,Mobile,WiFi,Free,Video,1.1,7,83,86,36,29841,3545,Low,2.0
9087,LinkedIn,19-25,Other,India,Desktop,Mobile Data,Free,Mixed,0.3,6,447,133,19,50521,2312,High,8.9
9088,Reddit,19-25,Male,USA,Tablet,WiFi,Premium,Mixed,3.1,18,376,120,111,82682,4676,High,2.0
9089,YouTube,60+,Female,Canada,Desktop,Mobile Data,Premium,Video,4.5,29,711,69,100,60624,258,Medium,8.1
9090,Twitter,46-60,Male,Singapore,Desktop,WiFi,Premium,Video,2.1,8,784,25,99,84189,2907,High,4.2
9091,Facebook,36-45,Male,Japan,Mobile,WiFi,Free,Video,3.2,35,760,124,112,45876,3245,Medium,2.5
9092,YouTube,46-60,Male,Australia,Tablet,WiFi,Premium,Text,3.6,30,130,82,0,23418,4849,Medium,5.5
9093,LinkedIn,13-18,Male,Germany,Mobile,WiFi,Premium,Image,0.9,10,396,78,13,50102,4826,Low,4.6
9094,Twitter,46-60,Other,India,Tablet,WiFi,Premium,Video,1.6,10,335,53,54,37745,1372,Low,0.8
9095,Instagram,26-35,Other,Australia,Tablet,WiFi,Free,Video,5.6,28,723,10,45,36158,1102,Low,8.3
9096,Twitter,19-25,Female,Germany,Tablet,WiFi,Premium,Text,5.7,22,617,64,116,85476,1476,Low,3.5
9097,LinkedIn,36-45,Male,Australia,Mobile,WiFi,Premium,Text,5.1,29,762,165,96,8078,3330,High,8.3
9098,Pinterest,26-35,Female,India,Mobile,WiFi,Premium,Text,2.8,0,184,82,105,39164,2612,High,2.7
9099,Facebook,13-18,Male,Singapore,Tablet,Mobile Data,Premium,Text,0.6,9,747,156,27,40801,456,Low,9.0
9100,LinkedIn,26-35,Other,USA,Mobile,Mobile Data,Free,Mixed,3.9,29,117,79,27,99280,2393,Medium,4.7
9101,Reddit,26-35,Male,Germany,Tablet,Mobile Data,Premium,Video,1.4,30,134,15,47,13666,2419,High,9.2
9102,Facebook,19-25,Female,Japan,Tablet,WiFi,Premium,Image,0.4,16,283,184,28,20394,4217,Low,9.2
9103,Facebook,60+,Other,Germany,Tablet,WiFi,Free,Text,1.3,27,48,27,24,57090,4507,High,3.9
9104,Twitter,26-35,Male,Canada,Desktop,WiFi,Premium,Image,4.3,9,123,97,119,43604,1168,High,3.9
9105,TikTok,46-60,Female,Japan,Desktop,Mobile Data,Free,Text,0.2,31,582,158,112,29315,4681,Medium,1.3
9106,Reddit,36-45,Female,Japan,Mobile,WiFi,Free,Mixed,1.1,17,109,110,35,47350,3241,Low,0.8
9107,TikTok,13-18,Other,Singapore,Desktop,Mobile Data,Free,Text,5.6,15,156,66,109,22393,509,Low,8.4
9108,LinkedIn,60+,Female,Singapore,Mobile,WiFi,Free,Mixed,2.2,30,434,117,89,56210,4966,Low,2.0
9109,Reddit,26-35,Male,Canada,Desktop,WiFi,Premium,Image,4.2,34,627,92,5,27095,1915,Low,7.3
9110,Snapchat,13-18,Female,UAE,Desktop,WiFi,Premium,Image,4.6,1,119,134,126,90854,1794,High,7.5
9111,LinkedIn,46-60,Female,UAE,Tablet,WiFi,Premium,Video,1.5,20,638,153,3,92188,3738,Medium,6.7
9112,Reddit,60+,Other,UAE,Mobile,WiFi,Premium,Text,2.6,27,91,138,51,85174,3587,High,7.3
9113,LinkedIn,19-25,Female,India,Tablet,WiFi,Premium,Image,3.0,11,739,17,36,66679,2746,Medium,1.4
9114,TikTok,13-18,Male,Singapore,Desktop,Mobile Data,Free,Image,1.7,2,253,75,13,74247,3749,Medium,3.4
9115,Twitter,13-18,Other,UAE,Tablet,WiFi,Free,Text,4.7,16,366,9,138,62411,3467,Low,1.8
9116,Twitter,60+,Male,Canada,Mobile,Mobile Data,Premium,Mixed,1.9,18,398,156,131,80998,3607,Low,4.8
9117,Facebook,46-60,Female,Australia,Mobile,Mobile Data,Premium,Text,2.9,13,352,82,2,94395,4347,Low,9.0
9118,Pinterest,60+,Male,Canada,Mobile,Mobile Data,Free,Video,3.1,5,365,57,47,52111,3442,High,2.6
9119,TikTok,60+,Male,Japan,Tablet,WiFi,Premium,Mixed,3.2,21,667,9,59,66334,2007,Medium,6.5
9120,Snapchat,36-45,Female,UK,Tablet,Mobile Data,Free,Text,5.0,15,729,14,134,19909,3365,Low,2.6
9121,Instagram,13-18,Male,Brazil,Desktop,Mobile Data,Free,Video,2.6,17,171,186,146,69504,2968,Medium,0.7
9122,Instagram,46-60,Female,UAE,Desktop,Mobile Data,Free,Text,3.8,23,704,188,46,75890,1648,Medium,6.1
9123,Instagram,36-45,Male,Germany,Desktop,WiFi,Premium,Video,5.8,3,307,135,9,17389,3519,Medium,8.9
9124,Instagram,19-25,Male,Australia,Mobile,Mobile Data,Free,Mixed,5.4,34,164,88,114,86543,4253,High,4.7
9125,Twitter,19-25,Other,UAE,Desktop,WiFi,Free,Image,3.1,17,194,4,79,33596,4429,Low,5.9
9126,Facebook,19-25,Female,Germany,Tablet,WiFi,Premium,Image,2.3,16,228,184,80,65368,4342,Low,6.4
9127,Instagram,13-18,Other,Germany,Mobile,WiFi,Free,Text,1.4,25,517,149,114,12599,1260,High,8.7
9128,Snapchat,26-35,Male,Singapore,Desktop,Mobile Data,Free,Video,1.6,30,253,39,18,70556,1070,Medium,5.7
9129,TikTok,36-45,Male,Singapore,Desktop,Mobile Data,Free,Video,5.2,9,536,193,83,36885,1582,Medium,8.9
9130,Pinterest,26-35,Male,Canada,Desktop,WiFi,Free,Text,3.5,20,667,3,41,5317,2567,High,5.9
9131,Reddit,13-18,Male,USA,Tablet,Mobile Data,Free,Image,5.6,37,317,199,70,12490,3364,Low,9.7
9132,Snapchat,60+,Female,Australia,Desktop,Mobile Data,Premium,Video,1.8,32,577,100,89,22744,4523,High,7.1
9133,Twitter,13-18,Female,Australia,Tablet,WiFi,Free,Image,1.0,31,121,188,140,77303,1382,High,5.9
9134,Pinterest,60+,Female,UAE,Mobile,Mobile Data,Premium,Mixed,4.3,8,257,191,125,2906,3225,Medium,9.7
9135,Pinterest,26-35,Male,Singapore,Tablet,Mobile Data,Premium,Video,3.1,5,164,19,8,8310,4980,High,4.0
9136,Twitter,13-18,Male,UK,Desktop,WiFi,Premium,Text,1.9,40,772,149,117,24295,1027,Low,6.1
9137,TikTok,26-35,Other,Australia,Desktop,WiFi,Premium,Image,4.0,21,337,152,53,31297,4717,Low,0.9
9138,YouTube,36-45,Other,UK,Mobile,Mobile Data,Free,Mixed,2.2,15,383,34,116,86269,3864,High,8.4
9139,Snapchat,19-25,Other,Canada,Mobile,WiFi,Premium,Mixed,0.5,37,316,52,142,38576,2317,Low,8.0
9140,Facebook,19-25,Male,India,Tablet,WiFi,Free,Mixed,0.5,28,605,43,96,18774,2452,Low,8.4
9141,Facebook,46-60,Male,India,Desktop,WiFi,Free,Text,0.8,7,396,135,49,12763,348,High,2.7
9142,LinkedIn,26-35,Female,Singapore,Tablet,WiFi,Free,Image,5.6,40,560,38,47,54014,1348,Low,7.1
9143,TikTok,36-45,Male,Japan,Mobile,Mobile Data,Free,Image,3.8,34,417,140,75,18338,2047,Medium,2.7
9144,Pinterest,26-35,Female,Germany,Mobile,WiFi,Premium,Mixed,0.6,33,770,24,65,93018,3815,Medium,3.9
9145,Instagram,26-35,Other,India,Tablet,Mobile Data,Premium,Video,3.3,30,203,37,64,53812,2724,High,1.8
9146,Twitter,19-25,Other,Australia,Mobile,Mobile Data,Premium,Text,0.6,17,101,16,81,86064,2529,Low,3.1
9147,Instagram,36-45,Other,UAE,Desktop,WiFi,Free,Video,4.0,1,506,185,0,58795,553,Low,6.4
9148,YouTube,26-35,Male,Australia,Desktop,Mobile Data,Premium,Video,0.8,9,103,43,2,7178,3791,Medium,9.6
9149,Pinterest,46-60,Male,Japan,Desktop,Mobile Data,Premium,Video,1.8,17,481,181,117,21535,4245,High,1.8
9150,Snapchat,60+,Female,UAE,Mobile,Mobile Data,Free,Image,4.9,0,704,99,63,11560,1134,High,5.3
9151,TikTok,36-45,Male,Canada,Mobile,WiFi,Premium,Video,5.7,37,429,179,117,28875,1587,Low,4.7
9152,LinkedIn,46-60,Other,Canada,Desktop,Mobile Data,Premium,Mixed,5.1,39,283,180,37,65739,937,Medium,1.8
9153,Reddit,36-45,Male,USA,Tablet,Mobile Data,Free,Text,5.0,11,605,135,9,19473,454,High,6.8
9154,Pinterest,26-35,Male,Germany,Desktop,Mobile Data,Free,Video,3.5,40,582,182,33,95815,1060,Medium,7.0
9155,Snapchat,26-35,Female,Brazil,Desktop,Mobile Data,Free,Image,4.2,19,430,152,43,55141,2073,Medium,4.2
9156,Twitter,19-25,Female,UK,Desktop,Mobile Data,Free,Text,5.5,5,422,55,65,83184,654,Low,5.0
9157,Reddit,19-25,Female,Singapore,Desktop,Mobile Data,Free,Image,4.4,15,627,9,53,91024,1868,High,8.3
9158,LinkedIn,60+,Female,UAE,Mobile,Mobile Data,Free,Text,5.3,0,578,52,144,54838,3726,Low,6.1
9159,YouTube,19-25,Other,Australia,Desktop,WiFi,Free,Video,2.0,28,670,46,112,62903,2471,Low,6.8
9160,Instagram,26-35,Other,Singapore,Mobile,Mobile Data,Premium,Image,5.0,31,211,27,53,29435,4750,Medium,8.9
9161,Reddit,19-25,Female,Australia,Desktop,WiFi,Premium,Text,2.9,33,532,94,26,20764,3803,Medium,2.1
9162,Reddit,36-45,Female,Australia,Desktop,Mobile Data,Premium,Video,1.7,30,300,165,87,58515,2064,Low,7.0
9163,Pinterest,60+,Other,UK,Mobile,WiFi,Free,Image,5.2,14,374,50,6,22677,4059,High,0.6
9164,LinkedIn,26-35,Female,Australia,Tablet,Mobile Data,Free,Image,0.4,17,238,117,73,76485,717,Low,5.8
9165,Twitter,19-25,Other,Germany,Desktop,Mobile Data,Premium,Mixed,2.7,5,762,18,96,34325,954,High,5.8
9166,Pinterest,26-35,Other,UAE,Tablet,WiFi,Free,Mixed,2.5,24,145,174,140,45526,3206,High,5.3
9167,Facebook,60+,Female,India,Tablet,WiFi,Free,Text,3.3,14,33,79,87,66111,3252,Low,7.1
9168,Instagram,13-18,Male,UK,Mobile,Mobile Data,Premium,Video,0.4,39,147,84,6,67404,4139,Low,6.3
9169,Facebook,13-18,Male,UK,Tablet,WiFi,Free,Image,2.2,7,737,139,108,76646,4782,Medium,6.0
9170,TikTok,36-45,Male,Singapore,Mobile,WiFi,Premium,Text,3.6,32,587,85,37,53626,642,Low,9.8
9171,Twitter,36-45,Other,UK,Mobile,Mobile Data,Premium,Text,3.3,24,578,95,71,93063,3735,High,6.6
9172,Reddit,46-60,Male,USA,Tablet,WiFi,Premium,Mixed,5.1,19,148,149,107,23851,294,Low,8.9
9173,Twitter,19-25,Female,Australia,Mobile,Mobile Data,Premium,Image,4.6,23,543,127,58,82744,885,Medium,8.6
9174,TikTok,60+,Female,UK,Tablet,Mobile Data,Premium,Image,5.2,34,107,187,128,593,4273,High,9.0
9175,Facebook,19-25,Male,Germany,Mobile,Mobile Data,Free,Mixed,2.3,17,275,151,0,15603,3302,Medium,0.6
9176,Snapchat,36-45,Male,Canada,Mobile,WiFi,Premium,Mixed,3.6,21,181,80,16,48957,3179,Low,2.7
9177,Twitter,19-25,Other,Canada,Tablet,WiFi,Premium,Text,5.7,17,575,115,63,37825,4971,Low,1.4
9178,TikTok,60+,Other,UK,Desktop,WiFi,Premium,Mixed,2.4,4,401,4,27,9594,2679,High,7.9
9179,Instagram,36-45,Female,USA,Desktop,Mobile Data,Premium,Text,4.3,34,501,4,52,9236,2255,High,9.7
9180,Reddit,60+,Male,Canada,Mobile,WiFi,Premium,Mixed,4.8,9,48,70,149,22128,1897,Medium,9.5
9181,TikTok,60+,Other,Brazil,Desktop,WiFi,Free,Text,1.8,31,728,106,91,1159,312,Low,5.7
9182,Reddit,13-18,Other,Brazil,Mobile,WiFi,Premium,Image,1.2,8,560,85,60,80333,4984,Medium,3.9
9183,Facebook,26-35,Other,Brazil,Tablet,WiFi,Premium,Text,1.7,26,328,64,10,40999,1363,Medium,2.4
9184,LinkedIn,19-25,Female,UAE,Tablet,Mobile Data,Free,Text,5.3,14,323,133,127,90686,3078,Low,6.8
9185,Twitter,46-60,Female,Japan,Mobile,WiFi,Premium,Video,4.8,11,692,182,131,90445,1429,Medium,2.2
9186,Pinterest,19-25,Male,Japan,Tablet,Mobile Data,Free,Video,5.7,34,772,191,144,8810,2560,High,3.5
9187,Twitter,19-25,Female,Singapore,Desktop,WiFi,Premium,Video,4.2,10,744,23,23,51521,1096,High,1.0
9188,Twitter,36-45,Male,USA,Tablet,Mobile Data,Premium,Image,4.5,1,597,146,137,14093,2128,High,8.5
9189,TikTok,46-60,Other,UK,Desktop,WiFi,Free,Image,5.8,27,573,102,15,85484,4447,High,10.0
9190,LinkedIn,19-25,Female,UAE,Desktop,Mobile Data,Premium,Video,5.0,32,591,158,64,74245,3452,Low,5.8
9191,Pinterest,60+,Male,UK,Tablet,WiFi,Free,Text,1.2,11,758,40,123,36105,2142,Medium,7.0
9192,TikTok,60+,Other,USA,Mobile,Mobile Data,Premium,Text,2.8,21,657,96,90,35315,538,Low,5.7
9193,YouTube,19-25,Male,India,Desktop,Mobile Data,Free,Mixed,0.8,35,592,101,93,74169,1372,Low,6.6
9194,Facebook,60+,Male,Australia,Mobile,WiFi,Premium,Video,1.8,39,310,29,70,24873,3864,Low,4.7
9195,Reddit,36-45,Other,Brazil,Desktop,WiFi,Free,Mixed,1.9,5,127,28,22,38333,4420,Medium,8.4
9196,TikTok,60+,Female,UAE,Mobile,WiFi,Premium,Mixed,0.8,39,642,93,94,97071,4315,High,9.5
9197,YouTube,36-45,Other,USA,Tablet,Mobile Data,Free,Image,5.7,38,634,101,141,25820,518,High,6.9
9198,Pinterest,46-60,Male,USA,Mobile,WiFi,Premium,Image,1.4,21,199,24,131,96273,1873,Low,8.9
9199,TikTok,13-18,Male,India,Mobile,Mobile Data,Free,Mixed,4.2,22,742,156,18,77546,1521,Medium,3.8
9200,YouTube,60+,Male,India,Tablet,WiFi,Premium,Mixed,3.9,34,272,13,133,20649,735,Medium,2.4
9201,YouTube,46-60,Male,India,Mobile,Mobile Data,Premium,Mixed,0.6,33,691,200,59,56060,3390,Low,1.5
9202,Facebook,13-18,Female,Australia,Desktop,Mobile Data,Free,Video,2.2,27,225,37,2,59635,473,Medium,5.2
9203,YouTube,13-18,Male,India,Mobile,WiFi,Free,Image,5.7,23,763,30,50,10759,972,Low,6.8
9204,Snapchat,60+,Male,Brazil,Tablet,WiFi,Free,Video,1.1,18,600,93,55,61572,1971,High,9.7
9205,Reddit,13-18,Male,USA,Mobile,Mobile Data,Free,Text,0.3,22,662,95,101,89238,2037,Low,8.8
9206,Pinterest,13-18,Female,Germany,Mobile,Mobile Data,Premium,Text,5.1,19,311,178,14,27245,4959,Low,3.9
9207,Pinterest,36-45,Male,Japan,Tablet,WiFi,Premium,Text,0.3,40,271,16,83,90898,1927,Medium,5.3
9208,TikTok,13-18,Other,Singapore,Tablet,WiFi,Free,Video,0.4,35,598,51,34,85163,108,Low,7.3
9209,Pinterest,13-18,Male,UAE,Mobile,WiFi,Free,Video,3.4,1,6,141,104,59333,4860,High,2.5
9210,Snapchat,60+,Female,Singapore,Mobile,WiFi,Free,Video,2.7,18,564,191,46,16284,1414,Low,0.5
9211,Snapchat,19-25,Other,India,Tablet,Mobile Data,Premium,Image,4.3,37,162,98,36,88689,731,Medium,2.9
9212,LinkedIn,60+,Female,Japan,Mobile,WiFi,Free,Image,2.1,22,640,124,64,89589,1378,Medium,3.2
9213,Reddit,13-18,Other,UAE,Mobile,Mobile Data,Premium,Mixed,4.8,6,74,150,104,55202,3603,Medium,3.0
9214,TikTok,19-25,Female,Australia,Desktop,WiFi,Premium,Video,1.8,26,224,181,126,97120,495,Medium,6.9
9215,Twitter,46-60,Other,Japan,Tablet,WiFi,Premium,Text,5.0,13,693,15,78,48415,2017,High,9.5
9216,TikTok,60+,Other,UK,Desktop,Mobile Data,Premium,Image,4.6,36,426,125,119,50135,2483,Medium,0.7
9217,Facebook,19-25,Female,Brazil,Mobile,WiFi,Free,Mixed,5.4,22,202,131,132,2774,2390,Medium,8.8
9218,TikTok,13-18,Other,Australia,Tablet,WiFi,Premium,Video,2.6,39,175,115,50,17859,2902,Medium,6.6
9219,YouTube,19-25,Other,Germany,Desktop,Mobile Data,Premium,Mixed,1.3,4,7,67,129,37049,4574,Low,1.0
9220,LinkedIn,26-35,Other,Germany,Desktop,WiFi,Free,Mixed,5.2,14,118,108,104,17260,1205,Medium,3.9
9221,Twitter,46-60,Male,Germany,Desktop,Mobile Data,Free,Video,4.5,32,192,57,41,58679,2525,Low,7.1
9222,Pinterest,26-35,Female,Canada,Tablet,WiFi,Free,Text,1.0,12,481,113,145,20967,3817,High,6.4
9223,TikTok,13-18,Male,UAE,Desktop,Mobile Data,Free,Image,4.9,35,735,196,38,9541,2851,Medium,6.7
9224,Reddit,26-35,Female,Australia,Desktop,WiFi,Premium,Video,5.0,35,312,78,100,65177,1205,High,4.6
9225,Facebook,36-45,Female,UAE,Mobile,WiFi,Free,Text,5.6,12,406,150,52,54205,4655,Low,5.4
9226,TikTok,36-45,Male,Australia,Desktop,WiFi,Premium,Text,1.5,8,637,86,102,59921,4949,Low,2.6
9227,Twitter,13-18,Male,India,Desktop,Mobile Data,Premium,Image,3.6,0,762,140,130,10115,4868,High,5.4
9228,Snapchat,19-25,Female,USA,Mobile,Mobile Data,Free,Image,3.1,25,630,101,41,40256,2889,High,8.4
9229,LinkedIn,36-45,Female,India,Tablet,WiFi,Free,Video,0.7,26,650,45,118,96916,2171,Low,7.1
9230,Pinterest,46-60,Other,UAE,Mobile,Mobile Data,Premium,Text,0.6,19,282,108,145,64264,2217,Medium,2.1
9231,LinkedIn,13-18,Female,Singapore,Tablet,WiFi,Premium,Image,3.7,18,783,141,87,12736,3686,Low,9.1
9232,Pinterest,26-35,Female,Australia,Tablet,Mobile Data,Free,Image,3.3,9,106,194,36,30042,2454,High,6.5
9233,Reddit,13-18,Female,India,Desktop,WiFi,Free,Text,2.7,11,692,190,110,73852,1944,Low,5.7
9234,Reddit,19-25,Female,Germany,Desktop,Mobile Data,Free,Mixed,1.1,20,415,192,127,24124,643,Medium,5.4
9235,Twitter,36-45,Female,UK,Desktop,Mobile Data,Premium,Video,4.3,21,213,23,37,17108,2676,Low,8.4
9236,Twitter,60+,Female,Singapore,Mobile,WiFi,Free,Mixed,6.0,4,658,102,60,53403,851,High,7.1
9237,YouTube,60+,Other,Brazil,Tablet,Mobile Data,Free,Text,5.2,32,557,161,140,68337,4775,High,1.6
9238,Facebook,60+,Female,Brazil,Tablet,WiFi,Free,Video,4.1,29,429,179,3,80916,3219,Low,1.3
9239,Instagram,60+,Other,Australia,Tablet,Mobile Data,Free,Mixed,2.5,29,270,83,90,15921,2778,Low,3.9
9240,YouTube,36-45,Other,Brazil,Desktop,WiFi,Free,Text,4.0,31,216,4,64,49571,346,Medium,9.2
9241,Instagram,36-45,Female,Brazil,Desktop,Mobile Data,Free,Mixed,4.9,4,577,162,24,11579,4681,Low,7.7
9242,LinkedIn,46-60,Female,Canada,Mobile,Mobile Data,Premium,Video,5.2,37,498,48,4,90580,3154,Low,3.4
9243,Twitter,13-18,Female,Japan,Tablet,Mobile Data,Free,Text,4.4,1,34,184,35,71479,4414,High,6.3
9244,LinkedIn,60+,Male,Germany,Tablet,WiFi,Free,Mixed,4.2,15,443,128,73,80712,1212,Medium,3.0
9245,YouTube,26-35,Male,India,Desktop,Mobile Data,Premium,Text,2.3,37,98,160,29,56552,3281,Medium,3.3
9246,LinkedIn,60+,Male,Australia,Desktop,Mobile Data,Premium,Image,2.1,39,348,156,34,98629,2142,Medium,8.5
9247,Facebook,19-25,Other,UAE,Mobile,Mobile Data,Free,Text,2.0,39,62,39,130,84696,4933,Medium,3.7
9248,YouTube,46-60,Male,Japan,Mobile,Mobile Data,Premium,Image,0.3,8,396,48,3,27529,4305,High,2.2
9249,YouTube,19-25,Female,Germany,Mobile,Mobile Data,Free,Text,5.1,35,165,96,12,40837,560,Low,7.3
9250,Facebook,46-60,Female,UK,Desktop,WiFi,Premium,Image,2.1,4,377,179,45,60905,196,Low,6.9
9251,Snapchat,36-45,Other,UAE,Tablet,Mobile Data,Premium,Text,4.6,5,685,35,69,72569,4205,Low,5.0
9252,Twitter,26-35,Male,Singapore,Mobile,WiFi,Premium,Image,1.8,7,441,70,33,37892,3625,High,6.2
9253,Instagram,13-18,Other,UAE,Mobile,WiFi,Free,Video,1.8,17,94,166,69,70161,3660,Medium,7.8
9254,LinkedIn,19-25,Other,UAE,Desktop,WiFi,Free,Mixed,2.9,40,382,106,13,12574,712,Low,2.2
9255,Snapchat,26-35,Other,UK,Tablet,WiFi,Premium,Video,3.6,40,102,85,135,42412,4596,Low,8.4
9256,Pinterest,26-35,Female,UAE,Desktop,WiFi,Premium,Image,3.7,36,771,102,134,8319,4391,Low,4.3
9257,Instagram,46-60,Male,Germany,Desktop,WiFi,Free,Mixed,5.9,29,365,121,147,4185,3402,Low,9.2
9258,TikTok,36-45,Male,Singapore,Tablet,Mobile Data,Free,Mixed,0.7,29,559,84,54,91063,1116,Medium,9.5
9259,Twitter,36-45,Male,UK,Tablet,WiFi,Premium,Text,2.3,12,27,3,145,60246,2192,Medium,3.5
9260,Instagram,46-60,Female,Japan,Desktop,Mobile Data,Premium,Mixed,5.1,30,688,23,9,97358,2425,High,5.4
9261,YouTube,13-18,Other,USA,Desktop,WiFi,Premium,Mixed,6.0,13,253,28,125,96716,882,Medium,3.1
9262,YouTube,36-45,Male,Australia,Desktop,Mobile Data,Premium,Text,1.4,11,108,141,90,93958,4868,Medium,6.8
9263,Pinterest,13-18,Other,Brazil,Mobile,Mobile Data,Free,Text,4.0,7,90,1,149,71308,335,Low,2.1
9264,Facebook,26-35,Other,UAE,Mobile,Mobile Data,Free,Mixed,3.0,21,628,58,48,20205,3639,High,6.6
9265,LinkedIn,46-60,Other,USA,Desktop,Mobile Data,Free,Image,3.5,35,86,200,68,98743,2915,High,3.3
9266,Snapchat,60+,Male,India,Mobile,Mobile Data,Free,Text,3.7,39,330,172,23,73294,1910,High,5.9
9267,Instagram,26-35,Other,Brazil,Desktop,Mobile Data,Premium,Text,2.6,24,709,85,101,26922,1941,Low,4.3
9268,LinkedIn,13-18,Male,UAE,Desktop,WiFi,Premium,Video,1.6,26,437,144,75,20892,4656,Low,2.9
9269,Instagram,13-18,Female,UAE,Desktop,Mobile Data,Premium,Video,4.8,31,294,165,146,66298,1997,High,2.0
9270,Pinterest,26-35,Male,UK,Desktop,Mobile Data,Free,Text,0.2,7,509,194,80,48816,3226,High,8.7
9271,Snapchat,60+,Male,Japan,Tablet,WiFi,Free,Text,1.5,13,624,170,29,52917,3412,Medium,9.0
9272,Pinterest,46-60,Female,Brazil,Mobile,Mobile Data,Premium,Image,5.3,22,644,110,133,26915,65,High,0.5
9273,Snapchat,60+,Other,UK,Mobile,Mobile Data,Free,Text,4.1,7,628,87,16,4619,4022,High,2.4
9274,Pinterest,36-45,Other,Australia,Tablet,WiFi,Premium,Image,5.6,35,494,137,50,54642,3895,High,4.2
9275,YouTube,46-60,Female,Japan,Tablet,Mobile Data,Free,Text,3.4,4,41,84,111,18798,370,Low,4.7
9276,Twitter,19-25,Other,UK,Tablet,WiFi,Free,Video,4.2,40,479,67,2,60082,2049,Low,3.5
9277,Pinterest,36-45,Other,USA,Tablet,WiFi,Premium,Image,3.3,22,367,115,22,14890,1098,Low,10.0
9278,LinkedIn,46-60,Male,UK,Mobile,Mobile Data,Premium,Image,5.9,34,428,196,117,29739,182,Medium,3.0
9279,Snapchat,13-18,Other,Japan,Tablet,WiFi,Free,Video,3.2,39,80,184,113,38131,570,Medium,4.1
9280,TikTok,60+,Other,Singapore,Tablet,Mobile Data,Free,Image,3.0,40,29,61,3,71663,859,High,6.6
9281,Snapchat,46-60,Male,USA,Desktop,WiFi,Free,Text,0.9,19,262,42,67,41373,722,Low,9.6
9282,TikTok,19-25,Other,India,Mobile,Mobile Data,Premium,Text,4.6,38,390,155,27,41475,4205,High,2.8
9283,Facebook,60+,Male,Singapore,Tablet,WiFi,Premium,Video,1.4,7,10,152,36,50680,1524,High,5.3
9284,Reddit,60+,Male,UAE,Tablet,WiFi,Premium,Image,5.4,6,630,126,47,47861,1052,Medium,6.6
9285,YouTube,19-25,Male,Canada,Tablet,Mobile Data,Free,Image,2.6,14,291,118,30,55018,1953,Low,3.3
9286,Snapchat,13-18,Male,Canada,Mobile,WiFi,Free,Text,1.9,4,231,72,123,59202,3144,Low,5.6
9287,Reddit,46-60,Other,Australia,Tablet,WiFi,Free,Mixed,2.3,31,664,151,127,21757,766,High,8.7
9288,LinkedIn,46-60,Male,USA,Mobile,WiFi,Free,Mixed,0.9,40,574,58,67,47914,3102,Low,7.4
9289,Instagram,13-18,Female,Germany,Desktop,Mobile Data,Premium,Video,2.2,21,136,46,69,32103,1897,Medium,3.8
9290,Reddit,60+,Male,Singapore,Desktop,WiFi,Premium,Mixed,0.7,13,446,33,91,64586,2400,Medium,4.3
9291,LinkedIn,60+,Male,UAE,Mobile,WiFi,Free,Video,3.0,14,126,151,146,934,684,Medium,2.7
9292,LinkedIn,36-45,Male,Singapore,Mobile,WiFi,Free,Text,0.7,16,64,186,18,68927,1707,Medium,6.6
9293,Instagram,13-18,Male,Brazil,Desktop,Mobile Data,Free,Image,2.1,6,525,0,112,67882,862,High,2.4
9294,Pinterest,26-35,Other,Canada,Tablet,WiFi,Free,Mixed,1.3,26,475,119,95,87317,4507,Medium,3.1
9295,Facebook,36-45,Female,Germany,Tablet,Mobile Data,Free,Text,3.5,18,103,58,40,89222,4873,Medium,3.2
9296,Facebook,46-60,Female,Singapore,Mobile,Mobile Data,Premium,Text,2.6,23,485,170,105,52055,496,High,1.6
9297,TikTok,13-18,Female,USA,Tablet,Mobile Data,Premium,Mixed,2.5,19,357,24,42,3904,218,Low,7.8
9298,Facebook,19-25,Other,Singapore,Desktop,Mobile Data,Free,Mixed,1.8,3,205,164,119,44001,4109,Medium,6.0
9299,Pinterest,36-45,Female,Germany,Tablet,WiFi,Free,Video,3.9,33,198,27,55,83746,4109,Low,5.5
9300,Pinterest,46-60,Female,India,Desktop,Mobile Data,Free,Video,3.6,40,789,193,146,44576,4575,High,3.7
9301,Snapchat,26-35,Female,UAE,Mobile,Mobile Data,Premium,Text,0.2,9,179,121,149,50464,2432,Low,8.6
9302,LinkedIn,13-18,Female,Japan,Mobile,WiFi,Premium,Mixed,3.6,33,222,82,78,53684,374,Medium,8.1
9303,Facebook,46-60,Female,Canada,Desktop,WiFi,Premium,Video,1.0,1,766,116,42,33269,988,Low,9.8
9304,Instagram,36-45,Female,Germany,Mobile,WiFi,Premium,Mixed,1.0,27,85,55,111,6191,4711,Medium,0.6
9305,Facebook,26-35,Other,India,Desktop,Mobile Data,Free,Image,4.2,12,91,127,65,66555,4737,Low,6.7
9306,Pinterest,36-45,Female,Japan,Desktop,WiFi,Premium,Mixed,5.8,36,262,84,123,33711,3991,Medium,8.3
9307,Facebook,36-45,Male,UAE,Mobile,Mobile Data,Premium,Video,5.0,13,67,161,131,56439,4116,Low,3.3
9308,Instagram,36-45,Male,UAE,Mobile,Mobile Data,Free,Image,2.6,10,299,151,63,81558,4130,Low,9.8
9309,YouTube,60+,Female,Singapore,Tablet,WiFi,Premium,Image,1.5,18,245,44,25,34701,1587,Low,3.2
9310,LinkedIn,26-35,Male,India,Tablet,Mobile Data,Free,Text,0.5,13,515,158,53,55856,3169,Low,5.4
9311,Reddit,46-60,Male,USA,Tablet,Mobile Data,Free,Text,3.1,38,120,132,139,75332,3236,Low,7.3
9312,TikTok,26-35,Other,UK,Desktop,Mobile Data,Premium,Mixed,3.7,37,504,94,50,37978,2769,High,4.0
9313,TikTok,13-18,Male,UK,Mobile,WiFi,Free,Text,2.8,8,34,72,126,48096,2732,High,9.4
9314,YouTube,13-18,Other,Singapore,Mobile,WiFi,Premium,Text,0.3,36,484,17,85,72295,3746,High,5.1
9315,Pinterest,13-18,Female,Brazil,Desktop,Mobile Data,Premium,Mixed,5.6,31,430,171,125,3138,1127,Medium,2.1
9316,Reddit,19-25,Female,Canada,Desktop,Mobile Data,Free,Text,2.3,7,418,1,60,48925,2252,High,6.6
9317,Instagram,60+,Other,Singapore,Mobile,WiFi,Premium,Text,5.1,22,296,53,38,67895,4983,Medium,8.6
9318,Snapchat,26-35,Female,Canada,Tablet,Mobile Data,Premium,Text,5.8,19,297,79,122,65200,4565,High,9.8
9319,Pinterest,13-18,Female,Canada,Desktop,WiFi,Free,Text,4.6,15,339,41,96,94907,990,High,5.7
9320,LinkedIn,13-18,Other,UK,Mobile,Mobile Data,Free,Image,3.7,31,48,94,82,11809,436,High,3.4
9321,YouTube,19-25,Other,Germany,Mobile,WiFi,Premium,Video,4.9,29,218,58,89,28568,2391,Medium,1.6
9322,LinkedIn,13-18,Male,Singapore,Tablet,WiFi,Free,Text,3.7,6,478,132,15,57450,1369,High,3.1
9323,LinkedIn,36-45,Male,Brazil,Tablet,Mobile Data,Free,Image,1.1,10,17,81,113,11380,2172,High,8.5
9324,Facebook,60+,Other,Singapore,Mobile,WiFi,Premium,Video,4.6,15,349,20,141,69653,1549,Low,5.9
9325,Instagram,36-45,Other,Japan,Tablet,Mobile Data,Premium,Image,1.9,1,329,143,134,14227,3607,High,0.9
9326,YouTube,19-25,Female,Australia,Tablet,WiFi,Free,Image,4.5,21,449,160,17,31145,677,Medium,8.4
9327,LinkedIn,60+,Other,Brazil,Mobile,WiFi,Premium,Mixed,3.9,13,22,59,94,60340,2341,Medium,4.0
9328,YouTube,36-45,Other,UAE,Mobile,WiFi,Free,Mixed,5.2,28,699,150,59,2139,3323,High,6.5
9329,Pinterest,60+,Other,India,Tablet,Mobile Data,Free,Video,4.9,7,0,120,83,53343,1069,Low,4.3
9330,Reddit,26-35,Male,Brazil,Desktop,Mobile Data,Premium,Image,2.9,32,117,87,105,58155,282,Low,8.4
9331,Reddit,46-60,Male,Australia,Tablet,Mobile Data,Free,Video,4.3,0,723,164,138,22939,3319,Medium,2.9
9332,Pinterest,19-25,Male,USA,Mobile,WiFi,Free,Image,4.1,37,566,67,142,8506,4014,High,8.4
9333,Pinterest,60+,Male,Brazil,Desktop,WiFi,Premium,Video,4.5,31,104,171,88,33469,207,Medium,7.0
9334,Facebook,19-25,Male,Germany,Mobile,WiFi,Premium,Text,4.5,10,135,165,46,24533,2354,High,2.9
9335,Snapchat,26-35,Other,Canada,Mobile,Mobile Data,Free,Image,4.5,6,266,119,7,60566,2500,High,5.9
9336,Reddit,46-60,Female,Germany,Tablet,WiFi,Premium,Mixed,5.0,6,538,57,110,77971,2546,Low,5.4
9337,Facebook,13-18,Female,Brazil,Tablet,Mobile Data,Free,Mixed,5.4,17,292,109,5,2401,3725,Medium,9.0
9338,YouTube,13-18,Female,Australia,Tablet,Mobile Data,Premium,Video,3.3,29,42,24,28,8952,4523,Medium,7.1
9339,Reddit,13-18,Male,UK,Mobile,WiFi,Premium,Mixed,1.6,15,448,195,58,65398,2189,High,7.4
9340,LinkedIn,13-18,Female,Singapore,Desktop,Mobile Data,Premium,Mixed,5.2,29,330,17,61,64524,547,Low,2.2
9341,TikTok,60+,Female,India,Desktop,Mobile Data,Premium,Mixed,3.5,40,116,58,113,97237,3935,High,8.8
9342,Twitter,19-25,Female,Singapore,Desktop,WiFi,Free,Text,0.8,7,229,62,61,62489,4117,High,9.8
9343,Pinterest,13-18,Male,Singapore,Tablet,Mobile Data,Premium,Mixed,1.7,18,509,85,100,51061,3802,Medium,6.5
9344,LinkedIn,36-45,Female,Germany,Tablet,Mobile Data,Free,Mixed,3.8,30,552,160,57,41893,124,High,4.9
9345,Reddit,46-60,Other,India,Desktop,Mobile Data,Premium,Mixed,4.5,24,295,101,104,99185,4978,High,8.7
9346,LinkedIn,19-25,Male,Germany,Mobile,WiFi,Free,Mixed,3.0,17,632,84,51,539,3452,Low,8.1
9347,Pinterest,60+,Female,Canada,Desktop,WiFi,Free,Mixed,2.0,27,210,153,57,63979,3969,High,5.1
9348,Facebook,46-60,Other,Canada,Mobile,WiFi,Premium,Image,2.2,8,597,182,50,42557,2506,Low,4.5
9349,Twitter,26-35,Female,USA,Mobile,WiFi,Premium,Text,4.4,21,123,160,131,8596,2556,Medium,5.4
9350,Twitter,46-60,Male,Singapore,Tablet,Mobile Data,Premium,Text,0.4,6,684,75,136,75668,2441,Low,4.3
9351,Twitter,19-25,Other,Singapore,Desktop,Mobile Data,Free,Mixed,3.0,15,199,119,123,86003,1763,Medium,3.7
9352,Reddit,13-18,Other,USA,Tablet,WiFi,Premium,Image,0.2,3,779,42,23,86285,223,Medium,2.3
9353,LinkedIn,60+,Female,Australia,Tablet,Mobile Data,Free,Mixed,3.2,17,749,178,12,28414,4370,High,1.8
9354,LinkedIn,60+,Female,Canada,Desktop,Mobile Data,Free,Video,0.3,2,510,122,112,52088,1202,High,9.1
9355,Pinterest,13-18,Male,Australia,Mobile,Mobile Data,Free,Text,0.3,34,107,130,143,19354,2950,Medium,5.8
9356,TikTok,60+,Other,UAE,Tablet,WiFi,Free,Video,2.4,39,503,49,133,36289,3394,Medium,9.2
9357,Instagram,19-25,Female,Germany,Desktop,Mobile Data,Premium,Video,4.9,28,359,25,49,86759,4877,Medium,7.7
9358,Instagram,19-25,Other,USA,Tablet,WiFi,Premium,Text,0.8,36,375,0,43,19716,3076,Low,1.1
9359,Facebook,46-60,Male,Brazil,Mobile,WiFi,Premium,Mixed,3.6,10,732,45,139,55962,4555,Low,4.2
9360,Snapchat,46-60,Male,Germany,Mobile,Mobile Data,Free,Text,4.7,11,127,79,28,23285,1866,High,3.3
9361,YouTube,26-35,Male,USA,Tablet,WiFi,Premium,Video,0.6,17,411,194,87,41222,2104,Low,9.7
9362,YouTube,36-45,Female,UAE,Desktop,WiFi,Free,Text,4.1,7,486,62,63,32081,425,Medium,8.4
9363,TikTok,36-45,Other,Brazil,Desktop,Mobile Data,Free,Mixed,2.7,36,15,66,38,64324,2597,Low,1.4
9364,TikTok,26-35,Other,India,Tablet,Mobile Data,Premium,Image,2.4,21,357,90,35,89034,1522,Low,9.2
9365,Instagram,26-35,Other,Brazil,Desktop,Mobile Data,Premium,Mixed,3.7,10,245,26,40,68920,1656,Low,7.7
9366,Facebook,13-18,Other,Germany,Mobile,WiFi,Premium,Mixed,0.7,23,652,117,139,82312,818,High,2.9
9367,Pinterest,13-18,Female,India,Tablet,WiFi,Free,Mixed,2.1,26,767,17,146,11598,250,Medium,1.8
9368,YouTube,26-35,Male,UAE,Mobile,WiFi,Free,Mixed,5.7,36,274,13,94,51890,3944,High,5.1
9369,TikTok,19-25,Female,Canada,Desktop,Mobile Data,Free,Image,3.1,37,361,37,104,73233,3253,High,5.8
9370,Snapchat,19-25,Male,USA,Mobile,WiFi,Free,Mixed,4.3,21,758,161,27,13485,1030,Medium,6.6
9371,Facebook,46-60,Male,Singapore,Desktop,WiFi,Free,Image,2.8,9,93,133,58,13233,2113,Low,9.2
9372,Reddit,36-45,Male,Singapore,Desktop,WiFi,Premium,Image,3.0,36,436,99,18,35255,4213,High,4.2
9373,Pinterest,26-35,Male,India,Tablet,WiFi,Free,Text,5.4,18,639,143,64,63798,153,Low,3.9
9374,YouTube,19-25,Female,Canada,Mobile,Mobile Data,Premium,Mixed,3.1,40,450,85,40,94288,4815,Medium,1.1
9375,YouTube,46-60,Male,India,Desktop,Mobile Data,Free,Mixed,1.3,8,567,89,119,69525,2407,Low,7.0
9376,Snapchat,46-60,Female,USA,Mobile,Mobile Data,Premium,Image,4.4,33,776,27,137,45021,2193,Low,0.7
9377,Reddit,26-35,Female,Germany,Mobile,Mobile Data,Premium,Video,2.8,17,673,165,49,4926,2474,Medium,2.7
9378,LinkedIn,26-35,Female,India,Desktop,Mobile Data,Free,Video,5.8,9,652,149,112,5799,3098,Low,9.3
9379,LinkedIn,13-18,Female,Singapore,Tablet,Mobile Data,Free,Video,1.5,14,30,95,81,19402,400,Low,1.2
9380,Snapchat,19-25,Other,Canada,Desktop,WiFi,Free,Video,4.5,8,678,123,53,4785,4864,Low,0.6
9381,LinkedIn,13-18,Male,Germany,Tablet,WiFi,Free,Mixed,4.6,23,555,94,81,72523,4609,Low,8.9
9382,Snapchat,26-35,Female,Singapore,Mobile,WiFi,Free,Image,0.7,16,591,98,42,88627,4911,Low,4.2
9383,Reddit,46-60,Male,USA,Desktop,WiFi,Free,Video,1.1,38,407,184,148,22970,1784,High,9.3
9384,LinkedIn,46-60,Female,Singapore,Desktop,Mobile Data,Premium,Text,0.7,16,207,59,95,77440,172,Medium,3.8
9385,Twitter,60+,Other,UK,Desktop,Mobile Data,Free,Image,4.9,28,784,182,38,99539,1139,Low,0.7
9386,Facebook,13-18,Female,Japan,Mobile,Mobile Data,Free,Mixed,2.8,14,711,107,80,83109,2742,Medium,6.9
9387,Twitter,60+,Other,UAE,Desktop,Mobile Data,Free,Video,2.7,27,411,148,61,35652,4062,Low,9.8
9388,Pinterest,19-25,Female,India,Tablet,Mobile Data,Free,Video,2.0,36,411,72,72,95811,3158,Medium,2.4
9389,LinkedIn,46-60,Male,Australia,Tablet,WiFi,Premium,Text,3.8,27,223,184,24,65927,4097,Medium,5.4
9390,Instagram,13-18,Other,UAE,Desktop,Mobile Data,Free,Mixed,2.5,10,214,155,150,55462,97,Medium,7.7
9391,Snapchat,13-18,Male,Canada,Desktop,Mobile Data,Free,Video,5.3,38,744,50,123,78018,1981,Low,6.9
9392,Twitter,46-60,Female,UAE,Tablet,WiFi,Free,Image,0.9,11,527,158,44,61459,3787,Low,9.4
9393,Instagram,46-60,Female,India,Tablet,Mobile Data,Premium,Image,0.9,6,93,115,134,37201,1631,Low,6.0
9394,Facebook,36-45,Other,Australia,Tablet,Mobile Data,Premium,Mixed,3.5,11,71,198,74,80330,3471,Medium,8.6
9395,YouTube,26-35,Female,Canada,Mobile,Mobile Data,Premium,Image,1.0,8,388,113,125,7582,3051,Low,7.2
9396,Twitter,36-45,Other,UK,Desktop,Mobile Data,Premium,Mixed,0.5,39,593,170,86,32698,659,High,4.2
9397,Reddit,60+,Male,Japan,Mobile,Mobile Data,Premium,Video,2.1,12,170,120,83,77715,3895,High,3.6
9398,Twitter,60+,Male,UK,Desktop,WiFi,Free,Image,3.2,19,531,81,118,94778,2127,Medium,1.1
9399,Reddit,36-45,Other,USA,Mobile,Mobile Data,Premium,Image,5.2,40,357,183,33,36981,2162,High,6.1
9400,Facebook,46-60,Male,Australia,Mobile,WiFi,Premium,Text,4.7,37,89,16,93,90069,676,High,5.1
9401,YouTube,19-25,Other,Brazil,Desktop,Mobile Data,Free,Text,1.5,15,448,135,8,23043,3479,Medium,7.4
9402,Twitter,26-35,Male,Germany,Tablet,WiFi,Free,Image,1.9,24,341,152,116,17752,814,Low,1.5
9403,Instagram,13-18,Male,Brazil,Desktop,WiFi,Premium,Text,2.4,15,147,59,4,6506,83,Medium,5.3
9404,Facebook,13-18,Male,UAE,Desktop,WiFi,Premium,Mixed,5.7,25,486,42,35,77680,2868,Medium,7.1
9405,Facebook,19-25,Female,Germany,Mobile,WiFi,Premium,Image,3.6,6,562,7,7,17614,4696,Medium,4.8
9406,Pinterest,13-18,Female,UK,Mobile,WiFi,Free,Mixed,2.3,4,152,39,86,68411,3595,Low,7.5
9407,Twitter,60+,Male,Japan,Tablet,WiFi,Premium,Video,2.3,25,505,52,129,96715,228,High,9.2
9408,Reddit,36-45,Male,UK,Tablet,Mobile Data,Premium,Video,2.7,7,357,69,125,6243,3472,High,0.7
9409,Snapchat,19-25,Other,Australia,Desktop,Mobile Data,Free,Mixed,0.5,14,488,160,108,91229,3659,High,3.6
9410,LinkedIn,13-18,Female,UAE,Mobile,Mobile Data,Free,Mixed,5.1,8,82,3,17,91495,2127,High,9.0
9411,Reddit,60+,Other,Singapore,Desktop,WiFi,Free,Image,4.8,20,537,84,37,92739,2710,High,9.4
9412,Reddit,36-45,Male,Canada,Tablet,WiFi,Premium,Image,3.5,10,661,49,140,48092,3969,High,3.0
9413,TikTok,26-35,Male,Singapore,Tablet,WiFi,Premium,Video,5.3,36,658,64,91,34638,3851,Low,9.2
9414,Snapchat,13-18,Female,Singapore,Mobile,WiFi,Free,Text,3.5,25,465,72,150,63735,2662,High,5.5
9415,Facebook,46-60,Other,USA,Desktop,Mobile Data,Free,Video,5.7,32,670,77,6,17268,91,High,6.0
9416,Twitter,19-25,Male,UAE,Desktop,Mobile Data,Premium,Image,3.4,3,564,104,53,80182,3211,Medium,3.1
9417,Facebook,26-35,Other,India,Mobile,Mobile Data,Premium,Video,5.4,0,756,102,52,66475,4401,Medium,5.9
9418,Instagram,36-45,Male,Canada,Mobile,WiFi,Premium,Mixed,1.0,39,390,195,79,63121,451,Medium,7.4
9419,LinkedIn,26-35,Other,USA,Tablet,Mobile Data,Premium,Mixed,5.8,3,148,150,61,69412,2512,Medium,3.9
9420,Pinterest,46-60,Other,Canada,Tablet,Mobile Data,Premium,Image,3.9,13,105,11,134,97136,4706,Medium,1.2
9421,Snapchat,19-25,Female,Germany,Mobile,Mobile Data,Premium,Video,4.6,25,440,37,100,64838,4153,High,1.1
9422,YouTube,60+,Other,UAE,Desktop,WiFi,Premium,Mixed,4.8,9,588,11,145,11292,1868,Medium,7.3
9423,YouTube,60+,Other,Canada,Mobile,Mobile Data,Premium,Text,0.7,12,248,153,3,85444,2433,Low,4.3
9424,Twitter,26-35,Other,Singapore,Mobile,WiFi,Premium,Mixed,4.0,33,124,106,83,91492,301,High,7.9
9425,Pinterest,60+,Male,USA,Desktop,WiFi,Premium,Video,4.6,2,488,152,124,36742,4080,Medium,7.9
9426,YouTube,19-25,Other,Canada,Tablet,WiFi,Free,Video,1.1,9,656,20,47,17053,1614,High,5.1
9427,Facebook,46-60,Female,Singapore,Mobile,Mobile Data,Free,Mixed,4.1,32,432,73,150,47107,4075,High,3.4
9428,YouTube,36-45,Male,UAE,Desktop,Mobile Data,Premium,Text,0.6,36,794,3,0,89730,1809,High,1.6
9429,TikTok,13-18,Other,Australia,Tablet,WiFi,Free,Image,6.0,12,41,175,137,19584,2902,Medium,8.4
9430,Pinterest,26-35,Male,UAE,Tablet,Mobile Data,Free,Image,0.8,0,645,196,143,32922,3189,Medium,8.6
9431,Twitter,46-60,Male,Japan,Mobile,WiFi,Free,Image,5.6,25,119,88,4,81567,4775,High,5.0
9432,Reddit,60+,Female,UK,Desktop,WiFi,Free,Text,0.9,27,583,70,107,45499,71,Medium,2.9
9433,YouTube,46-60,Female,Brazil,Desktop,Mobile Data,Premium,Video,1.3,13,511,157,46,75238,2891,High,8.7
9434,Pinterest,13-18,Female,Australia,Desktop,Mobile Data,Premium,Video,5.1,6,302,139,99,40946,355,Medium,5.5
9435,Reddit,13-18,Other,UK,Desktop,WiFi,Premium,Text,4.6,24,636,183,72,56276,2385,Medium,7.3
9436,Instagram,46-60,Male,Canada,Mobile,WiFi,Free,Image,3.2,8,410,153,77,92669,4883,Medium,1.9
9437,Reddit,13-18,Male,Brazil,Tablet,Mobile Data,Premium,Video,3.6,0,200,136,137,37935,2873,Low,6.9
9438,Pinterest,36-45,Female,Japan,Mobile,WiFi,Free,Mixed,0.3,38,152,122,97,96858,990,High,4.6
9439,Reddit,36-45,Female,Brazil,Tablet,Mobile Data,Free,Video,2.3,33,732,133,46,68734,622,Medium,3.5
9440,LinkedIn,26-35,Other,Australia,Desktop,WiFi,Premium,Image,4.2,14,370,100,149,38469,2368,Low,6.4
9441,Pinterest,26-35,Male,UAE,Tablet,WiFi,Premium,Text,2.7,21,261,186,142,63070,2551,Medium,0.5
9442,Instagram,36-45,Other,Germany,Tablet,WiFi,Free,Text,3.9,5,222,13,77,44276,1683,Medium,1.7
9443,Pinterest,46-60,Other,USA,Desktop,Mobile Data,Premium,Video,3.7,4,652,100,79,41040,391,Medium,3.2
9444,Facebook,13-18,Other,Japan,Tablet,Mobile Data,Free,Mixed,4.8,19,561,178,124,85794,1502,High,7.3
9445,TikTok,19-25,Male,India,Tablet,Mobile Data,Premium,Image,1.1,31,792,58,98,32549,4734,High,8.7
9446,Twitter,36-45,Other,Australia,Tablet,WiFi,Premium,Image,2.0,6,672,118,98,36868,4185,Low,1.9
9447,Reddit,46-60,Other,Canada,Mobile,WiFi,Free,Mixed,0.5,11,99,133,78,82661,945,High,9.3
9448,Pinterest,46-60,Female,Japan,Tablet,Mobile Data,Free,Mixed,5.0,11,622,179,118,51617,741,Medium,6.8
9449,Pinterest,46-60,Female,Australia,Desktop,Mobile Data,Free,Mixed,0.8,19,563,58,15,13898,2598,High,2.3
9450,Twitter,36-45,Other,UK,Desktop,WiFi,Free,Mixed,4.1,28,222,117,38,26870,287,Medium,5.9
9451,TikTok,46-60,Female,Japan,Tablet,Mobile Data,Free,Mixed,5.2,7,771,106,131,6310,1942,Medium,3.8
9452,Pinterest,36-45,Other,UAE,Tablet,WiFi,Free,Mixed,0.4,6,378,185,67,25485,3535,High,8.7
9453,Snapchat,60+,Other,Brazil,Tablet,Mobile Data,Premium,Mixed,2.0,16,208,192,15,12898,3554,Medium,1.0
9454,Facebook,26-35,Female,Singapore,Desktop,WiFi,Premium,Text,0.9,26,106,140,125,86264,4052,Low,1.2
9455,Instagram,19-25,Other,Germany,Tablet,WiFi,Premium,Mixed,2.0,35,466,8,131,1290,1771,Medium,6.4
9456,Twitter,13-18,Male,India,Desktop,WiFi,Free,Video,3.0,38,680,184,83,29007,4417,Low,9.8
9457,Snapchat,26-35,Male,Japan,Mobile,WiFi,Free,Text,5.7,29,16,56,0,37408,3236,High,7.0
9458,Twitter,60+,Female,Brazil,Tablet,WiFi,Premium,Video,3.6,13,688,132,52,57140,382,Low,0.6
9459,Instagram,46-60,Other,UK,Tablet,Mobile Data,Premium,Text,5.4,19,674,43,61,34591,2903,Low,6.0
9460,LinkedIn,19-25,Male,Australia,Tablet,Mobile Data,Free,Image,3.6,20,137,170,92,83815,4754,Medium,8.1
9461,Reddit,19-25,Male,UAE,Desktop,WiFi,Premium,Text,3.5,16,514,75,124,69234,3917,Medium,5.2
9462,TikTok,60+,Male,Brazil,Tablet,WiFi,Premium,Video,3.6,12,514,21,70,39536,3876,Medium,2.6
9463,Instagram,60+,Other,Japan,Mobile,WiFi,Premium,Image,1.2,39,382,163,112,9998,4255,Low,0.6
9464,Facebook,19-25,Male,Canada,Tablet,WiFi,Free,Video,2.5,16,190,192,134,31650,1168,Medium,1.8
9465,Instagram,36-45,Female,Singapore,Desktop,WiFi,Premium,Video,3.9,26,57,79,62,9637,2112,Medium,3.3
9466,Facebook,46-60,Other,Brazil,Desktop,Mobile Data,Free,Mixed,0.6,28,176,48,18,42109,3161,Medium,7.1
9467,Facebook,19-25,Other,Australia,Desktop,WiFi,Free,Text,1.1,37,328,36,26,28077,4670,Medium,3.2
9468,Instagram,13-18,Female,India,Mobile,WiFi,Premium,Text,1.8,0,317,153,133,91991,4145,High,1.4
9469,Snapchat,60+,Female,USA,Desktop,Mobile Data,Free,Text,2.1,14,650,144,53,61157,779,Medium,5.2
9470,Facebook,36-45,Female,UAE,Mobile,Mobile Data,Free,Mixed,0.6,17,361,33,7,94917,3308,Low,1.4
9471,YouTube,36-45,Other,Australia,Desktop,WiFi,Free,Mixed,3.1,31,137,124,43,40009,1925,Low,8.4
9472,Twitter,46-60,Female,Australia,Mobile,WiFi,Free,Mixed,3.7,31,195,182,19,7344,931,High,8.0
9473,Twitter,19-25,Other,Australia,Desktop,WiFi,Premium,Image,5.3,34,222,172,130,26620,4823,High,1.3
9474,Facebook,60+,Other,Australia,Desktop,WiFi,Free,Video,2.3,24,287,160,61,73191,1155,High,8.2
9475,Pinterest,19-25,Male,UAE,Desktop,Mobile Data,Free,Mixed,3.9,5,647,59,124,80564,3949,Medium,6.2
9476,Twitter,13-18,Other,Canada,Tablet,Mobile Data,Premium,Video,5.3,16,636,64,145,58177,4521,High,3.6
9477,LinkedIn,26-35,Male,USA,Desktop,WiFi,Premium,Video,2.0,2,654,42,126,59101,1057,High,6.2
9478,Facebook,13-18,Male,Canada,Tablet,Mobile Data,Premium,Mixed,3.4,1,222,105,99,94051,1115,Medium,0.5
9479,YouTube,46-60,Male,Japan,Desktop,Mobile Data,Premium,Text,4.2,13,317,140,27,57425,406,Low,2.6
9480,Facebook,36-45,Male,Australia,Mobile,Mobile Data,Free,Video,5.7,2,137,169,99,80072,4150,High,7.7
9481,LinkedIn,13-18,Other,USA,Tablet,WiFi,Free,Mixed,0.4,28,90,49,74,21150,1790,Medium,2.0
9482,LinkedIn,36-45,Female,UK,Mobile,WiFi,Premium,Image,0.8,39,698,126,119,87210,4295,High,1.5
9483,Twitter,36-45,Female,USA,Desktop,Mobile Data,Premium,Mixed,4.7,16,53,73,76,19816,1565,High,5.0
9484,LinkedIn,60+,Male,UK,Tablet,Mobile Data,Free,Text,0.8,32,385,32,57,76425,1075,High,5.4
9485,Reddit,36-45,Male,USA,Desktop,Mobile Data,Free,Mixed,1.2,6,678,159,111,62893,2387,Medium,1.3
9486,TikTok,26-35,Male,USA,Mobile,Mobile Data,Premium,Text,1.8,1,739,96,14,4877,1969,High,0.8
9487,Reddit,60+,Female,India,Tablet,WiFi,Free,Image,0.4,35,714,100,147,86284,1707,Low,8.1
9488,Reddit,26-35,Female,UK,Tablet,WiFi,Free,Text,5.3,35,664,106,50,19903,3590,Low,4.2
9489,TikTok,19-25,Female,USA,Mobile,Mobile Data,Premium,Image,5.0,9,248,166,67,36991,748,High,6.6
9490,TikTok,13-18,Male,Canada,Mobile,WiFi,Free,Text,3.1,2,529,76,74,54509,732,Medium,8.8
9491,Pinterest,46-60,Other,UK,Tablet,WiFi,Free,Mixed,2.4,17,596,98,15,22830,2235,Low,4.8
9492,TikTok,13-18,Male,Australia,Mobile,Mobile Data,Premium,Mixed,1.5,10,139,184,94,83151,3233,Low,6.1
9493,Twitter,60+,Male,UAE,Tablet,WiFi,Premium,Image,1.5,4,92,10,130,18505,2685,Low,7.4
9494,Reddit,46-60,Female,Japan,Desktop,WiFi,Free,Mixed,4.1,2,407,137,60,8142,3499,High,2.8
9495,Instagram,13-18,Male,UK,Desktop,Mobile Data,Free,Image,1.5,7,356,24,80,79250,2374,Low,8.7
9496,Pinterest,60+,Other,UAE,Tablet,WiFi,Premium,Text,3.9,28,415,186,129,55642,4391,High,3.2
9497,LinkedIn,19-25,Female,Singapore,Tablet,WiFi,Free,Text,4.2,25,19,113,125,28753,1548,High,4.5
9498,YouTube,46-60,Female,Japan,Mobile,Mobile Data,Free,Video,1.3,17,72,37,129,57909,1048,Medium,2.8
9499,Twitter,19-25,Male,India,Tablet,WiFi,Free,Mixed,4.8,13,26,82,125,6936,2280,High,8.3
9500,TikTok,19-25,Female,Brazil,Mobile,WiFi,Premium,Image,2.7,26,695,63,44,2140,2243,High,9.1
9501,YouTube,26-35,Other,USA,Tablet,WiFi,Premium,Image,4.9,25,591,34,106,55892,3520,High,4.4
9502,Facebook,13-18,Other,India,Tablet,WiFi,Premium,Video,1.0,5,67,54,106,84330,2135,Medium,5.5
9503,Reddit,26-35,Female,Singapore,Mobile,WiFi,Free,Mixed,4.7,32,27,182,73,50094,4125,Medium,5.2
9504,Snapchat,26-35,Female,Brazil,Desktop,WiFi,Free,Mixed,1.4,33,679,68,97,83923,375,Medium,3.1
9505,Instagram,19-25,Male,Japan,Mobile,Mobile Data,Free,Image,3.8,14,517,0,146,24435,4040,High,5.4
9506,LinkedIn,19-25,Female,UAE,Mobile,WiFi,Premium,Mixed,4.3,39,601,173,5,92328,3340,Low,4.8
9507,Pinterest,13-18,Female,Australia,Desktop,Mobile Data,Premium,Video,1.4,35,241,13,56,46066,3559,Medium,9.7
9508,Snapchat,60+,Female,Australia,Tablet,Mobile Data,Premium,Mixed,5.4,32,276,9,67,71946,4003,High,9.7
9509,Instagram,46-60,Male,USA,Mobile,WiFi,Free,Text,1.5,33,250,158,0,78447,3717,High,2.0
9510,Snapchat,13-18,Other,Singapore,Tablet,WiFi,Premium,Video,4.5,31,441,73,36,35277,2849,Medium,1.7
9511,Snapchat,19-25,Male,Australia,Tablet,Mobile Data,Premium,Image,2.8,23,741,127,48,77032,4952,High,9.5
9512,Facebook,19-25,Male,Japan,Desktop,WiFi,Free,Mixed,3.6,35,339,137,148,39137,2673,High,9.1
9513,Snapchat,46-60,Male,UK,Tablet,Mobile Data,Free,Image,1.2,12,630,192,0,76920,222,Medium,9.6
9514,Instagram,13-18,Other,USA,Tablet,Mobile Data,Premium,Video,2.3,32,436,169,1,54378,1171,Low,4.5
9515,Pinterest,26-35,Female,Canada,Tablet,Mobile Data,Premium,Image,1.6,25,406,172,2,8226,157,Medium,9.0
9516,Snapchat,60+,Other,Australia,Desktop,WiFi,Free,Video,2.3,7,799,134,22,37243,3652,Low,1.0
9517,Facebook,13-18,Other,Canada,Desktop,WiFi,Free,Mixed,2.0,3,667,168,66,3872,3778,Medium,6.2
9518,YouTube,36-45,Female,India,Desktop,WiFi,Free,Mixed,2.5,33,634,151,95,10979,1817,High,5.0
9519,Pinterest,46-60,Female,Germany,Mobile,WiFi,Free,Mixed,3.4,0,483,125,81,34841,4800,High,2.9
9520,TikTok,19-25,Male,Japan,Tablet,Mobile Data,Premium,Text,2.3,6,177,142,148,37231,2609,High,4.5
9521,Snapchat,13-18,Male,Canada,Mobile,Mobile Data,Premium,Image,2.4,32,306,174,56,46319,4017,Low,7.1
9522,Snapchat,36-45,Other,India,Mobile,WiFi,Premium,Image,3.0,40,206,16,1,65471,1503,Low,5.7
9523,Instagram,46-60,Male,India,Tablet,Mobile Data,Premium,Text,0.4,0,573,183,123,87458,2927,Medium,8.0
9524,YouTube,36-45,Male,Japan,Desktop,Mobile Data,Free,Mixed,4.2,4,86,154,26,75201,955,Medium,9.4
9525,Snapchat,36-45,Other,India,Tablet,Mobile Data,Premium,Image,0.9,30,183,140,136,27041,3748,High,6.4
9526,YouTube,19-25,Male,UK,Tablet,Mobile Data,Premium,Video,1.0,24,614,65,104,8217,3035,Medium,8.6
9527,Instagram,19-25,Female,Germany,Mobile,Mobile Data,Premium,Image,2.6,37,368,91,70,8009,2408,High,9.1
9528,Instagram,13-18,Other,Brazil,Desktop,WiFi,Premium,Video,1.3,28,683,153,21,16572,2941,Medium,9.2
9529,Twitter,60+,Male,UK,Tablet,Mobile Data,Premium,Video,1.6,28,761,138,16,66089,4159,Medium,6.7
9530,Instagram,60+,Other,UAE,Desktop,Mobile Data,Free,Image,0.5,38,305,58,141,16181,3598,Low,4.4
9531,Snapchat,46-60,Other,India,Desktop,Mobile Data,Premium,Mixed,2.9,23,245,26,66,19445,2754,Medium,0.9
9532,LinkedIn,46-60,Male,UAE,Mobile,WiFi,Free,Video,0.9,25,132,52,87,74484,3378,Low,3.2
9533,Twitter,13-18,Other,Canada,Tablet,Mobile Data,Free,Video,3.6,17,121,96,121,39590,1897,Low,4.6
9534,LinkedIn,60+,Other,Japan,Desktop,WiFi,Premium,Video,3.7,34,238,178,100,91842,511,Low,4.4
9535,Facebook,36-45,Other,Canada,Tablet,WiFi,Free,Mixed,6.0,5,171,85,41,37787,1702,Low,7.9
9536,Facebook,26-35,Other,Germany,Desktop,Mobile Data,Free,Image,4.5,27,526,58,5,10451,2000,Low,2.8
9537,Instagram,13-18,Other,Australia,Tablet,Mobile Data,Premium,Image,1.7,14,730,158,100,3253,1958,Low,2.2
9538,Twitter,46-60,Female,Canada,Mobile,WiFi,Premium,Image,2.1,4,146,7,24,13092,825,Low,9.9
9539,Snapchat,26-35,Other,Brazil,Desktop,WiFi,Premium,Text,2.7,6,570,123,97,84440,2944,High,4.3
9540,TikTok,13-18,Other,India,Desktop,Mobile Data,Premium,Image,3.4,1,470,117,48,97561,3170,Low,9.2
9541,Instagram,26-35,Female,USA,Tablet,Mobile Data,Premium,Video,3.8,28,736,62,104,78843,2301,High,8.6
9542,Reddit,13-18,Male,Germany,Mobile,Mobile Data,Premium,Video,4.4,34,790,82,54,47168,3558,Medium,2.9
9543,Snapchat,60+,Other,India,Mobile,WiFi,Free,Video,5.1,16,352,7,132,41067,4647,Low,3.0
9544,Reddit,13-18,Female,Singapore,Desktop,Mobile Data,Premium,Video,5.3,29,186,19,84,35270,1891,High,1.7
9545,Reddit,60+,Female,Japan,Mobile,WiFi,Free,Video,0.3,10,705,34,2,69086,407,Low,6.9
9546,YouTube,46-60,Other,Singapore,Mobile,Mobile Data,Premium,Video,3.5,15,79,83,80,26735,4241,Low,4.2
9547,TikTok,13-18,Other,USA,Desktop,WiFi,Premium,Video,5.3,38,413,92,2,27913,1999,Medium,6.2
9548,TikTok,46-60,Female,Brazil,Mobile,Mobile Data,Free,Mixed,0.8,2,167,25,148,66937,2801,Medium,5.4
9549,LinkedIn,46-60,Other,UAE,Tablet,WiFi,Free,Mixed,3.2,14,56,75,4,48161,369,High,6.8
9550,LinkedIn,13-18,Male,Brazil,Mobile,Mobile Data,Free,Image,5.9,38,774,166,43,37728,4166,Medium,8.9
9551,Reddit,13-18,Male,Japan,Tablet,Mobile Data,Premium,Mixed,1.5,33,787,6,130,89404,183,High,8.9
9552,TikTok,19-25,Female,Singapore,Mobile,WiFi,Premium,Text,0.7,22,484,32,136,67449,1368,Low,9.5
9553,LinkedIn,36-45,Female,Japan,Desktop,Mobile Data,Free,Image,4.6,7,104,62,38,26482,4396,High,0.7
9554,TikTok,26-35,Male,Germany,Desktop,WiFi,Free,Image,2.7,28,778,65,15,53968,4891,Medium,2.0
9555,Facebook,60+,Male,USA,Mobile,Mobile Data,Premium,Video,3.7,31,723,53,116,34044,130,Medium,3.7
9556,TikTok,26-35,Male,Singapore,Desktop,Mobile Data,Free,Image,5.4,3,9,151,78,31638,1273,Low,5.0
9557,Reddit,19-25,Other,UK,Mobile,WiFi,Premium,Image,2.6,6,633,16,52,90533,3394,Medium,9.1
9558,Reddit,60+,Other,India,Tablet,WiFi,Premium,Text,5.7,22,233,43,114,60157,1476,High,5.1
9559,Facebook,60+,Male,Australia,Desktop,WiFi,Premium,Video,2.9,14,343,57,76,18479,4316,High,2.4
9560,Instagram,36-45,Other,Canada,Tablet,WiFi,Premium,Text,1.6,21,661,12,118,48298,4882,Medium,6.4
9561,YouTube,46-60,Male,USA,Mobile,Mobile Data,Premium,Mixed,5.2,2,556,12,108,52581,375,Medium,4.8
9562,Facebook,36-45,Male,Germany,Desktop,WiFi,Free,Video,3.5,26,331,6,64,62686,4070,Medium,1.3
9563,Instagram,60+,Female,Canada,Mobile,WiFi,Premium,Text,5.3,15,138,105,40,18280,1444,Medium,8.2
9564,Facebook,60+,Other,India,Mobile,WiFi,Premium,Text,0.6,29,486,65,74,61047,2697,Low,9.7
9565,Twitter,36-45,Male,UK,Tablet,Mobile Data,Free,Mixed,4.9,20,580,124,13,30657,4644,Low,4.0
9566,Pinterest,60+,Female,Germany,Tablet,WiFi,Free,Text,2.6,35,428,47,144,51016,210,Low,6.8
9567,Reddit,36-45,Male,Germany,Mobile,WiFi,Premium,Video,1.5,30,672,49,137,84306,3732,High,5.5
9568,Twitter,19-25,Male,Canada,Desktop,WiFi,Premium,Video,2.2,4,7,119,51,43652,515,Medium,4.7
9569,Twitter,19-25,Female,UK,Desktop,WiFi,Free,Text,6.0,3,530,56,150,33561,1690,Medium,1.2
9570,Reddit,13-18,Other,Brazil,Desktop,Mobile Data,Free,Text,1.6,14,749,44,80,29849,445,Medium,5.0
9571,TikTok,60+,Other,Singapore,Tablet,Mobile Data,Free,Mixed,2.6,7,222,98,109,55508,3099,High,8.0
9572,Pinterest,13-18,Other,Japan,Desktop,WiFi,Free,Image,4.5,4,747,197,101,44850,4390,High,8.7
9573,Facebook,19-25,Male,Japan,Tablet,Mobile Data,Free,Text,5.4,6,187,148,111,51385,4488,Medium,8.7
9574,TikTok,46-60,Other,India,Tablet,WiFi,Free,Mixed,3.4,29,225,195,49,71634,2147,Medium,2.1
9575,Snapchat,26-35,Other,USA,Desktop,WiFi,Free,Image,2.1,23,573,6,123,79510,3966,Low,4.7
9576,Instagram,13-18,Female,USA,Desktop,WiFi,Premium,Video,5.9,4,613,31,80,87580,234,Low,1.7
9577,YouTube,60+,Other,Singapore,Desktop,Mobile Data,Free,Mixed,1.9,35,91,39,36,56929,3709,Medium,2.8
9578,Instagram,36-45,Other,Australia,Desktop,Mobile Data,Premium,Mixed,4.2,39,259,137,64,75819,2034,High,9.7
9579,TikTok,46-60,Other,UAE,Tablet,WiFi,Premium,Mixed,5.3,20,687,146,26,97877,723,High,2.4
9580,Reddit,46-60,Other,UAE,Desktop,WiFi,Free,Text,1.9,7,767,136,133,97490,3201,Low,4.8
9581,Twitter,46-60,Female,Canada,Desktop,Mobile Data,Free,Mixed,2.7,10,331,104,50,11036,649,Low,9.8
9582,YouTube,46-60,Other,UK,Mobile,Mobile Data,Premium,Text,1.7,2,465,171,78,23736,765,Low,3.6
9583,Instagram,60+,Female,Brazil,Mobile,WiFi,Free,Text,4.8,23,366,199,115,53346,2638,Low,5.1
9584,Twitter,60+,Male,Germany,Mobile,WiFi,Premium,Video,5.9,26,703,128,103,19816,2579,Medium,4.1
9585,Facebook,60+,Female,Brazil,Tablet,WiFi,Premium,Mixed,2.8,23,66,67,75,59609,1269,Medium,2.6
9586,Snapchat,46-60,Other,Canada,Tablet,Mobile Data,Free,Image,2.2,15,547,132,92,97743,1843,Low,7.6
9587,Instagram,36-45,Other,Japan,Desktop,WiFi,Premium,Image,0.8,30,569,69,49,88824,4264,High,4.1
9588,YouTube,60+,Other,UAE,Tablet,WiFi,Free,Text,3.1,34,58,57,101,96072,4116,High,1.2
9589,Pinterest,36-45,Male,Brazil,Tablet,WiFi,Premium,Video,4.8,32,71,52,34,88093,1254,High,5.3
9590,Snapchat,46-60,Female,Singapore,Tablet,WiFi,Premium,Text,2.9,35,569,13,150,29410,3378,High,6.4
9591,Twitter,36-45,Other,India,Desktop,Mobile Data,Free,Mixed,2.3,27,545,10,62,27725,509,Low,9.4
9592,Reddit,46-60,Female,Canada,Desktop,WiFi,Free,Mixed,5.6,8,469,198,59,49080,383,High,7.6
9593,TikTok,46-60,Male,Singapore,Mobile,WiFi,Premium,Mixed,1.3,37,189,198,109,75731,4844,Low,0.6
9594,LinkedIn,36-45,Male,Germany,Mobile,WiFi,Premium,Text,5.0,33,145,45,60,4132,1352,High,7.0
9595,Pinterest,13-18,Female,Canada,Tablet,Mobile Data,Premium,Video,1.5,21,274,162,104,36033,3067,Low,1.7
9596,Snapchat,60+,Other,USA,Tablet,Mobile Data,Free,Video,1.8,38,766,88,139,16145,3517,Medium,5.4
9597,Pinterest,60+,Female,Singapore,Mobile,Mobile Data,Premium,Video,2.9,5,729,90,23,70172,2761,Low,3.0
9598,YouTube,36-45,Male,India,Mobile,WiFi,Premium,Video,5.2,10,622,78,80,90523,668,Low,0.8
9599,Reddit,60+,Female,UK,Mobile,Mobile Data,Premium,Text,4.5,12,370,51,42,69980,970,High,1.4
9600,Pinterest,46-60,Male,Brazil,Desktop,Mobile Data,Premium,Image,0.5,12,20,149,122,22618,410,Low,3.5
9601,Facebook,46-60,Male,Brazil,Desktop,WiFi,Premium,Mixed,3.4,21,400,161,150,6147,2301,High,6.3
9602,YouTube,13-18,Female,Germany,Mobile,Mobile Data,Premium,Mixed,2.9,17,568,1,147,37888,2945,Low,1.0
9603,LinkedIn,19-25,Male,Singapore,Desktop,Mobile Data,Free,Text,4.0,30,639,3,144,63259,4433,Low,0.8
9604,YouTube,46-60,Female,Singapore,Desktop,Mobile Data,Free,Video,3.3,36,314,116,135,12390,2090,Low,7.5
9605,Facebook,26-35,Female,Australia,Desktop,WiFi,Premium,Text,4.9,24,389,159,134,59458,1705,Medium,3.5
9606,Pinterest,60+,Other,Canada,Tablet,WiFi,Free,Text,5.0,25,438,81,39,73329,2882,Medium,5.0
9607,TikTok,13-18,Other,Germany,Mobile,Mobile Data,Premium,Image,3.8,21,373,30,46,18754,1150,Low,7.6
9608,TikTok,26-35,Male,Germany,Mobile,WiFi,Premium,Image,0.3,11,399,115,34,19209,2183,Medium,8.6
9609,LinkedIn,46-60,Female,Germany,Desktop,Mobile Data,Premium,Video,4.2,19,678,120,145,55179,562,High,4.5
9610,Twitter,19-25,Other,Brazil,Tablet,WiFi,Premium,Video,2.6,10,267,144,141,5098,2484,Low,4.3
9611,YouTube,60+,Male,UAE,Desktop,Mobile Data,Free,Mixed,4.9,28,598,54,129,64711,347,Low,1.1
9612,Reddit,13-18,Female,USA,Tablet,Mobile Data,Free,Video,4.6,35,50,81,110,41320,4613,Low,8.6
9613,Snapchat,36-45,Other,Germany,Tablet,Mobile Data,Premium,Image,2.7,20,445,175,5,34296,3608,Low,2.8
9614,TikTok,60+,Male,UK,Mobile,WiFi,Free,Video,1.4,39,667,106,112,40996,1663,Low,2.7
9615,Twitter,36-45,Male,India,Desktop,Mobile Data,Premium,Mixed,1.0,15,784,11,78,92735,3949,Low,7.1
9616,Facebook,13-18,Other,Brazil,Mobile,Mobile Data,Premium,Mixed,4.1,16,650,193,29,11274,2330,High,2.8
9617,Snapchat,26-35,Other,USA,Mobile,Mobile Data,Premium,Mixed,2.9,4,710,181,60,49644,3733,High,2.3
9618,YouTube,36-45,Other,Japan,Desktop,Mobile Data,Free,Text,3.7,11,511,138,19,64514,303,Low,9.8
9619,LinkedIn,60+,Male,Japan,Mobile,WiFi,Free,Mixed,0.4,30,340,128,108,92032,3805,Medium,7.0
9620,TikTok,13-18,Other,Japan,Tablet,WiFi,Free,Mixed,3.7,1,380,47,80,72583,3802,Low,2.4
9621,Snapchat,60+,Female,Japan,Tablet,WiFi,Premium,Image,3.6,26,666,116,11,96255,772,Medium,1.4
9622,Instagram,46-60,Female,Japan,Tablet,WiFi,Free,Image,5.8,39,721,5,60,36267,4134,High,6.1
9623,TikTok,36-45,Other,Australia,Mobile,WiFi,Premium,Mixed,0.2,18,244,20,83,44602,4442,Medium,1.1
9624,LinkedIn,19-25,Female,Brazil,Desktop,Mobile Data,Premium,Mixed,5.0,33,340,56,86,31384,2749,High,9.8
9625,Twitter,19-25,Female,USA,Desktop,WiFi,Premium,Image,5.2,36,179,107,38,53785,2448,High,1.8
9626,LinkedIn,13-18,Female,Singapore,Tablet,WiFi,Premium,Image,5.8,38,254,86,38,96193,1865,Medium,2.3
9627,TikTok,19-25,Female,UK,Desktop,Mobile Data,Free,Video,2.7,11,612,135,106,86663,2459,Medium,8.6
9628,Instagram,26-35,Female,USA,Mobile,Mobile Data,Premium,Mixed,1.4,0,144,140,77,43468,721,Low,1.6
9629,Snapchat,19-25,Other,UAE,Tablet,Mobile Data,Free,Image,0.9,17,447,74,110,96517,3751,High,1.6
9630,Facebook,13-18,Male,USA,Desktop,WiFi,Premium,Video,6.0,23,542,37,78,81796,4808,Medium,2.8
9631,Twitter,46-60,Female,UK,Desktop,WiFi,Premium,Video,4.5,20,377,62,87,5493,947,Medium,8.7
9632,TikTok,60+,Male,Brazil,Desktop,Mobile Data,Premium,Mixed,3.7,5,59,25,8,30935,2881,High,7.5
9633,TikTok,13-18,Male,Canada,Tablet,WiFi,Premium,Mixed,2.4,8,190,18,110,38077,4111,Low,5.8
9634,YouTube,13-18,Male,Japan,Desktop,Mobile Data,Free,Video,5.6,2,428,195,34,22478,2915,Low,4.7
9635,Reddit,13-18,Male,Japan,Mobile,WiFi,Premium,Video,2.9,0,129,166,121,89619,4429,High,6.3
9636,LinkedIn,46-60,Female,USA,Mobile,WiFi,Free,Video,3.4,4,43,90,60,7700,1436,Low,6.8
9637,Pinterest,26-35,Female,Singapore,Tablet,WiFi,Premium,Video,5.2,27,349,74,54,19862,3106,High,1.1
9638,LinkedIn,60+,Female,Canada,Tablet,WiFi,Free,Image,5.8,26,494,145,150,31950,968,Medium,1.1
9639,YouTube,46-60,Male,UAE,Tablet,Mobile Data,Premium,Image,5.3,12,735,177,52,3153,320,Medium,8.1
9640,YouTube,26-35,Male,Japan,Desktop,Mobile Data,Premium,Video,0.6,3,83,187,69,7179,2465,Low,0.5
9641,Instagram,46-60,Female,India,Desktop,WiFi,Premium,Video,0.4,29,548,182,114,24637,2789,Medium,6.5
9642,Instagram,36-45,Female,Brazil,Tablet,Mobile Data,Premium,Text,3.6,37,196,136,19,94913,380,Medium,9.6
9643,Twitter,36-45,Female,UAE,Tablet,WiFi,Premium,Video,5.4,13,224,134,26,49444,1253,Low,2.5
9644,Reddit,46-60,Other,India,Tablet,WiFi,Free,Image,5.7,19,229,173,125,79424,2539,Low,9.4
9645,TikTok,36-45,Other,Singapore,Mobile,WiFi,Premium,Image,0.2,21,403,154,138,38422,4813,Low,4.9
9646,Reddit,19-25,Male,Australia,Tablet,Mobile Data,Free,Mixed,5.7,5,438,96,139,95169,1845,Low,7.2
9647,Reddit,13-18,Female,Australia,Desktop,Mobile Data,Free,Image,1.5,23,228,76,23,43178,4470,Low,5.7
9648,Snapchat,36-45,Male,Germany,Tablet,Mobile Data,Free,Video,3.4,28,277,115,42,35519,2425,Low,7.4
9649,YouTube,26-35,Other,Brazil,Tablet,WiFi,Free,Mixed,4.3,2,451,94,143,7070,949,High,9.3
9650,Snapchat,19-25,Other,Germany,Tablet,WiFi,Premium,Text,5.5,23,298,53,51,12113,936,Low,2.9
9651,Instagram,46-60,Female,Germany,Tablet,WiFi,Premium,Text,3.0,26,196,14,145,76353,1125,High,7.2
9652,LinkedIn,19-25,Male,Australia,Desktop,WiFi,Free,Mixed,1.3,39,477,135,144,41532,2948,High,7.5
9653,Instagram,36-45,Other,UAE,Desktop,WiFi,Free,Mixed,1.9,19,727,65,95,92954,3036,Low,8.8
9654,TikTok,36-45,Other,India,Desktop,Mobile Data,Free,Mixed,0.7,22,795,54,37,16874,4160,Low,8.0
9655,Snapchat,36-45,Female,Japan,Mobile,WiFi,Free,Video,2.4,22,447,181,134,96501,2722,High,6.3
9656,Instagram,36-45,Male,Canada,Desktop,WiFi,Free,Video,4.2,7,384,54,138,24664,2722,High,9.7
9657,Reddit,13-18,Male,UK,Mobile,WiFi,Premium,Image,3.0,27,381,127,110,29622,1727,Low,7.8
9658,Pinterest,26-35,Female,Canada,Mobile,Mobile Data,Premium,Mixed,4.1,9,500,123,48,70877,1354,Medium,4.4
9659,YouTube,13-18,Female,Brazil,Desktop,WiFi,Free,Mixed,1.6,12,678,21,71,83303,2869,Low,9.7
9660,TikTok,26-35,Female,Brazil,Tablet,WiFi,Premium,Image,0.3,37,212,183,108,89958,730,Medium,4.0
9661,Pinterest,36-45,Other,UK,Desktop,WiFi,Premium,Mixed,5.3,18,502,194,24,73855,1580,Low,7.2
9662,LinkedIn,46-60,Female,Canada,Mobile,Mobile Data,Premium,Mixed,1.5,11,692,24,77,38925,1415,Low,0.7
9663,Pinterest,26-35,Other,India,Tablet,Mobile Data,Free,Text,1.0,20,305,120,5,66903,373,Low,2.9
9664,Reddit,46-60,Other,UK,Desktop,WiFi,Premium,Text,2.9,20,792,127,21,58914,1272,High,3.3
9665,Reddit,19-25,Male,UAE,Tablet,WiFi,Premium,Mixed,0.5,20,360,148,12,43297,4194,Low,7.4
9666,Pinterest,46-60,Male,Japan,Mobile,WiFi,Free,Video,3.7,34,115,75,42,97389,2419,High,3.6
9667,Instagram,26-35,Other,Singapore,Tablet,WiFi,Premium,Image,2.8,0,171,177,141,13385,3266,Medium,9.2
9668,Twitter,60+,Female,UAE,Mobile,WiFi,Free,Video,0.3,19,144,150,92,65867,3352,High,8.1
9669,Twitter,13-18,Other,Brazil,Tablet,Mobile Data,Free,Image,2.7,28,702,11,129,6647,1346,High,3.2
9670,TikTok,13-18,Male,Brazil,Desktop,WiFi,Premium,Image,2.3,28,10,146,15,48973,3836,Low,5.4
9671,YouTube,13-18,Female,Germany,Mobile,WiFi,Free,Mixed,1.7,13,145,166,89,63684,621,Low,9.6
9672,Instagram,19-25,Female,UAE,Tablet,Mobile Data,Premium,Mixed,0.3,14,139,19,85,78817,3863,High,9.1
9673,Reddit,19-25,Other,USA,Mobile,Mobile Data,Premium,Text,0.9,21,783,115,25,53075,3088,Medium,7.5
9674,YouTube,36-45,Male,Germany,Mobile,WiFi,Premium,Image,4.8,17,364,124,56,11007,1772,Low,4.0
9675,LinkedIn,13-18,Other,Australia,Tablet,WiFi,Free,Text,2.7,4,370,115,45,92475,2135,High,0.7
9676,Twitter,60+,Male,Japan,Tablet,WiFi,Free,Mixed,5.4,5,594,180,67,18914,4731,Low,6.4
9677,Twitter,26-35,Female,Singapore,Desktop,Mobile Data,Free,Text,1.7,13,791,52,129,28654,1170,Low,9.0
9678,Pinterest,60+,Other,Japan,Tablet,WiFi,Premium,Text,5.1,16,357,112,39,27190,3603,High,3.7
9679,LinkedIn,60+,Male,Germany,Mobile,Mobile Data,Free,Video,5.0,7,401,65,7,80540,301,High,0.5
9680,Snapchat,36-45,Female,Brazil,Tablet,Mobile Data,Premium,Video,3.4,38,320,154,138,26191,944,Medium,2.3
9681,Twitter,36-45,Other,UAE,Desktop,WiFi,Premium,Mixed,2.8,12,732,17,146,31069,1057,High,8.8
9682,Instagram,26-35,Male,Brazil,Tablet,WiFi,Premium,Image,1.1,18,580,105,97,698,3281,High,8.2
9683,Instagram,26-35,Male,India,Mobile,Mobile Data,Premium,Text,0.3,7,54,89,21,15105,1858,Low,8.5
9684,Twitter,36-45,Female,Japan,Tablet,WiFi,Free,Image,0.2,1,352,93,36,74227,4692,High,5.3
9685,TikTok,36-45,Male,India,Tablet,Mobile Data,Free,Text,1.9,2,458,96,9,76959,1360,Low,9.5
9686,Instagram,46-60,Female,UK,Tablet,WiFi,Free,Image,5.6,25,344,197,81,81956,2209,Low,7.2
9687,Instagram,19-25,Female,UK,Desktop,Mobile Data,Premium,Mixed,1.6,39,346,141,86,91236,1385,Low,9.1
9688,Instagram,13-18,Other,UAE,Tablet,Mobile Data,Free,Mixed,1.0,23,348,27,1,95682,3770,Medium,4.9
9689,Reddit,13-18,Female,Australia,Mobile,Mobile Data,Premium,Text,1.4,1,234,16,72,64262,3339,High,7.6
9690,YouTube,26-35,Other,Singapore,Tablet,WiFi,Free,Mixed,1.5,22,34,19,14,84915,690,Medium,6.2
9691,Pinterest,36-45,Male,Japan,Tablet,Mobile Data,Free,Image,4.3,29,146,28,76,45427,3909,Medium,1.6
9692,Facebook,60+,Male,Australia,Desktop,Mobile Data,Premium,Text,5.9,31,109,11,86,48071,1724,Low,3.8
9693,Twitter,26-35,Male,Brazil,Desktop,Mobile Data,Free,Video,1.1,22,51,135,23,43233,4858,High,1.8
9694,Facebook,46-60,Male,Singapore,Tablet,Mobile Data,Premium,Video,4.3,28,555,36,69,14796,2003,Medium,10.0
9695,Pinterest,60+,Other,UAE,Desktop,Mobile Data,Premium,Video,1.5,29,357,152,144,37892,3683,Low,4.6
9696,Facebook,13-18,Male,Germany,Desktop,Mobile Data,Premium,Image,2.6,6,452,183,60,79934,3535,Low,8.7
9697,TikTok,46-60,Other,UAE,Desktop,WiFi,Premium,Text,2.3,11,664,199,58,93166,1147,Low,7.5
9698,Reddit,60+,Other,Japan,Mobile,WiFi,Free,Mixed,5.0,33,658,4,13,84714,4932,High,6.8
9699,Twitter,13-18,Other,Brazil,Desktop,Mobile Data,Free,Image,2.9,27,176,80,107,45884,1769,Low,9.1
9700,Reddit,13-18,Male,Australia,Tablet,Mobile Data,Premium,Image,0.7,24,358,53,24,9647,1511,Medium,3.6
9701,TikTok,13-18,Other,Japan,Desktop,WiFi,Free,Video,1.7,20,404,40,32,55458,2863,High,9.9
9702,Twitter,19-25,Female,UK,Mobile,WiFi,Free,Mixed,2.2,3,119,101,132,24007,3813,Medium,8.7
9703,Pinterest,46-60,Male,UAE,Desktop,Mobile Data,Free,Image,0.6,15,436,96,92,33374,4317,Low,9.2
9704,Reddit,26-35,Male,India,Tablet,WiFi,Free,Text,4.1,36,774,176,79,97633,2150,Medium,5.3
9705,Snapchat,26-35,Female,USA,Mobile,Mobile Data,Free,Mixed,4.6,35,773,200,44,29856,1786,Low,7.8
9706,LinkedIn,13-18,Female,Germany,Desktop,Mobile Data,Premium,Mixed,3.4,2,431,117,89,13326,586,Low,4.7
9707,YouTube,46-60,Female,UK,Desktop,Mobile Data,Free,Mixed,2.9,5,419,6,85,95512,4832,Medium,3.4
9708,Facebook,36-45,Female,Singapore,Mobile,WiFi,Premium,Mixed,4.6,4,448,160,121,79984,3671,High,5.5
9709,YouTube,46-60,Male,Singapore,Mobile,Mobile Data,Premium,Mixed,5.1,9,50,77,90,95016,4453,High,6.3
9710,Instagram,46-60,Male,UAE,Mobile,Mobile Data,Premium,Video,4.6,22,261,90,64,87750,4592,High,7.8
9711,Facebook,46-60,Other,Canada,Desktop,WiFi,Premium,Video,6.0,25,758,179,103,92022,1140,Low,0.9
9712,TikTok,60+,Female,UK,Tablet,WiFi,Premium,Mixed,6.0,36,110,133,118,22616,2700,Medium,5.7
9713,Instagram,46-60,Male,Singapore,Mobile,Mobile Data,Premium,Video,2.3,39,323,150,95,37838,4214,High,6.6
9714,Twitter,60+,Other,Australia,Mobile,Mobile Data,Premium,Video,1.1,37,0,8,100,54544,3999,High,3.6
9715,Instagram,60+,Female,Australia,Desktop,WiFi,Free,Video,2.2,33,134,23,108,3851,360,Low,5.4
9716,Instagram,19-25,Other,USA,Tablet,WiFi,Premium,Image,0.8,39,370,16,92,65858,2402,High,6.3
9717,Reddit,13-18,Male,India,Tablet,WiFi,Premium,Video,0.6,36,567,100,33,96140,3846,Medium,4.8
9718,Instagram,19-25,Female,UAE,Tablet,Mobile Data,Free,Text,5.4,19,310,108,89,69281,579,Medium,9.6
9719,Instagram,36-45,Female,Canada,Desktop,WiFi,Free,Video,4.1,36,489,164,54,93644,687,Medium,8.2
9720,Facebook,13-18,Other,Brazil,Mobile,Mobile Data,Premium,Image,1.7,13,318,136,50,44369,4107,Low,3.2
9721,Pinterest,46-60,Other,India,Desktop,Mobile Data,Premium,Video,1.2,4,87,125,114,27683,4161,High,10.0
9722,TikTok,36-45,Male,India,Tablet,WiFi,Premium,Text,4.5,20,72,69,141,92096,601,Low,8.7
9723,Facebook,36-45,Male,UK,Tablet,Mobile Data,Free,Video,1.6,4,254,97,120,7596,3348,Low,8.5
9724,Twitter,13-18,Other,India,Mobile,Mobile Data,Premium,Text,1.2,5,89,127,4,39308,2948,Medium,5.5
9725,Twitter,60+,Male,Japan,Desktop,Mobile Data,Premium,Image,5.5,33,710,189,18,1818,4811,Medium,9.4
9726,Pinterest,60+,Male,Brazil,Tablet,Mobile Data,Premium,Video,3.0,26,159,152,95,49661,501,High,3.7
9727,TikTok,26-35,Male,UAE,Desktop,WiFi,Premium,Text,5.2,25,98,35,127,88029,487,Low,3.2
9728,Twitter,26-35,Male,Singapore,Tablet,WiFi,Premium,Video,5.7,9,95,41,60,10802,4721,Low,2.0
9729,Facebook,46-60,Male,Australia,Tablet,WiFi,Free,Image,2.7,38,535,23,87,70926,2952,High,8.9
9730,Twitter,46-60,Female,Canada,Desktop,WiFi,Premium,Text,1.3,26,78,106,64,60681,3144,Medium,9.9
9731,Twitter,26-35,Other,Australia,Desktop,Mobile Data,Premium,Mixed,1.8,19,11,81,128,99763,918,High,9.0
9732,Twitter,19-25,Other,India,Desktop,Mobile Data,Premium,Video,1.2,10,778,119,75,79376,4450,High,5.1
9733,LinkedIn,13-18,Male,USA,Mobile,Mobile Data,Premium,Mixed,3.9,22,153,0,40,64403,448,Low,1.0
9734,Twitter,13-18,Female,UAE,Desktop,Mobile Data,Free,Text,2.0,31,498,115,95,88098,4957,High,8.8
9735,Instagram,36-45,Other,USA,Mobile,Mobile Data,Premium,Mixed,5.5,34,397,18,146,90243,4581,Medium,6.7
9736,Reddit,46-60,Other,Canada,Mobile,Mobile Data,Premium,Video,4.7,11,759,156,78,32820,3157,High,5.7
9737,LinkedIn,36-45,Male,Japan,Tablet,WiFi,Premium,Video,4.0,14,93,66,133,10723,4604,High,6.9
9738,LinkedIn,19-25,Other,USA,Desktop,WiFi,Premium,Video,3.4,8,303,135,52,65789,1339,High,9.3
9739,LinkedIn,36-45,Other,Singapore,Tablet,WiFi,Free,Video,2.1,40,261,60,142,43800,3410,Medium,1.6
9740,TikTok,19-25,Other,Germany,Desktop,Mobile Data,Free,Text,5.5,17,542,186,119,51732,4208,Medium,3.1
9741,Instagram,46-60,Other,Singapore,Tablet,Mobile Data,Free,Text,0.9,30,467,92,85,90781,4627,Low,7.3
9742,TikTok,13-18,Male,Japan,Mobile,Mobile Data,Premium,Text,0.2,27,210,165,108,56568,1579,Medium,5.7
9743,TikTok,60+,Male,Australia,Desktop,Mobile Data,Premium,Text,1.5,11,677,147,22,53955,4957,High,2.2
9744,Twitter,26-35,Male,USA,Tablet,Mobile Data,Premium,Text,3.4,37,546,129,75,37876,4513,Medium,4.1
9745,Facebook,60+,Other,Japan,Mobile,WiFi,Premium,Image,5.4,36,533,97,99,36709,1686,Medium,9.5
9746,Snapchat,36-45,Other,Germany,Mobile,Mobile Data,Free,Text,1.0,33,262,146,25,72648,1873,Medium,8.1
9747,Pinterest,26-35,Male,Australia,Tablet,Mobile Data,Free,Text,0.6,40,291,153,106,73840,1816,Medium,5.1
9748,YouTube,13-18,Female,India,Tablet,Mobile Data,Free,Image,4.6,39,624,113,103,321,183,Medium,1.4
9749,Twitter,13-18,Female,UAE,Desktop,WiFi,Free,Mixed,4.3,0,312,170,82,25549,3319,Low,5.7
9750,Snapchat,26-35,Other,UAE,Tablet,Mobile Data,Premium,Mixed,1.9,16,505,195,54,27918,535,High,2.6
9751,Facebook,19-25,Female,Australia,Mobile,Mobile Data,Premium,Text,1.8,35,45,89,64,79818,3216,Medium,9.5
9752,Pinterest,26-35,Other,UK,Desktop,WiFi,Free,Text,5.9,27,55,47,75,96769,1790,Medium,1.2
9753,Facebook,19-25,Female,Germany,Desktop,Mobile Data,Free,Mixed,2.5,40,665,11,57,42118,707,Low,3.9
9754,YouTube,36-45,Male,Canada,Mobile,WiFi,Premium,Mixed,3.8,28,156,125,48,59287,2918,Low,2.5
9755,Snapchat,13-18,Other,Germany,Desktop,WiFi,Free,Video,1.5,22,740,81,126,2011,2862,Medium,8.5
9756,Snapchat,13-18,Other,USA,Desktop,WiFi,Free,Video,1.6,39,474,145,36,38353,2736,Low,5.6
9757,Snapchat,60+,Male,Canada,Mobile,Mobile Data,Free,Video,4.5,1,185,124,42,29320,4844,High,7.7
9758,YouTube,36-45,Other,UAE,Tablet,WiFi,Premium,Mixed,5.0,17,165,112,36,46361,4148,Low,4.2
9759,YouTube,60+,Female,UK,Tablet,WiFi,Free,Text,3.0,3,521,54,64,90681,3186,Medium,7.8
9760,Snapchat,46-60,Female,UK,Desktop,Mobile Data,Free,Text,2.5,28,291,57,79,96702,2881,Low,3.0
9761,YouTube,26-35,Other,Singapore,Desktop,Mobile Data,Free,Video,3.1,30,96,59,10,7900,4509,High,0.9
9762,Facebook,46-60,Male,Canada,Tablet,WiFi,Free,Image,5.4,35,134,154,57,53718,2646,High,2.3
9763,Twitter,19-25,Other,Germany,Tablet,WiFi,Premium,Video,1.7,38,631,39,127,96645,2006,High,8.6
9764,Twitter,46-60,Other,USA,Tablet,WiFi,Free,Text,1.5,35,495,50,14,21807,4657,High,8.9
9765,Facebook,26-35,Female,USA,Tablet,Mobile Data,Premium,Video,5.8,31,333,64,148,60606,1371,High,5.0
9766,LinkedIn,36-45,Male,UAE,Mobile,WiFi,Premium,Mixed,4.6,17,664,161,109,57530,3453,Medium,1.9
9767,Facebook,19-25,Male,Canada,Desktop,Mobile Data,Free,Mixed,6.0,39,208,11,57,45059,175,High,3.3
9768,YouTube,36-45,Male,Brazil,Tablet,Mobile Data,Premium,Text,0.4,19,69,17,89,70173,3226,Low,2.2
9769,Snapchat,13-18,Female,Germany,Desktop,Mobile Data,Free,Mixed,5.0,22,295,69,130,15263,3231,High,3.9
9770,Twitter,46-60,Male,India,Tablet,WiFi,Free,Mixed,4.6,36,694,97,135,96741,4255,Low,8.4
9771,Facebook,60+,Other,India,Tablet,Mobile Data,Free,Mixed,1.0,37,681,168,39,41690,3229,Medium,3.2
9772,Pinterest,46-60,Male,UK,Desktop,Mobile Data,Premium,Video,3.6,40,647,53,31,11498,1358,High,9.2
9773,Facebook,26-35,Female,India,Mobile,Mobile Data,Free,Mixed,2.5,21,463,70,95,90842,87,High,9.4
9774,TikTok,26-35,Male,Australia,Desktop,Mobile Data,Free,Video,1.7,24,483,106,1,84290,1896,Low,3.1
9775,LinkedIn,19-25,Male,UK,Mobile,WiFi,Free,Mixed,5.4,12,540,55,60,54853,3160,High,6.7
9776,Twitter,46-60,Other,Japan,Mobile,Mobile Data,Free,Video,3.8,25,258,136,9,37714,1428,High,9.4
9777,Snapchat,46-60,Other,USA,Mobile,Mobile Data,Premium,Video,6.0,12,504,130,87,89335,146,High,3.4
9778,Reddit,36-45,Male,Australia,Desktop,Mobile Data,Premium,Image,2.5,33,310,93,73,41194,4745,Medium,1.1
9779,Instagram,13-18,Male,UAE,Mobile,Mobile Data,Free,Image,2.2,33,284,41,102,80604,4819,Low,0.5
9780,YouTube,13-18,Female,USA,Tablet,Mobile Data,Free,Video,0.4,37,217,117,52,14608,3799,Medium,8.7
9781,Twitter,36-45,Other,Brazil,Tablet,WiFi,Premium,Image,5.4,28,707,97,11,81057,2836,High,0.8
9782,LinkedIn,36-45,Male,Australia,Tablet,Mobile Data,Premium,Video,0.5,38,431,12,141,86109,3851,Low,8.8
9783,Twitter,19-25,Other,Brazil,Mobile,WiFi,Premium,Mixed,2.2,19,787,58,142,84192,4405,High,1.0
9784,Pinterest,36-45,Female,Australia,Tablet,Mobile Data,Premium,Video,4.5,33,638,66,142,35626,838,High,5.8
9785,TikTok,60+,Male,USA,Desktop,WiFi,Premium,Video,0.4,36,31,147,134,21044,3225,Low,7.5
9786,Snapchat,26-35,Female,Canada,Mobile,Mobile Data,Premium,Image,2.4,8,11,195,91,38133,4024,High,3.7
9787,Facebook,19-25,Female,Germany,Desktop,WiFi,Premium,Mixed,3.4,36,471,10,143,94243,510,Medium,4.3
9788,Snapchat,36-45,Female,Brazil,Mobile,Mobile Data,Premium,Mixed,2.0,27,371,120,136,37749,2764,High,5.9
9789,Facebook,36-45,Female,USA,Desktop,Mobile Data,Free,Image,5.3,10,441,67,7,51850,3323,High,3.7
9790,LinkedIn,13-18,Male,Germany,Desktop,WiFi,Premium,Image,5.7,33,695,192,115,14386,4097,High,2.5
9791,Facebook,19-25,Male,USA,Desktop,WiFi,Free,Image,3.3,35,315,83,140,24882,1284,Low,9.2
9792,Reddit,36-45,Other,Singapore,Mobile,Mobile Data,Free,Mixed,3.8,26,158,120,129,1604,345,Medium,3.9
9793,Facebook,13-18,Male,Canada,Tablet,WiFi,Premium,Image,4.0,21,168,185,65,10574,2950,High,3.1
9794,YouTube,26-35,Male,Canada,Mobile,Mobile Data,Free,Mixed,3.5,16,495,96,129,63700,1008,Low,5.4
9795,Reddit,36-45,Female,UK,Tablet,WiFi,Premium,Image,5.0,1,497,199,139,90982,4970,Low,2.6
9796,TikTok,26-35,Male,Germany,Mobile,Mobile Data,Premium,Mixed,2.4,24,727,176,149,39006,2143,Medium,9.0
9797,Reddit,19-25,Other,UAE,Desktop,Mobile Data,Free,Video,5.6,17,778,96,136,93361,4105,Medium,10.0
9798,LinkedIn,46-60,Female,Singapore,Mobile,Mobile Data,Free,Text,3.7,37,205,12,133,43624,2716,Low,1.1
9799,Twitter,60+,Female,Singapore,Desktop,WiFi,Free,Video,3.8,39,767,118,99,87780,4132,High,3.8
9800,Snapchat,60+,Other,Japan,Desktop,WiFi,Free,Mixed,4.4,5,129,199,40,51919,2429,Medium,7.1
9801,Reddit,46-60,Other,India,Tablet,WiFi,Free,Image,3.4,26,669,136,129,39124,2524,High,9.0
9802,Facebook,26-35,Male,Japan,Desktop,Mobile Data,Free,Image,4.3,23,125,115,111,63911,2681,High,7.1
9803,Reddit,36-45,Other,Germany,Tablet,Mobile Data,Free,Image,4.8,28,24,25,107,88081,4038,Low,0.7
9804,Facebook,46-60,Male,Singapore,Desktop,WiFi,Premium,Text,4.2,40,2,167,77,19646,3846,Low,3.1
9805,YouTube,19-25,Other,India,Tablet,Mobile Data,Premium,Mixed,0.8,40,157,70,105,36368,1589,Low,7.5
9806,Instagram,36-45,Female,Canada,Tablet,Mobile Data,Premium,Text,3.9,8,320,130,49,60244,4303,Medium,1.9
9807,Reddit,26-35,Other,Singapore,Tablet,Mobile Data,Free,Text,1.3,30,198,193,20,48544,535,Medium,10.0
9808,TikTok,26-35,Male,UK,Mobile,Mobile Data,Premium,Image,5.6,1,311,77,77,76764,4439,Medium,8.9
9809,Facebook,19-25,Other,Australia,Desktop,WiFi,Premium,Image,2.2,11,352,83,129,30360,3435,Low,9.8
9810,YouTube,26-35,Male,Germany,Desktop,WiFi,Free,Text,3.1,32,636,52,93,69899,396,Medium,5.4
9811,LinkedIn,36-45,Other,Canada,Mobile,WiFi,Premium,Mixed,3.2,27,676,9,97,66233,2019,Low,2.1
9812,TikTok,19-25,Other,Australia,Mobile,Mobile Data,Premium,Video,2.6,30,124,158,126,26485,430,Medium,3.8
9813,YouTube,13-18,Female,Japan,Mobile,Mobile Data,Free,Video,4.8,39,465,160,105,84273,4213,Low,9.6
9814,Pinterest,46-60,Other,Canada,Tablet,Mobile Data,Premium,Video,5.7,6,712,138,6,96555,1725,High,0.8
9815,Facebook,46-60,Other,Singapore,Tablet,Mobile Data,Premium,Mixed,4.6,2,248,80,35,11997,485,High,1.0
9816,Twitter,60+,Male,Japan,Mobile,WiFi,Free,Image,2.2,14,310,193,12,83060,2163,High,2.3
9817,TikTok,46-60,Other,Brazil,Mobile,Mobile Data,Free,Text,2.4,5,147,30,146,54920,3408,Medium,0.9
9818,Instagram,60+,Female,Canada,Desktop,WiFi,Premium,Image,1.5,33,732,114,100,79924,1649,Low,8.8
9819,LinkedIn,19-25,Female,Singapore,Desktop,Mobile Data,Free,Mixed,1.3,30,357,139,100,3660,4048,High,3.2
9820,Twitter,19-25,Male,Germany,Tablet,WiFi,Free,Mixed,1.7,11,314,165,19,74787,192,Medium,9.4
9821,TikTok,13-18,Male,Brazil,Tablet,WiFi,Free,Mixed,0.9,2,580,20,86,25101,534,Low,5.1
9822,LinkedIn,36-45,Female,Singapore,Tablet,WiFi,Premium,Video,2.8,25,82,15,60,18859,1926,Medium,7.9
9823,Twitter,13-18,Male,Germany,Tablet,Mobile Data,Premium,Image,4.7,20,267,38,83,51161,953,Medium,3.6
9824,Pinterest,13-18,Other,UK,Tablet,Mobile Data,Premium,Image,2.7,18,532,46,113,61321,3523,Medium,8.6
9825,Instagram,46-60,Male,USA,Mobile,Mobile Data,Premium,Text,1.3,4,472,183,141,3292,652,Low,9.3
9826,Snapchat,46-60,Other,UK,Mobile,WiFi,Free,Video,0.4,25,76,141,75,23955,2335,High,8.2
9827,Instagram,60+,Male,USA,Mobile,Mobile Data,Free,Mixed,2.5,23,598,34,72,1629,340,Medium,2.8
9828,Twitter,36-45,Other,Germany,Desktop,Mobile Data,Free,Image,4.6,31,105,189,19,20178,4003,Low,9.2
9829,Reddit,26-35,Male,Japan,Mobile,Mobile Data,Premium,Video,2.9,35,28,161,119,69668,3963,Medium,1.5
9830,YouTube,19-25,Male,Australia,Mobile,Mobile Data,Premium,Text,5.8,5,645,42,2,68823,4887,Low,8.5
9831,Reddit,26-35,Other,Japan,Desktop,WiFi,Free,Video,2.2,24,655,12,41,51783,2506,High,2.8
9832,Pinterest,26-35,Male,Japan,Mobile,Mobile Data,Free,Text,5.5,1,710,64,71,13996,3686,Low,4.6
9833,Facebook,60+,Male,UK,Desktop,Mobile Data,Free,Video,4.4,0,628,175,119,22313,1614,Medium,3.9
9834,Pinterest,13-18,Other,USA,Tablet,WiFi,Premium,Mixed,1.1,6,233,5,105,67169,4261,Low,7.9
9835,Pinterest,46-60,Male,Australia,Mobile,WiFi,Free,Video,0.5,25,593,111,22,34540,2197,Medium,5.4
9836,Pinterest,19-25,Male,Canada,Tablet,Mobile Data,Free,Image,3.0,29,279,183,28,84536,4336,Low,7.1
9837,Pinterest,13-18,Male,Canada,Mobile,Mobile Data,Free,Mixed,5.8,26,243,112,44,59590,4450,Medium,5.0
9838,Facebook,13-18,Male,Australia,Mobile,WiFi,Premium,Image,0.9,17,262,42,95,69389,2579,Medium,9.7
9839,Instagram,46-60,Female,Germany,Desktop,Mobile Data,Free,Image,4.4,31,522,192,74,47296,3695,High,8.3
9840,Facebook,60+,Other,Singapore,Mobile,WiFi,Free,Video,1.7,0,66,80,6,37943,3845,Medium,2.2
9841,Pinterest,19-25,Female,UK,Tablet,Mobile Data,Premium,Image,4.9,17,566,10,4,58466,3200,Medium,3.2
9842,Twitter,26-35,Other,Canada,Mobile,Mobile Data,Free,Text,3.6,22,424,156,125,47230,1976,Low,3.3
9843,YouTube,36-45,Other,USA,Desktop,WiFi,Free,Video,3.5,4,218,30,1,91242,636,High,4.8
9844,Snapchat,46-60,Female,UAE,Tablet,WiFi,Free,Image,5.0,18,185,121,86,42799,1941,High,7.9
9845,Snapchat,36-45,Male,India,Desktop,WiFi,Free,Mixed,0.3,4,360,162,77,93814,3637,High,7.3
9846,YouTube,13-18,Male,Japan,Mobile,WiFi,Free,Text,1.5,29,142,86,31,71815,438,High,3.0
9847,Instagram,19-25,Female,Germany,Tablet,Mobile Data,Premium,Video,5.5,17,9,17,51,72816,2181,Medium,8.2
9848,Pinterest,46-60,Other,Canada,Mobile,Mobile Data,Free,Image,4.9,28,733,16,31,63904,4856,Medium,9.7
9849,YouTube,26-35,Male,Brazil,Desktop,Mobile Data,Premium,Mixed,1.1,26,317,89,59,51431,2599,Low,0.6
9850,Instagram,60+,Female,USA,Tablet,WiFi,Premium,Image,1.5,35,302,129,42,78857,790,High,5.9
9851,TikTok,60+,Other,UK,Mobile,Mobile Data,Free,Text,0.6,26,492,182,32,2440,1212,Medium,7.3
9852,Instagram,13-18,Female,Australia,Mobile,WiFi,Free,Text,4.1,13,625,197,49,3405,302,Low,3.0
9853,Pinterest,26-35,Male,Germany,Desktop,WiFi,Free,Video,1.8,12,33,118,102,90629,2979,Medium,3.5
9854,Pinterest,19-25,Other,UK,Mobile,Mobile Data,Premium,Mixed,2.7,18,556,32,4,81961,756,Low,2.4
9855,Instagram,46-60,Male,Canada,Desktop,WiFi,Premium,Mixed,4.3,35,204,131,98,86064,1747,Low,6.1
9856,LinkedIn,36-45,Male,Brazil,Mobile,Mobile Data,Premium,Video,2.3,31,88,158,70,36921,115,Low,3.1
9857,YouTube,26-35,Male,UAE,Mobile,Mobile Data,Free,Text,2.0,26,721,13,143,75089,322,Low,2.4
9858,LinkedIn,19-25,Male,Brazil,Desktop,Mobile Data,Premium,Mixed,4.2,25,537,156,103,23776,1444,Low,5.9
9859,Facebook,13-18,Male,UAE,Desktop,Mobile Data,Premium,Image,3.5,11,80,114,51,41732,1932,Medium,4.5
9860,LinkedIn,19-25,Other,Germany,Tablet,WiFi,Free,Image,1.4,8,504,78,111,97370,769,Low,8.4
9861,Snapchat,46-60,Other,Brazil,Mobile,Mobile Data,Premium,Text,2.3,29,386,64,10,96660,1699,High,5.5
9862,Facebook,36-45,Male,Australia,Mobile,WiFi,Free,Text,0.9,36,644,78,145,49334,4349,Low,2.0
9863,TikTok,26-35,Other,India,Desktop,WiFi,Premium,Image,5.9,30,4,117,60,48670,1240,Low,1.0
9864,Facebook,19-25,Other,Singapore,Desktop,WiFi,Premium,Image,3.3,38,602,20,62,27623,2966,Low,9.5
9865,Facebook,46-60,Other,USA,Tablet,WiFi,Premium,Video,3.3,29,261,69,139,53633,4305,Medium,3.1
9866,Pinterest,36-45,Female,Singapore,Desktop,WiFi,Premium,Image,3.5,33,413,8,56,23903,3719,High,6.8
9867,LinkedIn,36-45,Male,Germany,Desktop,WiFi,Free,Video,2.0,12,50,169,142,38345,4004,High,5.4
9868,Reddit,13-18,Male,UAE,Tablet,WiFi,Free,Mixed,2.9,36,509,188,126,51911,2883,Low,2.1
9869,LinkedIn,36-45,Other,India,Tablet,Mobile Data,Premium,Text,4.6,0,309,113,12,34056,440,Low,9.0
9870,TikTok,60+,Other,Japan,Desktop,WiFi,Premium,Image,2.6,36,762,32,42,20315,4293,Low,9.2
9871,Reddit,19-25,Male,UK,Desktop,Mobile Data,Premium,Mixed,5.8,10,266,145,37,73229,4993,High,9.0
9872,Instagram,36-45,Female,USA,Mobile,Mobile Data,Premium,Mixed,3.2,30,59,184,122,93343,4341,Low,2.4
9873,Pinterest,46-60,Other,Canada,Mobile,Mobile Data,Free,Mixed,3.0,31,660,199,101,970,2914,High,2.1
9874,Snapchat,19-25,Female,USA,Mobile,Mobile Data,Premium,Mixed,2.9,22,121,188,119,61310,1007,High,2.0
9875,Pinterest,36-45,Male,Canada,Mobile,Mobile Data,Free,Video,5.7,12,746,72,133,85331,3077,Low,6.2
9876,Instagram,13-18,Other,Japan,Tablet,Mobile Data,Premium,Mixed,5.2,40,655,100,0,88803,797,High,4.9
9877,LinkedIn,19-25,Female,USA,Desktop,WiFi,Free,Image,2.8,26,407,128,12,70815,2164,High,2.4
9878,TikTok,26-35,Female,Brazil,Tablet,Mobile Data,Free,Text,2.9,11,777,173,100,34484,4148,Medium,0.8
9879,TikTok,13-18,Male,Japan,Desktop,Mobile Data,Free,Video,3.2,12,110,22,51,19784,925,Medium,9.8
9880,Pinterest,13-18,Male,Germany,Mobile,Mobile Data,Free,Mixed,3.7,23,304,168,118,7254,1198,Low,1.7
9881,Instagram,46-60,Other,Canada,Desktop,Mobile Data,Free,Video,1.9,4,490,177,71,45356,1696,High,8.9
9882,Pinterest,19-25,Female,India,Desktop,WiFi,Premium,Text,1.8,19,279,103,142,41375,4628,Low,8.0
9883,Twitter,13-18,Other,Canada,Mobile,WiFi,Premium,Mixed,4.0,1,429,149,67,350,1110,Low,2.4
9884,LinkedIn,46-60,Male,Brazil,Desktop,WiFi,Free,Text,0.3,14,689,119,113,77038,3865,High,5.5
9885,YouTube,13-18,Female,UK,Mobile,Mobile Data,Free,Video,1.5,23,739,28,130,76819,661,High,7.6
9886,Instagram,60+,Male,Australia,Mobile,WiFi,Free,Image,0.8,19,391,20,102,56906,2641,Medium,4.9
9887,Twitter,60+,Male,UAE,Mobile,Mobile Data,Free,Image,3.1,15,398,42,53,84501,1188,High,5.9
9888,LinkedIn,19-25,Female,Canada,Mobile,Mobile Data,Free,Video,3.1,28,278,162,48,65278,1182,High,3.4
9889,YouTube,36-45,Female,UAE,Tablet,Mobile Data,Free,Mixed,1.0,11,649,64,8,17619,1029,High,3.1
9890,Snapchat,26-35,Female,Japan,Desktop,WiFi,Premium,Video,4.5,20,196,193,54,75971,3832,High,1.5
9891,Instagram,13-18,Female,USA,Tablet,Mobile Data,Free,Text,3.4,27,475,153,116,66959,4047,Medium,9.4
9892,Twitter,36-45,Other,Germany,Desktop,WiFi,Premium,Video,0.5,39,329,92,0,80064,2014,Medium,4.1
9893,Twitter,13-18,Male,Singapore,Tablet,WiFi,Premium,Mixed,0.9,29,444,16,147,65941,2739,Low,3.0
9894,LinkedIn,36-45,Other,UK,Mobile,Mobile Data,Free,Image,2.4,18,337,177,101,57860,2825,Medium,1.4
9895,Facebook,36-45,Other,UK,Mobile,WiFi,Premium,Text,2.2,9,703,65,87,33575,1974,Medium,2.5
9896,Snapchat,46-60,Male,UAE,Tablet,WiFi,Free,Video,2.1,23,64,192,108,97512,1718,Medium,3.7
9897,TikTok,26-35,Other,UK,Desktop,WiFi,Premium,Mixed,2.9,35,222,146,132,77520,1399,Medium,3.6
9898,TikTok,60+,Other,Canada,Desktop,Mobile Data,Free,Text,6.0,12,495,161,9,71747,3472,High,2.5
9899,Pinterest,36-45,Female,Australia,Mobile,Mobile Data,Free,Image,4.2,0,574,33,5,74368,3334,Medium,7.8
9900,Snapchat,60+,Male,India,Mobile,Mobile Data,Premium,Text,3.2,17,164,5,82,7036,1559,Medium,4.6
9901,Pinterest,46-60,Other,Japan,Desktop,Mobile Data,Free,Image,1.3,5,696,2,107,60560,1360,High,8.1
9902,Facebook,60+,Other,Japan,Mobile,WiFi,Premium,Text,0.5,14,55,92,7,90758,1429,Low,4.9
9903,YouTube,19-25,Other,Germany,Desktop,WiFi,Premium,Image,1.1,34,600,13,24,80702,979,Low,8.9
9904,TikTok,19-25,Other,India,Tablet,Mobile Data,Premium,Mixed,2.5,0,749,48,138,25950,1441,Medium,9.8
9905,Reddit,13-18,Male,UAE,Desktop,Mobile Data,Free,Image,5.4,28,434,73,91,64490,4718,Low,6.8
9906,LinkedIn,46-60,Female,Australia,Desktop,Mobile Data,Premium,Text,5.6,0,120,95,31,17750,3684,Medium,6.0
9907,Reddit,36-45,Male,Brazil,Tablet,WiFi,Free,Text,1.1,6,743,200,1,5709,184,High,3.6
9908,LinkedIn,13-18,Female,Canada,Mobile,Mobile Data,Premium,Text,1.0,0,186,81,141,9237,214,High,3.1
9909,LinkedIn,60+,Other,Singapore,Mobile,WiFi,Premium,Mixed,1.5,7,797,86,146,11828,2249,Low,6.6
9910,Instagram,13-18,Female,UAE,Tablet,WiFi,Premium,Text,0.2,9,32,37,44,23054,2509,High,2.1
9911,Pinterest,60+,Female,Japan,Desktop,Mobile Data,Premium,Mixed,3.0,4,542,53,68,32345,4312,High,1.3
9912,Twitter,36-45,Female,Japan,Desktop,WiFi,Premium,Video,3.1,16,11,138,11,6819,1135,Medium,4.6
9913,LinkedIn,13-18,Other,India,Desktop,Mobile Data,Premium,Text,3.9,1,274,177,145,98742,1759,Medium,4.0
9914,Facebook,46-60,Male,UAE,Mobile,Mobile Data,Free,Image,1.0,27,783,166,76,62725,466,High,1.5
9915,Twitter,60+,Male,Germany,Desktop,Mobile Data,Premium,Video,2.8,11,263,171,44,41109,833,Low,8.8
9916,Snapchat,60+,Male,USA,Mobile,WiFi,Free,Image,0.5,0,682,97,106,53916,2477,Low,6.8
9917,YouTube,36-45,Other,Japan,Desktop,Mobile Data,Free,Image,2.2,29,599,27,48,6294,1305,Medium,1.8
9918,Twitter,36-45,Male,Canada,Mobile,Mobile Data,Free,Video,2.2,26,83,118,4,64418,1370,Medium,5.2
9919,TikTok,36-45,Other,Brazil,Mobile,WiFi,Free,Image,3.1,18,764,109,37,17063,1695,Low,7.5
9920,YouTube,26-35,Male,India,Desktop,Mobile Data,Premium,Image,3.0,27,420,33,28,70922,2617,High,8.6
9921,Twitter,13-18,Male,Brazil,Desktop,WiFi,Free,Mixed,1.3,28,707,118,44,44042,4439,High,1.7
9922,Snapchat,60+,Other,UAE,Mobile,WiFi,Free,Video,2.0,7,297,178,70,54853,4455,Medium,9.9
9923,Reddit,36-45,Female,Germany,Mobile,Mobile Data,Free,Image,5.1,36,671,41,39,52514,1295,Medium,7.1
9924,Instagram,60+,Other,Brazil,Tablet,Mobile Data,Premium,Video,0.4,36,58,177,112,16975,2573,Medium,0.9
9925,Snapchat,46-60,Female,Canada,Mobile,Mobile Data,Premium,Image,2.3,3,422,132,80,26713,2471,High,2.8
9926,YouTube,46-60,Male,USA,Desktop,WiFi,Premium,Video,2.8,38,422,157,13,66269,3444,Low,1.8
9927,Instagram,13-18,Other,Canada,Mobile,WiFi,Premium,Image,1.9,27,327,163,64,87664,3747,High,4.8
9928,Instagram,13-18,Female,Singapore,Tablet,Mobile Data,Free,Mixed,1.0,3,12,165,90,1953,1400,Medium,9.0
9929,Twitter,13-18,Female,USA,Desktop,Mobile Data,Premium,Mixed,4.9,15,207,156,85,10447,1981,Medium,1.3
9930,Twitter,60+,Female,Brazil,Tablet,WiFi,Free,Image,3.4,22,628,143,39,97264,856,High,9.8
9931,Twitter,26-35,Male,Germany,Tablet,WiFi,Free,Image,0.9,26,515,98,126,71622,528,Medium,3.3
9932,Twitter,60+,Female,Japan,Desktop,WiFi,Free,Text,0.9,21,447,79,134,9924,4248,Medium,6.4
9933,LinkedIn,46-60,Female,Japan,Tablet,WiFi,Premium,Image,2.8,39,262,1,141,39714,4099,Medium,6.8
9934,Pinterest,46-60,Female,Singapore,Mobile,Mobile Data,Free,Image,4.7,10,301,114,24,28896,1624,Low,4.4
9935,Pinterest,46-60,Female,Japan,Mobile,Mobile Data,Premium,Mixed,3.8,15,502,127,119,40025,879,High,4.8
9936,TikTok,36-45,Male,Canada,Mobile,WiFi,Free,Image,0.6,25,172,83,113,57143,4717,Medium,2.8
9937,Instagram,26-35,Other,USA,Mobile,Mobile Data,Premium,Image,0.6,19,62,74,89,1889,684,High,9.6
9938,Pinterest,36-45,Male,India,Tablet,Mobile Data,Free,Image,3.3,2,501,57,99,49115,843,Low,8.5
9939,TikTok,19-25,Female,Canada,Mobile,WiFi,Free,Image,5.4,35,627,6,62,63191,3304,High,2.7
9940,Reddit,60+,Other,UAE,Mobile,Mobile Data,Free,Mixed,4.8,25,153,186,118,14197,1636,High,5.9
9941,TikTok,36-45,Other,UAE,Mobile,Mobile Data,Free,Video,1.5,12,349,167,108,16401,3647,High,3.9
9942,LinkedIn,46-60,Female,Japan,Mobile,WiFi,Premium,Mixed,4.4,4,369,151,42,31369,3141,Low,8.7
9943,Twitter,26-35,Female,Australia,Tablet,WiFi,Premium,Video,1.7,27,562,52,91,4647,2763,High,7.2
9944,TikTok,36-45,Other,Brazil,Desktop,Mobile Data,Premium,Text,5.1,30,327,184,11,45382,3260,High,8.8
9945,YouTube,46-60,Female,Germany,Mobile,Mobile Data,Free,Video,1.4,18,794,73,15,57459,2751,Medium,5.5
9946,YouTube,36-45,Male,Brazil,Tablet,Mobile Data,Free,Video,1.7,16,756,1,136,22725,860,High,8.7
9947,YouTube,46-60,Other,UK,Mobile,Mobile Data,Free,Image,1.1,18,99,137,100,73757,457,Medium,8.2
9948,Facebook,26-35,Female,UAE,Tablet,WiFi,Free,Video,0.8,17,456,199,56,63805,4179,Medium,3.5
9949,LinkedIn,60+,Male,UAE,Mobile,Mobile Data,Free,Mixed,3.9,35,440,79,3,28954,1818,Low,4.7
9950,Reddit,36-45,Other,UAE,Mobile,WiFi,Free,Mixed,5.3,15,475,83,66,49820,3668,Medium,3.0
9951,Instagram,46-60,Male,Australia,Tablet,WiFi,Premium,Image,4.4,2,299,124,1,70726,1599,Medium,8.5
9952,YouTube,26-35,Other,Canada,Mobile,Mobile Data,Free,Image,3.6,17,61,198,55,94925,4817,Low,4.1
9953,Twitter,19-25,Male,Brazil,Desktop,Mobile Data,Free,Image,5.0,24,424,159,78,58998,1958,High,1.5
9954,LinkedIn,19-25,Female,Australia,Desktop,Mobile Data,Free,Image,0.9,15,349,51,133,45648,2801,High,3.3
9955,Pinterest,60+,Female,Germany,Desktop,WiFi,Premium,Text,5.6,34,607,28,5,14370,1478,High,3.2
9956,YouTube,13-18,Male,India,Desktop,Mobile Data,Premium,Image,5.4,31,311,45,119,80395,3614,High,3.2
9957,Snapchat,60+,Female,Singapore,Tablet,WiFi,Premium,Video,0.8,22,151,123,79,55096,2477,Medium,5.1
9958,Instagram,46-60,Other,USA,Mobile,Mobile Data,Premium,Text,3.9,33,795,62,48,47240,1561,Medium,4.8
9959,Twitter,36-45,Male,Singapore,Desktop,WiFi,Premium,Video,3.1,0,18,59,96,69961,4756,High,5.0
9960,Twitter,46-60,Male,Germany,Desktop,Mobile Data,Premium,Mixed,0.5,18,17,161,137,34954,2354,High,9.1
9961,Snapchat,60+,Other,Canada,Mobile,Mobile Data,Premium,Mixed,0.5,7,800,169,13,87610,2725,Medium,5.7
9962,LinkedIn,19-25,Female,Germany,Tablet,Mobile Data,Free,Image,3.6,29,5,66,100,84718,3701,High,7.3
9963,YouTube,13-18,Other,UK,Tablet,WiFi,Free,Image,0.7,0,337,124,110,8419,2535,Low,2.4
9964,Snapchat,13-18,Female,Australia,Mobile,WiFi,Free,Text,0.6,36,381,31,123,63773,3413,High,6.2
9965,YouTube,36-45,Male,Canada,Desktop,Mobile Data,Premium,Image,6.0,37,56,105,10,19072,731,High,2.3
9966,Snapchat,13-18,Female,Brazil,Desktop,WiFi,Free,Text,4.5,20,739,163,89,64931,658,Medium,1.3
9967,Reddit,60+,Other,Australia,Mobile,WiFi,Premium,Mixed,2.8,13,347,150,102,81024,3904,High,4.1
9968,Reddit,26-35,Other,Australia,Tablet,WiFi,Free,Video,4.6,6,330,32,141,96869,80,High,6.5
9969,Instagram,19-25,Male,USA,Mobile,Mobile Data,Free,Text,1.1,29,774,128,98,88507,4779,High,9.6
9970,Twitter,36-45,Other,Australia,Desktop,Mobile Data,Premium,Mixed,3.1,31,695,159,137,54986,2517,High,2.9
9971,Instagram,19-25,Male,USA,Desktop,WiFi,Free,Mixed,4.0,22,187,175,141,48092,2919,Medium,8.0
9972,Reddit,13-18,Other,UAE,Tablet,WiFi,Free,Image,3.9,1,78,54,149,30181,297,High,0.7
9973,LinkedIn,26-35,Male,Australia,Desktop,Mobile Data,Free,Mixed,5.4,0,794,183,139,7177,3222,Low,1.0
9974,Instagram,36-45,Other,UAE,Desktop,Mobile Data,Free,Text,2.6,0,259,43,141,81449,4988,High,3.7
9975,Pinterest,19-25,Female,UK,Mobile,Mobile Data,Premium,Text,1.0,12,274,169,115,20057,1319,Low,7.7
9976,Facebook,36-45,Other,Brazil,Desktop,WiFi,Free,Text,4.2,2,799,130,103,30881,1737,Low,7.4
9977,Facebook,36-45,Other,Germany,Tablet,Mobile Data,Premium,Mixed,1.1,23,91,46,81,61348,4319,Medium,9.6
9978,Snapchat,36-45,Male,Singapore,Desktop,WiFi,Premium,Text,0.3,23,96,189,81,76499,4592,Low,8.8
9979,Instagram,36-45,Female,Singapore,Tablet,Mobile Data,Free,Video,2.7,0,270,46,83,39066,3708,Low,2.7
9980,Facebook,36-45,Female,Germany,Mobile,WiFi,Free,Video,2.5,36,703,38,1,60609,418,Medium,8.7
9981,Snapchat,46-60,Other,UK,Desktop,Mobile Data,Free,Text,1.1,7,357,25,120,85614,3036,High,0.7
9982,Pinterest,13-18,Male,Australia,Mobile,Mobile Data,Free,Text,0.4,0,411,200,50,65232,1195,Medium,6.0
9983,Facebook,13-18,Other,Japan,Desktop,Mobile Data,Premium,Text,4.9,40,385,62,142,34483,530,High,5.6
9984,Facebook,36-45,Male,India,Desktop,Mobile Data,Free,Mixed,0.4,11,699,111,23,44436,2950,Medium,7.0
9985,Facebook,19-25,Female,Germany,Desktop,Mobile Data,Premium,Mixed,2.4,36,226,67,115,66547,1787,Medium,1.0
9986,YouTube,46-60,Male,USA,Desktop,WiFi,Free,Image,5.3,24,26,18,98,68959,938,Medium,8.3
9987,Facebook,46-60,Female,Germany,Tablet,WiFi,Premium,Image,0.5,20,127,72,67,34420,4214,High,8.6
9988,Pinterest,19-25,Male,Singapore,Mobile,Mobile Data,Premium,Video,2.8,35,563,67,143,34157,2082,Low,9.2
9989,TikTok,46-60,Male,India,Tablet,WiFi,Premium,Video,4.5,23,307,199,81,53589,3269,Medium,1.0
9990,Pinterest,13-18,Female,Singapore,Mobile,WiFi,Free,Mixed,0.3,28,538,61,146,98433,4442,Low,4.6
9991,Reddit,26-35,Male,UK,Tablet,Mobile Data,Free,Text,1.0,7,383,182,125,89589,301,High,7.9
9992,Twitter,26-35,Male,UAE,Mobile,Mobile Data,Free,Mixed,2.2,33,659,1,55,41596,4077,Medium,4.3
9993,Pinterest,60+,Other,Singapore,Tablet,Mobile Data,Free,Video,1.8,24,518,78,39,98696,2671,Low,8.3
9994,Pinterest,26-35,Other,UK,Tablet,WiFi,Free,Video,4.8,8,394,189,89,92941,4561,Low,2.6
9995,Reddit,46-60,Other,Brazil,Tablet,Mobile Data,Premium,Image,2.0,25,381,27,149,7453,3479,Medium,2.4
9996,Reddit,46-60,Other,India,Desktop,Mobile Data,Premium,Mixed,3.7,26,534,46,113,90102,4566,Medium,5.3
9997,Pinterest,26-35,Male,UK,Mobile,WiFi,Premium,Text,1.3,25,756,15,8,26092,59,High,5.4
9998,Pinterest,13-18,Female,Canada,Tablet,WiFi,Premium,Image,5.8,32,749,167,23,72196,1000,High,3.7
9999,Instagram,36-45,Other,Brazil,Mobile,WiFi,Free,Mixed,1.5,15,248,137,47,92631,2695,High,8.3
10000,Pinterest,46-60,Female,Singapore,Desktop,WiFi,Free,Mixed,2.7,3,144,147,132,44259,363,Low,4.5
